line_type,anlys_id,glac_id,anlys_time,area,db_area,width,length,primeclass,min_elev,mean_elev,max_elev,src_date,rec_status,glac_name,wgms_id,local_id,glac_stat,gone_date,gone_dt_e,subm_id,release_dt,proc_desc,rc_id,geog_area,chief_affl,conn_lvl,surge_type,term_type,gtng_o1reg,gtng_o2reg,rgi_gl_typ,parent_id,submitters,analysts,_year,_ref_name,_glims_id_input
glac_bound,332538,G008398E46623N,2010-06-01T00:00:00,15.825,15.8366,0.0,0.0,0,2223,2954,3573,2003-08-06T00:00:00,okay,Rhonegletscher,None,B43/12n,exists,None,0,593,2016-02-01T09:00:00,"All glaciers are classified in the main processing stage with a thresholded ratio image and an additional threshold to provide the classification in shadow regions (e.g. Paul and Kaeaeb, 2005); All glaciers are classified in the main processing stage wit",30,European Alps,University of Zurich-Irchel,0,0,9,11,1,None,G008398E46623N,"Paul, Frank","Paul, Frank",2003,Rhonegletscher,G008398E46623N
glac_bound,337593,G008398E46623N,1992-06-01T00:00:00,20000800.0,19.9998,0.0,0.0,0,0,0,0,1850-09-01T00:00:00,okay,Rhonegletscher,None,B43/12n,exists,None,0,595,2016-02-01T09:00:00,"Field and aerial photo reconstruction + Siegfried map, transfer to topographic map (1:25000). Manual digitization from transparent paper with topo map in bakcground, using ArcInfo and ArcGIS, Swiss coordinate system; Field and aerial photo reconstruction",30,European Alps,University of Zurich-Irchel,0,0,9,11,1,None,G008398E46623N,"Paul, Frank","Maisch, Max",1850,Rhonegletscher,G008398E46623N
glac_bound,340031,G008398E46623N,2008-01-01T00:00:00,15.3086,14.62,0.0,0.0,0,2208,0,3601,2008-09-30T00:00:00,okay,Rhonegletscher,None,B43/12n,exists,None,0,596,2016-02-01T09:00:00,Glacier outlines were digitized manually in ArcGIS based on SWISSIMAGE Level 2. Glacier polygons were coded and named according the outlines of 1973.; Glacier outlines were digitized manually in ArcGIS based on SWISSIMAGE Level 2 (swisstopo) imagery.,571,Swiss Alps,University of Fribourg,0,0,9,11,1,None,G008398E46623N,"Fischer, Mauro","Fischer, Mauro",2008,Rhonegletscher,G008398E46623N
glac_bound,342923,G008398E46623N,1995-06-01T00:00:00,0.002048,17.4353,0.0,0.0,0,0,0,0,1973-09-01T00:00:00,okay,Rhonegletscher,None,B43/12n,exists,None,0,599,2016-02-01T09:00:00,Southwest Switzerland: outlines were directly transferred from aerial photography to 1:25000 topo maps.; The outlines were directly transferred and digitized from aerial photography to 1:25000 topo maps. In September 1973 favorable conditions for glacier,30,European Alps,University of Zurich-Irchel,0,0,9,11,1,None,G008398E46623N,"Maisch, Max","Benz, Christof; Wipf, Andreas",1973,Rhonegletscher,G008398E46623N
glac_bound,86014,G008398E46623N,2009-04-04T00:00:00,16.0966,16.0959,0.0,0.0,0,0,0,0,1998-08-31T00:00:00,okay,Rhonegletscher,None,B43/12n,exists,None,0,533,2009-04-30T19:18:21,"TM4/TM5 ratio; Glaciers were automatically mapped from TM raw data using two thresholds: TM3/TM5 > 2.1 and TM1 > 53. The glacier map was smoothed with a 3 by 3 median filter. After raster-vector conversion gross errors were manually removed (water, lakes",30,European Alps,University of Zurich-Irchel,0,0,9,11,1,None,G008398E46623N,"Paul, Frank","Paul, Frank",1998,Rhonegletscher,G008398E46623N
glac_bound,754359,G008398E46623N,2021-09-01T00:00:00,15.8848,15.8966,0.0,0.0,0,2211,2951,3606,2003-08-13T00:00:00,okay,Rhonegletscher,None,B43/12n,exists,None,0,731,2021-10-09T09:00:00,Semi-automated glacier classification; The outlines are derived from 11 Landsat scenes acquired in 2003.,30,European Alps,University of Zurich-Irchel,0,0,9,11,1,None,G008398E46623N,"Paul, Frank","Frey, Holger; Le Bris, Raymond; Paul, Frank; Rastner, Philipp",2003,Rhonegletscher,G008398E46623N
glac_bound,1030475,G008398E46623N,2022-10-15T00:00:00,0.0,16.4627,0.0,0.0,0,0,0,0,1999-09-12T00:00:00,okay,Rhonegletscher,None,B43/12n,exists,None,0,818,2022-11-28T09:00:00,Semi-automated glacier classification.; Semi-automatic mapping from Landsat satellite images.,585,European Alps,Friedrich-Alexander University (FAU),0,0,9,11,1,None,G008398E46623N,"Bajracharya, Samjwal","Braun, Matthias H.; Lippl, Stefan; Malz, Philipp; Seehaus, Thorsten C.; Sommer, Christian; Zemp, Michael",1999,Rhonegletscher,G008398E46623N
glac_bound,1079776,G008398E46623N,2013-05-28T00:00:00,15.31,0.687774,0.0,10055.0,0,2208,2949,3601,2009-09-15T00:00:00,okay,Rhonegletscher,None,B43/12n,exists,None,0,579,2013-06-03T11:00:00,"SwissImage L2 aerial orthophotos, manual digitization; Glacier outlines were digitized manually from high-resolution aerial photography (swissimage level 2; 50cm resolution) acquired in september 2008 (34 glaciers); 2009(354 glaciers); 2010 (708 glaciers",571,Swiss Alps,University of Fribourg,0,0,9,11,1,None,G008398E46623N,"Fischer, Mauro","Fischer, Mauro",2009,Rhonegletscher,G008398E46623N
glac_bound,1079777,G008398E46623N,2013-05-28T00:00:00,15.31,14.6203,0.0,10055.0,0,2208,2949,3601,2009-09-15T00:00:00,okay,Rhonegletscher,None,B43/12n,exists,None,0,579,2013-06-03T11:00:00,"SwissImage L2 aerial orthophotos, manual digitization; Glacier outlines were digitized manually from high-resolution aerial photography (swissimage level 2; 50cm resolution) acquired in september 2008 (34 glaciers); 2009(354 glaciers); 2010 (708 glaciers",571,Swiss Alps,University of Fribourg,0,0,9,11,1,None,G008398E46623N,"Fischer, Mauro","Fischer, Mauro",2009,Rhonegletscher,G008398E46623N
glac_bound,1096617,G008398E46623N,2019-04-15T00:00:00,14.1272,0.037289,0.0,0.0,0,2257,2969,3610,2015-08-29T00:00:00,okay,Rhonegletscher,None,B43/12n,exists,None,0,710,2019-04-15T09:00:00,Semi-automated glacier classification; The outlines are derived from 8 Sentinel 2 MSI tiles acquired in Aug. 2015.  Topographic information was derived semi-automatically from the 30 m ALOS AW3D30 DEM.,561,Various (GlobGlacier),University of Zurich-Irchel,0,0,9,11,1,None,G008398E46623N,"Paul, Frank","Azzoni, R.S.; Fugazza, D.; Le Bris, Raymond; Nemec, J.; Paul, Frank; Rabatel, Antoine; Ramusovic, M.; Rastner, Philipp; Schaub, Yvonne; Schwaizer (nee Bippus), Gabriele",2015,Rhonegletscher,G008398E46623N
glac_bound,1096618,G008398E46623N,2019-04-15T00:00:00,14.1272,14.1378,0.0,0.0,0,2257,2969,3610,2015-08-29T00:00:00,okay,Rhonegletscher,None,B43/12n,exists,None,0,710,2019-04-15T09:00:00,Semi-automated glacier classification; The outlines are derived from 8 Sentinel 2 MSI tiles acquired in Aug. 2015.  Topographic information was derived semi-automatically from the 30 m ALOS AW3D30 DEM.,561,Various (GlobGlacier),University of Zurich-Irchel,0,0,9,11,1,None,G008398E46623N,"Paul, Frank","Azzoni, R.S.; Fugazza, D.; Le Bris, Raymond; Nemec, J.; Paul, Frank; Rabatel, Antoine; Ramusovic, M.; Rastner, Philipp; Schaub, Yvonne; Schwaizer (nee Bippus), Gabriele",2015,Rhonegletscher,G008398E46623N
glac_bound,1100358,G008398E46623N,2022-10-15T00:00:00,0.0,0.491333,0.0,0.0,0,0,0,0,2011-09-13T00:00:00,okay,Rhonegletscher,None,B43/12n,exists,None,0,819,2022-11-28T09:00:00,Semi-automated glacier classification.; Semi-automatic mapping from Landsat satellite images.,585,European Alps,Friedrich-Alexander University (FAU),0,0,9,11,1,None,G008398E46623N,"Bajracharya, Samjwal","Braun, Matthias H.; Lippl, Stefan; Malz, Philipp; Seehaus, Thorsten C.; Sommer, Christian; Zemp, Michael",2011,Rhonegletscher,G008398E46623N
glac_bound,1100356,G008398E46623N,2022-10-15T00:00:00,0.0,14.1085,0.0,0.0,0,0,0,0,2011-09-13T00:00:00,okay,Rhonegletscher,None,B43/12n,exists,None,0,819,2022-11-28T09:00:00,Semi-automated glacier classification.; Semi-automatic mapping from Landsat satellite images.,585,European Alps,Friedrich-Alexander University (FAU),0,0,9,11,1,None,G008398E46623N,"Bajracharya, Samjwal","Braun, Matthias H.; Lippl, Stefan; Malz, Philipp; Seehaus, Thorsten C.; Sommer, Christian; Zemp, Michael",2011,Rhonegletscher,G008398E46623N
glac_bound,1100357,G008398E46623N,2022-10-15T00:00:00,0.0,0.065677,0.0,0.0,0,0,0,0,2011-09-13T00:00:00,okay,Rhonegletscher,None,B43/12n,exists,None,0,819,2022-11-28T09:00:00,Semi-automated glacier classification.; Semi-automatic mapping from Landsat satellite images.,585,European Alps,Friedrich-Alexander University (FAU),0,0,9,11,1,None,G008398E46623N,"Bajracharya, Samjwal","Braun, Matthias H.; Lippl, Stefan; Malz, Philipp; Seehaus, Thorsten C.; Sommer, Christian; Zemp, Michael",2011,Rhonegletscher,G008398E46623N
glac_bound,1101073,G008398E46623N,2022-10-15T00:00:00,0.0,0.680094,0.0,0.0,0,0,0,0,2013-08-01T00:00:00,okay,Rhonegletscher,None,B43/12n,exists,None,0,820,2022-11-28T09:00:00,Semi-automated glacier classification.; Semi-automatic mapping from Landsat satellite images.,585,European Alps,Friedrich-Alexander University (FAU),0,0,9,11,1,None,G008398E46623N,"Bajracharya, Samjwal","Braun, Matthias H.; Lippl, Stefan; Malz, Philipp; Seehaus, Thorsten C.; Sommer, Christian; Zemp, Michael",2013,Rhonegletscher,G008398E46623N
glac_bound,1101074,G008398E46623N,2022-10-15T00:00:00,0.0,14.5215,0.0,0.0,0,0,0,0,2013-08-01T00:00:00,okay,Rhonegletscher,None,B43/12n,exists,None,0,820,2022-11-28T09:00:00,Semi-automated glacier classification.; Semi-automatic mapping from Landsat satellite images.,585,European Alps,Friedrich-Alexander University (FAU),0,0,9,11,1,None,G008398E46623N,"Bajracharya, Samjwal","Braun, Matthias H.; Lippl, Stefan; Malz, Philipp; Seehaus, Thorsten C.; Sommer, Christian; Zemp, Michael",2013,Rhonegletscher,G008398E46623N
glac_bound,1122243,G008398E46623N,2022-06-02T00:00:00,0.0,18.1087,0.0,0.0,0,0,0,0,1928-09-20T00:00:00,okay,Rhonegletscher,None,B43/12n,exists,None,0,868,2022-06-02T09:00:00,Digitization from LK50 maps; see https://tc.copernicus.org/articles/16/3249/2022/,593,swiss alps,GLAMOS (Glacier Monitoring Switzerland),0,0,0,11,1,None,G008398E46623N,"Hodel, Elias","Hodel, Elias; Mannerfelt, Erik Schytt",1928,Rhonegletscher,G008398E46623N
glac_bound,1124513,G008398E46623N,2022-06-02T00:00:00,0.0,14.6372,0.0,0.0,0,0,0,0,2016-09-01T00:00:00,okay,Rhonegletscher,None,B43/12n,exists,None,0,869,2022-06-02T09:00:00,Digitizaiton of glaciers in aerial imagery;,593,swiss alps,GLAMOS (Glacier Monitoring Switzerland),0,0,0,11,1,None,G008398E46623N,"Hodel, Elias","Bauder, Andreas; Hodel, Elias; Huss, Matthias; Linsbauer, Andreas",2016,Rhonegletscher,G008398E46623N
glac_bound,401875,G214576E63274N,2015-07-16T00:00:00,17.567,17.5667,0.0,0.0,0,1162,0,2438,2009-08-04T00:00:00,okay,Gulkana Glacier,None,50009322,exists,None,0,624,2015-07-16T00:00:00,Semi-automated glacier classification.; From Randolph Glacier Inventory Version 5.0. Source file: 01_rgi50_Alaska.zip.  See http://www.glims.org/RGI/.  GLIMS IDs were adjusted and metadata was added at NSIDC.,761,Randolph Glacier Inventory; Umbrella RC for merging the RGI into GLIMS,University of Colorado,0,2,9,1,2,91,None,"Cogley, Graham","Beedle, Matthew; Berthier, Etienne; Bolch, Tobias; Burgess, Evan; Cogley, Graham; Forster, Richard; Giffen, Bruce A.; Hall, Dorothy K.; Kienholz, Christian; LeBris, Raymond; Manley, William",2009,GULKANA,G214576E63274N
glac_bound,1092780,G214576E63274N,2009-06-01T00:00:00,19.45,0.166666,0.0,0.0,0,1141,1786,2431,1954-01-01T00:00:00,okay,Gulkana Glacier,None,50009322,exists,None,0,539,2009-06-05T22:01:03,"; The glacier outlines are for about 1955 (Alaska Range, taken from USGS topographic maps. The glacier outlines were initially created from USGS 1:63,360-scale Digital Line Graph (DLG) files.  Because these ""glacier and permanent snowfield"" outlines ofte",4,Alaska,University of Washington,0,0,9,1,2,None,None,"Racoviteanu, Adina","Manley, William",1954,GULKANA,G214576E63274N
glac_bound,1092781,G214576E63274N,2009-06-01T00:00:00,19.45,19.4301,0.0,0.0,0,1141,1786,2431,1954-01-01T00:00:00,okay,Gulkana Glacier,None,50009322,exists,None,0,539,2009-06-05T22:01:03,"; The glacier outlines are for about 1955 (Alaska Range, taken from USGS topographic maps. The glacier outlines were initially created from USGS 1:63,360-scale Digital Line Graph (DLG) files.  Because these ""glacier and permanent snowfield"" outlines ofte",4,Alaska,University of Washington,0,0,9,1,2,None,None,"Racoviteanu, Adina","Manley, William",1954,GULKANA,G214576E63274N
glac_bound,398633,G211100E60420N,2015-07-16T00:00:00,16.749,16.7487,0.0,0.0,0,426,0,1636,2006-09-12T00:00:00,okay,Wolverine Glacier,US2N00500411,None,exists,None,0,624,2015-07-16T00:00:00,Semi-automated glacier classification.; From Randolph Glacier Inventory Version 5.0. Source file: 01_rgi50_Alaska.zip.  See http://www.glims.org/RGI/.  GLIMS IDs were adjusted and metadata was added at NSIDC.,761,Randolph Glacier Inventory; Umbrella RC for merging the RGI into GLIMS,University of Colorado,0,0,9,1,4,91,G211100E60420N,"Cogley, Graham","Beedle, Matthew; Berthier, Etienne; Bolch, Tobias; Burgess, Evan; Cogley, Graham; Forster, Richard; Giffen, Bruce A.; Hall, Dorothy K.; Kienholz, Christian; LeBris, Raymond; Manley, William",2006,WOLVERINE,
glac_bound,367622,G211100E60420N,2010-06-30T00:00:00,17.17,17.1662,0.0,0.0,0,0,0,0,2006-09-12T00:00:00,okay,Wolverine Glacier,US2N00500411,None,exists,None,0,620,2010-12-14T10:35:01,Band ration TM3/TM5 plus threshold on band TM 1 and manual post-processing; All scenes (9 in total) have been classified with a threshold (around 2.0)on a TM3/TM5 ratio image and filtered with a 3 by 3 low pass filter for noise reduction. After raster-ve,561,Various (GlobGlacier),University of Zurich-Irchel,0,0,9,1,4,None,G211100E60420N,"Paul, Frank","Frey, Holger; Le Bris, Raymond; Paul, Frank",2006,WOLVERINE,
glac_bound,5095,G211100E60420N,2006-01-14T04:58:38,0.0,16.7929,0.0,0.0,6,0,0,0,2001-08-15T00:00:00,okay,Wolverine Glacier,US2N00500411,None,exists,None,0,260,2006-01-25T01:41:03,"; Manual digitization from imagery with assistance from personal field knowledge, and topographic maps (National Geographic TOPO software).  Each outlined glaicer encomasses all ice that contributes to a common terminus.",602,Various (NSIDC),University of Colorado,0,0,9,1,4,None,G211100E60420N,"Beedle, Matthew","Beedle, Matthew",2001,WOLVERINE,
glac_bound,702760,G211100E60420N,2019-04-01T00:00:00,17.4566,17.456,0.0,0.0,0,522,1129,1685,1994-06-23T00:00:00,okay,Wolverine Glacier,US2N00500411,None,exists,None,0,704,2019-04-05T09:00:00,Semi-automated glacier classification.; Landsat images were acquired from the ESRI ArcGIS Protm version 2.2.0 GIS    Landsat on Amazon Web Services (AWS) portal.  The images are georeferenced    and orthorectified by USGS allowing for direct integration,577,Prince William Sound,University of Wisconsin-Milwaukee,0,0,9,1,4,None,G211100E60420N,"Maraldo, Dean","Maraldo, Dean",1994,WOLVERINE,
glac_bound,702801,G211100E60420N,2019-04-01T00:00:00,17.1861,17.1853,0.0,0.0,0,539,1134,1685,2006-07-27T00:00:00,okay,Wolverine Glacier,US2N00500411,None,exists,None,0,705,2019-04-05T09:00:00,Semi-automated glacier classification.; Landsat images were acquired from the ESRI ArcGIS Protm version 2.2.0 GIS    Landsat on Amazon Web Services (AWS) portal.  The images are georeferenced    and orthorectified by USGS allowing for direct integration,577,Prince William Sound,University of Wisconsin-Milwaukee,0,0,9,1,4,None,G211100E60420N,"Maraldo, Dean","Maraldo, Dean",2006,WOLVERINE,
glac_bound,702842,G211100E60420N,2019-04-01T00:00:00,16.5633,16.563,0.0,0.0,0,630,1149,1685,2018-07-27T00:00:00,okay,Wolverine Glacier,US2N00500411,None,exists,None,0,706,2019-04-05T09:00:00,Semi-automated glacier classification.; Landsat images were acquired from the ESRI ArcGIS Protm version 2.2.0 GIS    Landsat on Amazon Web Services (AWS) portal.  The images are georeferenced    and orthorectified by USGS allowing for direct integration,577,Prince William Sound,University of Wisconsin-Milwaukee,0,0,9,1,4,None,G211100E60420N,"Maraldo, Dean","Maraldo, Dean",2018,WOLVERINE,
glac_bound,702883,G211100E60420N,2019-04-01T00:00:00,17.719,17.7188,0.0,0.0,0,515,1126,1685,1986-07-28T00:00:00,okay,Wolverine Glacier,US2N00500411,None,exists,None,0,707,2019-04-05T09:00:00,Semi-automated glacier classification.; Landsat images were acquired from the ESRI ArcGIS Protm version 2.2.0 GIS    Landsat on Amazon Web Services (AWS) portal.  The images are georeferenced    and orthorectified by USGS allowing for direct integration,577,Prince William Sound,University of Wisconsin-Milwaukee,0,0,9,1,4,None,G211100E60420N,"Maraldo, Dean","Maraldo, Dean",1986,WOLVERINE,
glac_bound,702718,G211100E60420N,2019-04-01T00:00:00,17.9794,17.9795,0.0,0.0,0,501,1120,1685,1975-07-11T00:00:00,okay,Wolverine Glacier,US2N00500411,None,exists,None,0,703,2019-04-05T09:00:00,Semi-automated glacier classification.; Landsat images were acquired from the ESRI ArcGIS Protm version 2.2.0 GIS    Landsat on Amazon Web Services (AWS) portal.  The images are georeferenced    and orthorectified by USGS allowing for direct integration,577,Prince William Sound,University of Wisconsin-Milwaukee,0,0,9,1,4,None,G211100E60420N,"Maraldo, Dean","Maraldo, Dean",1975,WOLVERINE,
glac_bound,714169,G211100E60420N,2019-04-01T00:00:00,18.2439,18.2417,0.0,0.0,0,464,1113,1686,1952-07-01T00:00:00,okay,Wolverine Glacier,US2N00500411,None,exists,None,0,714,2019-04-05T09:00:00,"Semi-automated glacier classification.; Topographic maps were obtained from the USGS topoView   website, in a georeferenced GeoTIFF format.  Glacier outlines were manually  digitized using ESRI ArcGIS Protm version 2.2.0, GIS polygon tools.  Before  digi",577,Prince William Sound,University of Wisconsin-Milwaukee,0,0,9,1,4,None,G211100E60420N,"Maraldo, Dean","Maraldo, Dean",1952,WOLVERINE,
glac_bound,1006894,G211100E60420N,2022-09-09T00:00:00,0.0,17.3043,0.0,0.0,0,0,0,0,1999-09-20T00:00:00,okay,Wolverine Glacier,US2N00500411,None,exists,None,0,802,2022-11-01T09:00:00,"; Band ratio with threshold applied to Landsat TM5/Landsat7 ETM+, plus manual revision for all image pairs.  A red/short-wave infrared (R/SWIR) band ratio with a threshold of 2?2.5 (TM3/TM5 of Landsat5 TM and Landsat7 ETM+) and an additional threshold on",583,Kenai Peninsula,University of Oslo,0,0,9,1,4,None,G211100E60420N,"Yang, Ruitang","Yang, Ruitang",1999,WOLVERINE,
glac_bound,996472,G211100E60420N,2022-09-09T00:00:00,0.0,16.1388,0.0,0.0,0,0,0,0,2016-08-31T00:00:00,okay,Wolverine Glacier,US2N00500411,None,exists,None,0,799,2022-10-23T09:00:00,"; A red/short-wave infrared (R/SWIR) band ratio with a threshold of 2?2.5 (TM3/TM5 of Landsat7 TM and ETM+, TM4/TM6 of Landsat8 OLI imagery, band 4/11 of Sentinel2) and an additional threshold on the blue band (band 1 of TM/ETM+ and band 2 of OLI and Sen",583,Kenai Peninsula,University of Oslo,0,0,9,1,4,None,G211100E60420N,"Yang, Ruitang","Yang, Ruitang",2016,WOLVERINE,
glac_bound,1005270,G211100E60420N,2022-09-09T00:00:00,0.0,17.5674,0.0,0.0,0,0,0,0,1986-09-14T00:00:00,okay,Wolverine Glacier,US2N00500411,None,exists,None,0,801,2022-10-31T09:00:00,"; Band ratio with threshold applied to Landsat TM5/Landsat5 MSS, plus manual revision for all image pairs\r",583,Kenai Peninsula,University of Oslo,0,0,9,1,4,None,G211100E60420N,"Yang, Ruitang","Yang, Ruitang",1986,WOLVERINE,
glac_bound,1011467,G211100E60420N,2022-12-10T00:00:00,16.749,16.5436,0.0,0.0,0,426,0,1636,2006-09-12T00:00:00,okay,Wolverine Glacier,US2N00500411,None,exists,None,0,809,2022-10-31T09:00:00,"; Band ratio with threshold applied to Landsat TM5/Landsat7 ETM+/ ASTER L1T, plus manual revision for all image pairs.  A red/short-wave infrared (R/SWIR) band ratio with a threshold of 2?2.5 (TM3/TM5 of Landsat5 TM and Landsat7 ETM+, TM2/TM4 of ASTER L1",583,Kenai Peninsula,University of Oslo,0,0,9,1,4,None,G211100E60420N,"Yang, Ruitang","Paul, Frank; Yang, Ruitang",2006,WOLVERINE,
glac_bound,1015936,G211100E60420N,2014-12-01T00:00:00,0.0,16.5713,0.0,0.0,0,426,0,1636,2019-08-08T00:00:00,okay,Wolverine Glacier,US2N00500411,None,exists,None,0,815,2021-10-01T09:00:00,Automated glacier classification of clean ice; merge with debris-cover layer to add debris-covered parts.; Semi-automatic multi-resolution segmentation of Sentinel-2 satellite images and SRTM digital elevation model.,580,Chugach,USDA Forest Service,0,0,9,1,4,None,G211100E60420N,"Ruether, Brett","Ruether, Brett",2019,WOLVERINE,
glac_bound,761926,G238169E48750N,2006-08-01T00:00:00,2.888,2.8879,0.0,0.0,0,1582,0,2967,1974-09-09T00:00:00,okay,Easton Glacier,None,None,exists,None,0,744,2016-02-26T09:00:00,"Digitization from 1:24000 maps (24K) published by the U.S. Geological Survey; USGS maps (Primary Base Series, PBS) and 7.5-minute standard series were digitally scanned and georeferenced.  Re-ingested into GLIMS 2021-12-01, replacing submission 614.",5,Conterminous USA,Portland State University,0,0,9,2,4,None,None,"Fountain, Andrew G.","Fountain, Andrew G.",1974,EASTON,
glac_bound,1013163,G238169E48750N,2023-02-16T00:00:00,3.01518,3.01517,0.0,0.0,6,0,0,0,2015-09-09T00:00:00,okay,Easton Glacier,None,None,exists,None,0,814,2023-05-16T00:00:00,Semi-automated glacier classification.; Semi-automatic mapping from various satellite image sources.,5,Conterminous USA,Portland State University,0,0,9,2,4,None,None,"Fountain, Andrew G.","Fountain, Andrew G.; Glenn, Bryce; McNeil, Christopher",2015,EASTON,
glac_bound,412286,G225667E58407N,2015-07-16T00:00:00,0.553,0.552773,0.0,0.0,0,1074,0,1459,2005-08-11T00:00:00,okay,Lemon Creek Glacier,None,None,exists,None,0,624,2015-07-16T00:00:00,Semi-automated glacier classification.; From Randolph Glacier Inventory Version 5.0. Source file: 01_rgi50_Alaska.zip.  See http://www.glims.org/RGI/.  GLIMS IDs were adjusted and metadata was added at NSIDC.,761,Randolph Glacier Inventory; Umbrella RC for merging the RGI into GLIMS,University of Colorado,0,0,9,1,6,99,None,"Cogley, Graham","Beedle, Matthew; Berthier, Etienne; Bolch, Tobias; Burgess, Evan; Cogley, Graham; Forster, Richard; Giffen, Bruce A.; Hall, Dorothy K.; Kienholz, Christian; LeBris, Raymond; Manley, William",2005,LEMON CREEK,
glac_bound,1454,G225653E58370N,2005-05-05T15:46:00,0.0,9.5184,0.0,0.0,6,0,0,0,2001-08-15T00:00:00,okay,Lemon Creek Glacier,None,None,exists,None,0,66,2005-05-05T16:07:21,"; Manual digitization from imagery with assistance from, personal field knowledge, Juneau Icefield Research Program surveying, and topographic maps (National Geographic TOPO software).",602,Various (NSIDC),University of Colorado,0,0,9,1,6,None,G225653E58370N,"Beedle, Matthew","Beedle, Matthew",2001,LEMON CREEK,
glac_bound,412268,G225653E58370N,2015-07-16T00:00:00,9.528,9.5276,0.0,0.0,0,676,0,1494,2005-08-11T00:00:00,okay,Lemon Creek Glacier,None,None,exists,None,0,624,2015-07-16T00:00:00,Semi-automated glacier classification.; From Randolph Glacier Inventory Version 5.0. Source file: 01_rgi50_Alaska.zip.  See http://www.glims.org/RGI/.  GLIMS IDs were adjusted and metadata was added at NSIDC.,761,Randolph Glacier Inventory; Umbrella RC for merging the RGI into GLIMS,University of Colorado,0,2,9,1,6,91,G225653E58370N,"Cogley, Graham","Beedle, Matthew; Berthier, Etienne; Bolch, Tobias; Burgess, Evan; Cogley, Graham; Forster, Richard; Giffen, Bruce A.; Hall, Dorothy K.; Kienholz, Christian; LeBris, Raymond; Manley, William",2005,LEMON CREEK,
glac_bound,412291,G225670E58400N,2015-07-16T00:00:00,0.945,0.945451,0.0,0.0,0,921,0,1392,2005-08-11T00:00:00,okay,Lemon Creek Glacier,None,None,exists,None,0,624,2015-07-16T00:00:00,Semi-automated glacier classification.; From Randolph Glacier Inventory Version 5.0. Source file: 01_rgi50_Alaska.zip.  See http://www.glims.org/RGI/.  GLIMS IDs were adjusted and metadata was added at NSIDC.,761,Randolph Glacier Inventory; Umbrella RC for merging the RGI into GLIMS,University of Colorado,0,0,9,1,6,99,None,"Cogley, Graham","Beedle, Matthew; Berthier, Etienne; Bolch, Tobias; Burgess, Evan; Cogley, Graham; Forster, Richard; Giffen, Bruce A.; Hall, Dorothy K.; Kienholz, Christian; LeBris, Raymond; Manley, William",2005,LEMON CREEK,
glac_bound,1040119,G225653E58370N,2022-06-01T00:00:00,9.64298,8.01433,0.0,0.0,0,670,1105,1490,2014-08-20T00:00:00,okay,Lemon Creek Glacier,None,None,exists,None,0,822,2023-06-07T09:00:00,Semi-automated glacier classification.; Semi-automatic mapping from satellite images.,581,Juneau area,Newcastle University,0,0,0,1,6,None,G225653E58370N,"Davies, Bethan","Davies, Bethan",2014,LEMON CREEK,
glac_bound,1040146,G225667E58407N,2022-06-01T00:00:00,9.64298,0.544971,0.0,0.0,0,670,1105,1490,2014-08-20T00:00:00,okay,Lemon Creek Glacier,None,None,exists,None,0,822,2023-06-07T09:00:00,Semi-automated glacier classification.; Semi-automatic mapping from satellite images.,581,Juneau area,Newcastle University,0,0,0,1,6,None,None,"Davies, Bethan","Davies, Bethan",2014,LEMON CREEK,
glac_bound,1040148,G225670E58385N,2022-06-01T00:00:00,9.64298,0.106891,0.0,0.0,0,670,1105,1490,2014-08-20T00:00:00,okay,Lemon Creek Glacier,None,None,exists,None,0,822,2023-06-07T09:00:00,Semi-automated glacier classification.; Semi-automatic mapping from satellite images.,581,Juneau area,Newcastle University,0,0,0,1,6,None,G225653E58370N,"Davies, Bethan","Davies, Bethan",2014,LEMON CREEK,
glac_bound,1040153,G225670E58400N,2022-06-01T00:00:00,9.64298,0.984128,0.0,0.0,0,670,1105,1490,2014-08-20T00:00:00,okay,Lemon Creek Glacier,None,None,exists,None,0,822,2023-06-07T09:00:00,Semi-automated glacier classification.; Semi-automatic mapping from satellite images.,581,Juneau area,Newcastle University,0,0,0,1,6,None,None,"Davies, Bethan","Davies, Bethan",2014,LEMON CREEK,
glac_bound,1041328,G225670E58400N,2022-06-01T00:00:00,11.387,1.23504,0.0,0.0,0,1074,0,1459,2005-08-11T00:00:00,okay,Lemon Creek Glacier,None,None,exists,None,0,823,2023-06-07T09:00:00,Semi-automated glacier classification.; Semi-automatic mapping from satellite images.,581,Juneau area,Newcastle University,0,0,0,1,6,None,None,"Davies, Bethan","Davies, Bethan",2005,LEMON CREEK,
glac_bound,1041312,G225653E58370N,2022-06-01T00:00:00,11.387,9.59935,0.0,0.0,0,1074,0,1459,2005-08-11T00:00:00,okay,Lemon Creek Glacier,None,None,exists,None,0,823,2023-06-07T09:00:00,Semi-automated glacier classification.; Semi-automatic mapping from satellite images.,581,Juneau area,Newcastle University,0,0,0,1,6,None,G225653E58370N,"Davies, Bethan","Davies, Bethan",2005,LEMON CREEK,
glac_bound,1041323,G225667E58407N,2022-06-01T00:00:00,11.387,0.552773,0.0,0.0,0,1074,0,1459,2005-08-11T00:00:00,okay,Lemon Creek Glacier,None,None,exists,None,0,823,2023-06-07T09:00:00,Semi-automated glacier classification.; Semi-automatic mapping from satellite images.,581,Juneau area,Newcastle University,0,0,0,1,6,None,None,"Davies, Bethan","Davies, Bethan",2005,LEMON CREEK,
glac_bound,1042447,G225653E58370N,2022-06-01T00:00:00,12.0131,12.0222,0.0,0.0,0,670,1105,1490,1990-09-26T00:00:00,okay,Lemon Creek Glacier,None,None,exists,None,0,824,2023-06-07T09:00:00,Semi-automated glacier classification.; Semi-automatic mapping from satellite images.,581,Juneau area,Newcastle University,0,0,0,1,6,None,G225653E58370N,"Davies, Bethan","Davies, Bethan",1990,LEMON CREEK,
glac_bound,1043611,G225653E58370N,2022-06-01T00:00:00,12.3754,12.3848,0.0,0.0,0,670,1105,1490,1979-08-11T00:00:00,okay,Lemon Creek Glacier,None,None,exists,None,0,825,2023-06-07T09:00:00,Semi-automated glacier classification.; Semi-automatic mapping from satellite images.,581,Juneau area,Newcastle University,0,0,0,1,6,None,G225653E58370N,"Davies, Bethan","Davies, Bethan",1979,LEMON CREEK,
glac_bound,1044726,G225653E58370N,2022-06-01T00:00:00,13.9832,13.9939,0.0,0.0,0,0,0,0,1948-09-09T00:00:00,okay,Lemon Creek Glacier,None,None,exists,None,0,826,2023-06-07T09:00:00,Semi-automated glacier classification.; Semi-automatic mapping from satellite images.,581,Juneau area,Newcastle University,0,0,0,1,6,None,G225653E58370N,"Davies, Bethan","Davies, Bethan",1948,LEMON CREEK,
glac_bound,981816,G225670E58400N,2021-12-01T00:00:00,9.28118,0.890359,0.0,0.0,0,0,0,0,2019-09-01T00:00:00,okay,Lemon Creek Glacier,None,None,exists,None,0,772,2022-09-25T00:00:00,; Existing polygons edited manually from cloud-free Sentinel-2 imagery (10 m resolution),581,Juneau area,Newcastle University,0,0,9,1,6,None,None,"Davies, Bethan","Bendle, Jacob; Davies, Bethan",2019,LEMON CREEK,
glac_bound,981810,G225669E58385N,2021-12-01T00:00:00,9.28118,0.112448,0.0,0.0,0,0,0,0,2019-09-01T00:00:00,okay,Lemon Creek Glacier,None,None,exists,None,0,772,2022-09-25T00:00:00,; Existing polygons edited manually from cloud-free Sentinel-2 imagery (10 m resolution),581,Juneau area,Newcastle University,0,0,9,1,6,None,G225653E58370N,"Davies, Bethan","Bendle, Jacob; Davies, Bethan",2019,LEMON CREEK,
glac_bound,981809,G225667E58407N,2021-12-01T00:00:00,9.28118,0.482322,0.0,0.0,0,0,0,0,2019-09-01T00:00:00,okay,Lemon Creek Glacier,None,None,exists,None,0,772,2022-09-25T00:00:00,; Existing polygons edited manually from cloud-free Sentinel-2 imagery (10 m resolution),581,Juneau area,Newcastle University,0,0,9,1,6,None,None,"Davies, Bethan","Bendle, Jacob; Davies, Bethan",2019,LEMON CREEK,
glac_bound,981777,G225653E58370N,2021-12-01T00:00:00,9.28118,7.80314,0.0,0.0,0,0,0,0,2019-09-01T00:00:00,okay,Lemon Creek Glacier,None,None,exists,None,0,772,2022-09-25T00:00:00,; Existing polygons edited manually from cloud-free Sentinel-2 imagery (10 m resolution),581,Juneau area,Newcastle University,0,0,9,1,6,None,G225653E58370N,"Davies, Bethan","Bendle, Jacob; Davies, Bethan",2019,LEMON CREEK,
glac_bound,1076352,G225653E58370N,2022-06-01T00:00:00,0.0,16.1334,0.0,0.0,0,0,0,0,1770-07-31T00:00:00,okay,Lemon Creek Glacier,None,None,exists,None,0,837,2023-06-07T09:00:00,Mapping of LIA glacier extents from ArcticDEM; Manual mapping from the ArcticDEM Digital Elevation Model.,581,Juneau area,Newcastle University,0,0,0,1,6,None,G225653E58370N,"Davies, Bethan","Davies, Bethan",1770,LEMON CREEK,
glac_bound,374199,G224494E59114N,2010-01-01T00:00:00,0.0,4.00402,0.0,0.0,0,0,0,0,2010-09-16T00:00:00,okay,Rainbow Glacier,None,None,exists,None,0,622,2011-08-15T20:04:00,Automated and manual digitizing. Basin delineation was aided by an algorithm developed by C. Kienholz.; Landsat ETM+ images (LE70590192010259EDC00 and LE70600192010266EDC01) were downloaded from the USGS Earth Explorer (http://edcsns17.cr.usgs.gov/NewEar,4,Alaska,University of Washington,0,0,9,1,6,None,None,"Arendt, Anthony","Rich, Justin",2010,RAINBOW,
glac_bound,410914,G224494E59114N,2015-07-16T00:00:00,4.004,4.00403,0.0,0.0,0,792,0,1791,2010-09-15T00:00:00,okay,Rainbow Glacier,None,None,exists,None,0,624,2015-07-16T00:00:00,Semi-automated glacier classification.; From Randolph Glacier Inventory Version 5.0. Source file: 01_rgi50_Alaska.zip.  See http://www.glims.org/RGI/.  GLIMS IDs were adjusted and metadata was added at NSIDC.,761,Randolph Glacier Inventory; Umbrella RC for merging the RGI into GLIMS,University of Colorado,0,0,9,1,6,99,None,"Cogley, Graham","Beedle, Matthew; Berthier, Etienne; Bolch, Tobias; Burgess, Evan; Cogley, Graham; Forster, Richard; Giffen, Bruce A.; Hall, Dorothy K.; Kienholz, Christian; LeBris, Raymond; Manley, William",2010,RAINBOW,
glac_bound,762075,G238220E48799N,2006-08-01T00:00:00,2.365,2.36517,0.0,0.0,0,1278,0,2583,1975-09-09T00:00:00,okay,Rainbow Glacier,None,None,exists,None,0,744,2016-02-26T09:00:00,"Digitization from 1:24000 maps (24K) published by the U.S. Geological Survey; USGS maps (Primary Base Series, PBS) and 7.5-minute standard series were digitally scanned and georeferenced.  Re-ingested into GLIMS 2021-12-01, replacing submission 614.",5,Conterminous USA,Portland State University,0,0,9,2,4,None,G238220E48799N,"Fountain, Andrew G.","Fountain, Andrew G.",1975,RAINBOW,
glac_bound,764927,G245913E48878N,2006-08-01T00:00:00,1.213,1.21252,0.0,0.0,0,2333,0,2768,1966-09-09T00:00:00,okay,Rainbow Glacier,None,None,exists,None,0,744,2016-02-26T09:00:00,"Digitization from 1:24000 maps (24K) published by the U.S. Geological Survey; USGS maps (Primary Base Series, PBS) and 7.5-minute standard series were digitally scanned and georeferenced.  Re-ingested into GLIMS 2021-12-01, replacing submission 614.",5,Conterminous USA,Portland State University,0,0,9,2,5,None,None,"Fountain, Andrew G.","Fountain, Andrew G.",1966,RAINBOW,
glac_bound,1014716,G245913E48878N,2023-02-16T00:00:00,1.05288,1.05288,0.0,0.0,6,0,0,0,2015-09-12T00:00:00,okay,Rainbow Glacier,None,None,exists,None,0,814,2023-05-16T00:00:00,Semi-automated glacier classification.; Semi-automatic mapping from various satellite image sources.,5,Conterminous USA,Portland State University,0,0,9,2,5,None,None,"Fountain, Andrew G.","Fountain, Andrew G.; Glenn, Bryce; McNeil, Christopher",2015,RAINBOW,
glac_bound,1013279,G238226E48808N,2023-02-16T00:00:00,0.095848,0.095853,0.0,0.0,7,0,0,0,2015-09-09T00:00:00,okay,Rainbow Glacier,None,None,exists,None,0,814,2023-05-16T00:00:00,Semi-automated glacier classification.; Semi-automatic mapping from various satellite image sources.,5,Conterminous USA,Portland State University,0,0,9,2,4,None,G238220E48799N,"Fountain, Andrew G.","Fountain, Andrew G.; Glenn, Bryce; McNeil, Christopher",2015,RAINBOW,
glac_bound,1013285,G238229E48805N,2023-02-16T00:00:00,0.012708,0.012708,0.0,0.0,6,0,0,0,2015-09-09T00:00:00,okay,Rainbow Glacier,None,None,exists,None,0,814,2023-05-16T00:00:00,Semi-automated glacier classification.; Semi-automatic mapping from various satellite image sources.,5,Conterminous USA,Portland State University,0,0,9,2,4,None,G238220E48799N,"Fountain, Andrew G.","Fountain, Andrew G.; Glenn, Bryce; McNeil, Christopher",2015,RAINBOW,
glac_bound,1013263,G238220E48799N,2023-02-16T00:00:00,1.89559,1.89559,0.0,0.0,6,0,0,0,2015-09-09T00:00:00,okay,Rainbow Glacier,None,None,exists,None,0,814,2023-05-16T00:00:00,Semi-automated glacier classification.; Semi-automatic mapping from various satellite image sources.,5,Conterminous USA,Portland State University,0,0,9,2,4,None,G238220E48799N,"Fountain, Andrew G.","Fountain, Andrew G.; Glenn, Bryce; McNeil, Christopher",2015,RAINBOW,
glac_bound,1076693,G245913E48878N,2016-10-24T00:00:00,0.0,1.08948,0.0,0.0,0,0,0,0,1998-09-09T00:00:00,okay,Rainbow Glacier,None,None,exists,None,0,839,2020-05-08T09:00:00,Manual digitization; Semi-automatic mapping from Landsat satellite images and SRTM digital elevation model.,589,Conterminous US,USGS,0,0,0,2,5,None,None,"Florentine, Caitlyn","Florentine, Caitlyn",1998,RAINBOW,
glac_bound,1076743,G245913E48878N,2016-10-24T00:00:00,0.0,1.1203,0.0,0.0,0,0,0,0,1998-09-09T00:00:00,okay,Rainbow Glacier,None,None,exists,None,0,840,2020-05-08T09:00:00,Manual digitization; Semi-automatic mapping from Landsat satellite images and SRTM digital elevation model.,589,Conterminous US,USGS,0,0,0,2,5,None,None,"Florentine, Caitlyn","Florentine, Caitlyn",1998,RAINBOW,
glac_bound,1076639,G245913E48878N,2016-10-24T00:00:00,0.0,1.05289,0.0,0.0,0,0,0,0,2015-08-22T00:00:00,okay,Rainbow Glacier,None,None,exists,None,0,838,2020-05-08T09:00:00,Manual digitization; Semi-automatic mapping from Landsat satellite images and SRTM digital elevation model.,589,Conterminous US,USGS,0,0,0,2,5,None,None,"Florentine, Caitlyn","Florentine, Caitlyn",2015,RAINBOW,
glac_bound,1076786,G245913E48878N,2016-10-24T00:00:00,0.0,1.42976,0.0,0.0,0,0,0,0,1967-08-07T00:00:00,okay,Rainbow Glacier,None,None,exists,None,0,841,2020-05-08T09:00:00,Manual digitization; Semi-automatic mapping from Landsat satellite images and SRTM digital elevation model.,589,Conterminous US,USGS,0,0,0,2,5,None,None,"Florentine, Caitlyn","Florentine, Caitlyn",1967,RAINBOW,
glac_bound,763374,G238936E48358N,2006-08-01T00:00:00,2.924,2.9241,0.0,0.0,0,1613,0,2196,1958-09-09T00:00:00,okay,South Cascade Glacier,None,None,exists,None,0,744,2016-02-26T09:00:00,"Digitization from 1:24000 maps (24K) published by the U.S. Geological Survey; USGS maps (Primary Base Series, PBS) and 7.5-minute standard series were digitally scanned and georeferenced.  Re-ingested into GLIMS 2021-12-01, replacing submission 614.",5,Conterminous USA,Portland State University,0,0,9,2,4,None,G238936E48358N,"Fountain, Andrew G.","Fountain, Andrew G.",1958,SOUTH CASCADE,
glac_bound,1014170,G238936E48358N,2023-02-16T00:00:00,1.67671,1.67672,0.0,0.0,6,0,0,0,2017-09-09T00:00:00,okay,South Cascade Glacier,None,None,exists,None,0,814,2023-05-16T00:00:00,Semi-automated glacier classification.; Semi-automatic mapping from various satellite image sources.,5,Conterminous USA,Portland State University,0,0,9,2,4,None,G238936E48358N,"Fountain, Andrew G.","Fountain, Andrew G.; Glenn, Bryce; McNeil, Christopher",2017,SOUTH CASCADE,
glac_bound,1014146,G238931E48356N,2023-02-16T00:00:00,0.100621,0.100623,0.0,0.0,6,0,0,0,2017-09-09T00:00:00,okay,South Cascade Glacier,None,None,exists,None,0,814,2023-05-16T00:00:00,Semi-automated glacier classification.; Semi-automatic mapping from various satellite image sources.,5,Conterminous USA,Portland State University,0,0,9,2,4,None,G238936E48358N,"Fountain, Andrew G.","Fountain, Andrew G.; Glenn, Bryce; McNeil, Christopher",2017,SOUTH CASCADE,
glac_bound,335390,G012103E47139N,2010-06-01T00:00:00,0.582,0.581744,0.0,0.0,0,2773,2982,3164,2003-08-24T00:00:00,okay,Kuchelmoos Kees,None,None,exists,None,0,593,2016-02-01T09:00:00,"All glaciers are classified in the main processing stage with a thresholded ratio image and an additional threshold to provide the classification in shadow regions (e.g. Paul and Kaeaeb, 2005); All glaciers are classified in the main processing stage wit",30,European Alps,University of Zurich-Irchel,0,0,9,11,1,None,G012103E47139N,"Paul, Frank","Paul, Frank",2003,HELM,
glac_bound,344853,G012103E47139N,2007-01-01T00:00:00,0.0,0.91391,0.0,0.0,0,0,0,0,1969-06-30T00:00:00,okay,Kuchelmoos Kees,None,None,exists,None,0,601,2016-03-07T09:00:00,The glacier areas have been delineated manually: i.e. perennial snow patches directly attached to the glacier have been mapped as glacier areas.; Lambrecht and Kuhn (2007) used orthophotos between 1996 and 2002 to update the glacier inventory 1969 (GI 1),34,Austrian Alps,Universitaet Innsbruck,0,0,9,11,1,None,G012103E47139N,"Fischer, Andrea","Fischer, Andrea; Kuhn, Michael; Lambrecht, Astrid",1969,HELM,
glac_bound,345720,G012103E47139N,2007-06-30T00:00:00,0.0,0.8293,0.0,0.0,0,0,0,0,1998-06-30T00:00:00,okay,Kuchelmoos Kees,None,None,exists,None,0,602,2016-03-07T09:00:00,"GI2 dates are from 1996/2002, since different flight campaigns were necessary to acquire cloud-free orthophotos with a minimum snow cover. The main part of the glaciers were covered during 1997 and 1998 (Fischer et al. 2015); For the Australian Alsp, gla",34,Austrian Alps,Universitaet Innsbruck,0,0,9,11,1,None,G012103E47139N,"Fischer, Andrea","Fischer, Andrea; Kuhn, Michael; Lambrecht, Astrid",1998,HELM,
glac_bound,346624,G012103E47139N,2012-06-30T00:00:00,0.0,0.772747,0.0,0.0,0,0,0,0,2012-06-30T00:00:00,okay,Kuchelmoos Kees,None,None,exists,None,0,603,2016-03-07T09:00:00,"Where no lidar data were available,the GI 2 glacier boundaries have been updated with orthophotos.; GI 3 glacier extent was mapped from lidar DEMs and orthophotos dating from 2004 to 2012. Lidar hillshade of glaciers in the Oetztal Alps were from 2006 wi",34,Austrian Alps,Universitaet Innsbruck,0,0,9,11,1,None,G012103E47139N,"Fischer, Andrea","Fischer, Andrea",2012,HELM,
glac_bound,357238,G012103E47139N,2014-01-01T00:00:00,0.0,2.08517,0.0,0.0,0,0,0,0,1850-01-01T00:00:00,okay,Kuchelmoos Kees,None,None,exists,None,0,613,2016-03-07T09:00:00,"; The LIA maximum extents were mapped based on previous mappings by Gross (1987) and Patzelt (1973), which were adapted to fit the moraine positions recorded in modern LiDAR DEMs and orthophotos. Gross and Patzel mapped 85% of the Austrian glaciers based",34,Austrian Alps,Universitaet Innsbruck,0,0,9,11,1,None,G012103E47139N,"Fischer, Andrea","Fischer, Andrea",1850,HELM,
glac_bound,375833,G237011E49960N,2008-05-01T00:00:00,0.974603,0.974618,0.0,0.0,0,0,0,0,2004-08-09T00:00:00,okay,Helm Glacier,None,08GA237011E49960N,exists,None,0,623,2009-06-27T00:10:31,; An existing ice polygon layer from a provincial mapping program based on aerial imagery from around 1985 was used as additional information.  Glacier flowsheds were automatically generated based on a 25m DEM to split larger continuous icefields into si,536,Northern Cordillera,University of Northern British Columbia,0,0,9,2,2,None,None,"Bolch, Tobias","Bolch, Tobias",2004,HELM,
glac_bound,520340,G012096E47136N,2017-03-16T00:00:00,0.0,0.011295,0.0,0.0,0,0,0,0,2016-08-27T00:00:00,okay,Kuchelmoos Kees,None,None,exists,None,0,667,2019-02-15T00:00:00,"Advanced atmospheric and topographic correction of S2A scenes, automated pre-classification of glacier areas, manual correction of minor misclassifications and in debris covered areas;",34,Austrian Alps,Universitaet Innsbruck,0,0,9,11,1,None,G012103E47139N,"Schwaizer (nee Bippus), Gabriele","Nemec, Johanna; Schwaizer (nee Bippus), Gabriele",2016,HELM,
glac_bound,710186,G012103E47139N,2019-04-15T00:00:00,0.670728,0.67035,0.0,0.0,0,2655,2960,3160,2016-08-27T00:00:00,okay,Kuchelmoos Kees,None,None,exists,None,0,710,2019-04-15T09:00:00,Semi-automated glacier classification; The outlines are derived from 8 Sentinel 2 MSI tiles acquired in Aug. 2015.  Topographic information was derived semi-automatically from the 30 m ALOS AW3D30 DEM.,561,Various (GlobGlacier),University of Zurich-Irchel,0,0,9,11,1,None,G012103E47139N,"Paul, Frank","Azzoni, R.S.; Fugazza, D.; Le Bris, Raymond; Nemec, J.; Paul, Frank; Rabatel, Antoine; Ramusovic, M.; Rastner, Philipp; Schaub, Yvonne; Schwaizer (nee Bippus), Gabriele",2016,HELM,
glac_bound,710183,G012096E47136N,2019-04-15T00:00:00,0.0113,0.011295,0.0,0.0,0,2727,2756,2771,2016-08-27T00:00:00,okay,Kuchelmoos Kees,None,None,exists,None,0,710,2019-04-15T09:00:00,Semi-automated glacier classification; The outlines are derived from 8 Sentinel 2 MSI tiles acquired in Aug. 2015.  Topographic information was derived semi-automatically from the 30 m ALOS AW3D30 DEM.,561,Various (GlobGlacier),University of Zurich-Irchel,0,0,9,11,1,None,G012103E47139N,"Paul, Frank","Azzoni, R.S.; Fugazza, D.; Le Bris, Raymond; Nemec, J.; Paul, Frank; Rabatel, Antoine; Ramusovic, M.; Rastner, Philipp; Schaub, Yvonne; Schwaizer (nee Bippus), Gabriele",2016,HELM,
glac_bound,756045,G012103E47139N,2021-09-01T00:00:00,0.685605,0.685216,0.0,0.0,0,2663,2953,3174,2003-08-24T00:00:00,okay,Kuchelmoos Kees,None,None,exists,None,0,731,2021-10-09T09:00:00,Semi-automated glacier classification; The outlines are derived from 11 Landsat scenes acquired in 2003.,30,European Alps,University of Zurich-Irchel,0,0,9,11,1,None,G012103E47139N,"Paul, Frank","Frey, Holger; Le Bris, Raymond; Paul, Frank; Rastner, Philipp",2003,HELM,
glac_bound,1031961,G012103E47139N,2022-10-15T00:00:00,0.0,0.693282,0.0,0.0,0,0,0,0,1999-09-14T00:00:00,okay,Kuchelmoos Kees,None,None,exists,None,0,818,2022-11-28T09:00:00,Semi-automated glacier classification.; Semi-automatic mapping from Landsat satellite images.,585,European Alps,Friedrich-Alexander University (FAU),0,0,9,11,1,None,G012103E47139N,"Bajracharya, Samjwal","Braun, Matthias H.; Lippl, Stefan; Malz, Philipp; Seehaus, Thorsten C.; Sommer, Christian; Zemp, Michael",1999,HELM,
glac_bound,1035415,G012103E47139N,2022-10-15T00:00:00,0.0,0.524015,0.0,0.0,0,0,0,0,2011-08-21T00:00:00,okay,Kuchelmoos Kees,None,None,exists,None,0,819,2022-11-28T09:00:00,Semi-automated glacier classification.; Semi-automatic mapping from Landsat satellite images.,585,European Alps,Friedrich-Alexander University (FAU),0,0,9,11,1,None,G012103E47139N,"Bajracharya, Samjwal","Braun, Matthias H.; Lippl, Stefan; Malz, Philipp; Seehaus, Thorsten C.; Sommer, Christian; Zemp, Michael",2011,HELM,
glac_bound,1038769,G012103E47139N,2022-10-15T00:00:00,0.0,0.485266,0.0,0.0,0,0,0,0,2015-09-01T00:00:00,okay,Kuchelmoos Kees,None,None,exists,None,0,820,2022-11-28T09:00:00,Semi-automated glacier classification.; Semi-automatic mapping from Landsat satellite images.,585,European Alps,Friedrich-Alexander University (FAU),0,0,9,11,1,None,G012103E47139N,"Bajracharya, Samjwal","Braun, Matthias H.; Lippl, Stefan; Malz, Philipp; Seehaus, Thorsten C.; Sommer, Christian; Zemp, Michael",2015,HELM,
glac_bound,1080310,G012103E47139N,2007-01-01T00:00:00,0.0,0.053664,0.0,0.0,0,0,0,0,1969-06-30T00:00:00,okay,Kuchelmoos Kees,None,None,exists,None,0,601,2016-03-07T09:00:00,The glacier areas have been delineated manually: i.e. perennial snow patches directly attached to the glacier have been mapped as glacier areas.; Lambrecht and Kuhn (2007) used orthophotos between 1996 and 2002 to update the glacier inventory 1969 (GI 1),34,Austrian Alps,Universitaet Innsbruck,0,0,9,11,1,None,G012103E47139N,"Fischer, Andrea","Fischer, Andrea; Kuhn, Michael; Lambrecht, Astrid",1969,HELM,
glac_bound,1080311,G012103E47139N,2007-01-01T00:00:00,0.0,0.021067,0.0,0.0,0,0,0,0,1969-06-30T00:00:00,okay,Kuchelmoos Kees,None,None,exists,None,0,601,2016-03-07T09:00:00,The glacier areas have been delineated manually: i.e. perennial snow patches directly attached to the glacier have been mapped as glacier areas.; Lambrecht and Kuhn (2007) used orthophotos between 1996 and 2002 to update the glacier inventory 1969 (GI 1),34,Austrian Alps,Universitaet Innsbruck,0,0,9,11,1,None,G012103E47139N,"Fischer, Andrea","Fischer, Andrea; Kuhn, Michael; Lambrecht, Astrid",1969,HELM,
glac_bound,1080646,G012103E47139N,2007-06-30T00:00:00,0.0,0.041489,0.0,0.0,0,0,0,0,1998-06-30T00:00:00,okay,Kuchelmoos Kees,None,None,exists,None,0,602,2016-03-07T09:00:00,"GI2 dates are from 1996/2002, since different flight campaigns were necessary to acquire cloud-free orthophotos with a minimum snow cover. The main part of the glaciers were covered during 1997 and 1998 (Fischer et al. 2015); For the Australian Alsp, gla",34,Austrian Alps,Universitaet Innsbruck,0,0,9,11,1,None,G012103E47139N,"Fischer, Andrea","Fischer, Andrea; Kuhn, Michael; Lambrecht, Astrid",1998,HELM,
glac_bound,1080647,G012103E47139N,2007-06-30T00:00:00,0.0,0.018666,0.0,0.0,0,0,0,0,1998-06-30T00:00:00,okay,Kuchelmoos Kees,None,None,exists,None,0,602,2016-03-07T09:00:00,"GI2 dates are from 1996/2002, since different flight campaigns were necessary to acquire cloud-free orthophotos with a minimum snow cover. The main part of the glaciers were covered during 1997 and 1998 (Fischer et al. 2015); For the Australian Alsp, gla",34,Austrian Alps,Universitaet Innsbruck,0,0,9,11,1,None,G012103E47139N,"Fischer, Andrea","Fischer, Andrea; Kuhn, Michael; Lambrecht, Astrid",1998,HELM,
glac_bound,1081248,G012103E47139N,2012-06-30T00:00:00,0.0,0.02557,0.0,0.0,0,0,0,0,2012-06-30T00:00:00,okay,Kuchelmoos Kees,None,None,exists,None,0,603,2016-03-07T09:00:00,"Where no lidar data were available,the GI 2 glacier boundaries have been updated with orthophotos.; GI 3 glacier extent was mapped from lidar DEMs and orthophotos dating from 2004 to 2012. Lidar hillshade of glaciers in the Oetztal Alps were from 2006 wi",34,Austrian Alps,Universitaet Innsbruck,0,0,9,11,1,None,G012103E47139N,"Fischer, Andrea","Fischer, Andrea",2012,HELM,
glac_bound,1081249,G012103E47139N,2012-06-30T00:00:00,0.0,0.00925,0.0,0.0,0,0,0,0,2012-06-30T00:00:00,okay,Kuchelmoos Kees,None,None,exists,None,0,603,2016-03-07T09:00:00,"Where no lidar data were available,the GI 2 glacier boundaries have been updated with orthophotos.; GI 3 glacier extent was mapped from lidar DEMs and orthophotos dating from 2004 to 2012. Lidar hillshade of glaciers in the Oetztal Alps were from 2006 wi",34,Austrian Alps,Universitaet Innsbruck,0,0,9,11,1,None,G012103E47139N,"Fischer, Andrea","Fischer, Andrea",2012,HELM,
glac_bound,1093465,G012103E47139N,2017-03-16T00:00:00,0.0,0.67151,0.0,0.0,0,0,0,0,2016-08-27T00:00:00,okay,Kuchelmoos Kees,None,None,exists,None,0,667,2019-02-15T00:00:00,"Advanced atmospheric and topographic correction of S2A scenes, automated pre-classification of glacier areas, manual correction of minor misclassifications and in debris covered areas;",34,Austrian Alps,Universitaet Innsbruck,0,0,9,11,1,None,G012103E47139N,"Schwaizer (nee Bippus), Gabriele","Nemec, Johanna; Schwaizer (nee Bippus), Gabriele",2016,HELM,
glac_bound,387704,G243446E51658N,2008-05-01T00:00:00,9.69862,9.69863,0.0,0.0,0,0,0,0,2006-08-28T00:00:00,okay,Peyto Glacier,None,05DA243446E51658N,exists,None,0,623,2009-06-27T00:10:31,; An existing ice polygon layer from a provincial mapping program based on aerial imagery from around 1985 was used as additional information.  Glacier flowsheds were automatically generated based on a 25m DEM to split larger continuous icefields into si,536,Northern Cordillera,University of Northern British Columbia,0,0,9,2,3,None,None,"Bolch, Tobias","Bolch, Tobias",2006,PEYTO,
glac_bound,121191,G006767E45290N,2013-03-25T00:00:00,0.3215,0.321461,0.0,888.226,0,2814,3015,3250,2004-09-08T00:00:00,okay,de Belle Place,F4N01152A01,None,exists,None,0,568,2013-12-25T14:08:34,Manual adjustment of the 1985 contour lines for each individual glacier; This submission concerns the glacier outlines in 2003. The shapefiles resulting from the 1985 delineation have been overlaid on the 2003 images displayed with a band combination ass,33,French Alps,Laboratoire de Glaciologie et Géophysique de l'Environnement (LGGE),0,0,9,11,1,None,G006767E45290N,"Rabatel, Antoine","Rabatel, Antoine",2004,PLACE,
glac_bound,121727,G006767E45290N,2013-03-20T00:00:00,0.428724,0.428741,0.0,991.255,0,2795,3016,3250,1986-10-17T00:00:00,okay,de Belle Place,F4N01152A01,None,exists,None,0,569,2013-12-25T14:01:59,"Automatic delineation using combination of SWIR, NIR, and GREEN; individual checking and manual corrections when necessary; First, NDSI was calculated on the images.  From the resulting maps, glacier outlines were extracted.  Second, the shapefiles resul",33,French Alps,Laboratoire de Glaciologie et Géophysique de l'Environnement (LGGE),0,0,9,11,1,None,G006767E45290N,"Rabatel, Antoine","Rabatel, Antoine",1986,PLACE,
glac_bound,328995,G006767E45290N,2010-06-01T00:00:00,0.239,0.239418,0.0,0.0,0,2896,3074,3250,2003-08-13T00:00:00,okay,de Belle Place,F4N01152A01,None,exists,None,0,593,2016-02-01T09:00:00,"All glaciers are classified in the main processing stage with a thresholded ratio image and an additional threshold to provide the classification in shadow regions (e.g. Paul and Kaeaeb, 2005); All glaciers are classified in the main processing stage wit",30,European Alps,University of Zurich-Irchel,0,0,9,11,1,None,G006767E45290N,"Paul, Frank","Paul, Frank",2003,PLACE,
glac_bound,508944,G006767E45290N,2016-09-01T00:00:00,0.0,0.443056,0.0,0.0,0,2823,0,3262,1970-01-01T00:00:00,okay,de Belle Place,F4N01152A01,None,exists,None,0,641,2016-07-05T09:00:00,"; The glacier inventory was developed from orthophotos and satellite imagery.  See Gardent, M., A. Rabatel, J.P. Dedieu, P. Deline (2014). Multitemporal glacier inventory of the French Alps from the late 1960s to the late 2000s.  Global and Planetary Cha",33,French Alps,Laboratoire de Glaciologie et Géophysique de l'Environnement (LGGE),0,0,9,11,1,None,G006767E45290N,"Rabatel, Antoine","Antoine, Rabatel",1970,PLACE,
glac_bound,508403,G006767E45290N,2016-09-01T00:00:00,0.0,0.322976,0.0,0.0,0,2790,0,3205,2004-06-25T00:00:00,okay,de Belle Place,F4N01152A01,None,exists,None,0,640,2016-07-05T09:00:00,"; The glacier inventory was developed from orthophotos and satellite imagery.  See Gardent, M., A. Rabatel, J.P. Dedieu, P. Deline (2014). Multitemporal glacier inventory of the French Alps from the late 1960s to the late 2000s.  Global and Planetary Cha",33,French Alps,Laboratoire de Glaciologie et Géophysique de l'Environnement (LGGE),0,0,9,11,1,None,G006767E45290N,"Rabatel, Antoine","Antoine, Rabatel",2004,PLACE,
glac_bound,379294,G237393E50422N,2008-05-01T00:00:00,3.0157,3.01573,0.0,0.0,0,0,0,0,2004-08-09T00:00:00,okay,Place Glacier,None,08MG237393E50422N,exists,None,0,623,2009-06-27T00:10:31,; An existing ice polygon layer from a provincial mapping program based on aerial imagery from around 1985 was used as additional information.  Glacier flowsheds were automatically generated based on a 25m DEM to split larger continuous icefields into si,536,Northern Cordillera,University of Northern British Columbia,0,0,9,2,2,None,None,"Bolch, Tobias","Bolch, Tobias",2004,PLACE,
glac_bound,707062,G006767E45290N,2019-04-15T00:00:00,0.204356,0.204365,0.0,0.0,0,2847,3055,3245,2015-08-29T00:00:00,okay,de Belle Place,F4N01152A01,None,exists,None,0,710,2019-04-15T09:00:00,Semi-automated glacier classification; The outlines are derived from 8 Sentinel 2 MSI tiles acquired in Aug. 2015.  Topographic information was derived semi-automatically from the 30 m ALOS AW3D30 DEM.,561,Various (GlobGlacier),University of Zurich-Irchel,0,0,9,11,1,None,G006767E45290N,"Paul, Frank","Azzoni, R.S.; Fugazza, D.; Le Bris, Raymond; Nemec, J.; Paul, Frank; Rabatel, Antoine; Ramusovic, M.; Rastner, Philipp; Schaub, Yvonne; Schwaizer (nee Bippus), Gabriele",2015,PLACE,
glac_bound,752777,G006767E45290N,2021-09-01T00:00:00,0.433711,0.43373,0.0,0.0,0,2819,3025,3276,2003-08-13T00:00:00,okay,de Belle Place,F4N01152A01,None,exists,None,0,731,2021-10-09T09:00:00,Semi-automated glacier classification; The outlines are derived from 11 Landsat scenes acquired in 2003.,30,European Alps,University of Zurich-Irchel,0,0,9,11,1,None,G006767E45290N,"Paul, Frank","Frey, Holger; Le Bris, Raymond; Paul, Frank; Rastner, Philipp",2003,PLACE,
glac_bound,1029070,G006767E45290N,2022-10-15T00:00:00,0.0,0.443951,0.0,0.0,0,0,0,0,2000-08-20T00:00:00,okay,de Belle Place,F4N01152A01,None,exists,None,0,818,2022-11-28T09:00:00,Semi-automated glacier classification.; Semi-automatic mapping from Landsat satellite images.,585,European Alps,Friedrich-Alexander University (FAU),0,0,9,11,1,None,G006767E45290N,"Bajracharya, Samjwal","Braun, Matthias H.; Lippl, Stefan; Malz, Philipp; Seehaus, Thorsten C.; Sommer, Christian; Zemp, Michael",2000,PLACE,
glac_bound,1036021,G006767E45290N,2022-10-15T00:00:00,0.0,0.193737,0.0,0.0,0,0,0,0,2013-08-31T00:00:00,okay,de Belle Place,F4N01152A01,None,exists,None,0,820,2022-11-28T09:00:00,Semi-automated glacier classification.; Semi-automatic mapping from Landsat satellite images.,585,European Alps,Friedrich-Alexander University (FAU),0,0,9,11,1,None,G006767E45290N,"Bajracharya, Samjwal","Braun, Matthias H.; Lippl, Stefan; Malz, Philipp; Seehaus, Thorsten C.; Sommer, Christian; Zemp, Michael",2013,PLACE,
glac_bound,1077701,G006767E45290N,2023-05-11T00:00:00,0.0,0.309984,0.0,0.0,0,2810,2993,3208,2022-08-12T00:00:00,okay,de Belle Place,F4N01152A01,None,exists,None,0,859,2023-10-01T09:00:00,Based on 2015 inventory with manual adjustment;,33,French Alps,Laboratoire de Glaciologie et Géophysique de l'Environnement (LGGE),0,0,0,11,1,None,G006767E45290N,"Rabatel, Antoine","Klee, Xavier; Rabatel, Antoine",2022,PLACE,
glac_bound,1100430,G006767E45290N,2022-10-15T00:00:00,0.0,0.344396,0.0,0.0,0,0,0,0,2011-07-02T00:00:00,okay,de Belle Place,F4N01152A01,None,exists,None,0,819,2022-11-28T09:00:00,Semi-automated glacier classification.; Semi-automatic mapping from Landsat satellite images.,585,European Alps,Friedrich-Alexander University (FAU),0,0,9,11,1,None,G006767E45290N,"Bajracharya, Samjwal","Braun, Matthias H.; Lippl, Stefan; Malz, Philipp; Seehaus, Thorsten C.; Sommer, Christian; Zemp, Michael",2011,PLACE,
glac_bound,1100431,G006767E45290N,2022-10-15T00:00:00,0.0,0.016132,0.0,0.0,0,0,0,0,2011-07-02T00:00:00,okay,de Belle Place,F4N01152A01,None,exists,None,0,819,2022-11-28T09:00:00,Semi-automated glacier classification.; Semi-automatic mapping from Landsat satellite images.,585,European Alps,Friedrich-Alexander University (FAU),0,0,9,11,1,None,G006767E45290N,"Bajracharya, Samjwal","Braun, Matthias H.; Lippl, Stefan; Malz, Philipp; Seehaus, Thorsten C.; Sommer, Christian; Zemp, Michael",2011,PLACE,
glac_bound,306817,G276838E75498N,2014-12-01T00:00:00,765.44,765.439,0.0,0.0,0,0,0,0,1999-06-15T00:00:00,okay,"Devon Ice Cap NW,",None,None,exists,None,0,590,2015-07-15T00:00:00,Semi-automated glacier classification.; These outlines come to GLIMS via the Randolph Glacier Inventory version 5.0. See http://glims.org/RGI/.  GLIMS IDs were adjusted and metadata was added at NSIDC.  Glacier complex outlines were compiled from 214 Can,761,Randolph Glacier Inventory; Umbrella RC for merging the RGI into GLIMS,University of Colorado,0,0,1,3,6,1191,None,"Bolch, Tobias","Barrand, Nick; Burgess, Dave; Cawkwell, Fiona; Copland, Luke; Filbert, Katie; Gardner, Alex; Hartmann, G; OCallaghan, P; Paul, Frank; Sharp, Martin; Wolken, G.; Wyatt, F.",1999,DEVON ICE CAP NW,
glac_bound,306858,G260810E79982N,2014-12-01T00:00:00,92.926,92.9262,0.0,0.0,0,0,0,0,1999-06-15T00:00:00,okay,Meighen Ice Cap,None,None,exists,None,0,590,2015-07-15T00:00:00,Semi-automated glacier classification.; These outlines come to GLIMS via the Randolph Glacier Inventory version 5.0. See http://glims.org/RGI/.  GLIMS IDs were adjusted and metadata was added at NSIDC.  Glacier complex outlines were compiled from 214 Can,761,Randolph Glacier Inventory; Umbrella RC for merging the RGI into GLIMS,University of Colorado,0,0,9,3,2,91,None,"Bolch, Tobias","Barrand, Nick; Burgess, Dave; Cawkwell, Fiona; Copland, Luke; Filbert, Katie; Gardner, Alex; Hartmann, G; OCallaghan, P; Paul, Frank; Sharp, Martin; Wolken, G.; Wyatt, F.",1999,MEIGHEN ICE CAP,
glac_bound,724704,G260810E79982N,2021-07-01T00:00:00,0.0,76.1302,0.0,0.0,0,0,0,0,1999-07-24T00:00:00,okay,Meighen Ice Cap,None,None,exists,None,0,728,2021-08-27T09:00:00,Manual editing of RGI6 outlines in most cases; new NDSI-based outlines on Sydkap,3,Canada,University of Alberta,0,0,9,3,2,None,None,"Kochtitzky, William","Copland, Luke; Kochtitzky, William; Thomson, Laura; Zajaczkiwsky, Sophie",1999,MEIGHEN ICE CAP,
glac_bound,419259,G245035E75429N,2015-07-16T00:00:00,58.48,58.4797,0.0,0.0,0,1779,0,2671,1988-06-15T00:00:00,okay,Melville South Ice Cap,None,None,exists,None,0,635,2015-07-16T00:00:00,Semi-automated glacier classification.; From Randolph Glacier Inventory Version 5.0. Source file: 02_rgi50_WesternCanadaUS.zip.zip.  See http://www.glims.org/RGI/.  Metadata was added at NSIDC.,761,Randolph Glacier Inventory; Umbrella RC for merging the RGI into GLIMS,University of Colorado,0,0,9,3,7,91,G245035E75429N,"Cogley, Graham","Berthier, Etienne; Bolch, Tobias; Cogley, Graham; Kienholz, Christian",1988,MELVILLE SOUTH ICE CAP,
glac_bound,519013,G245035E75429N,2018-05-22T00:00:00,0.0,34.1153,0.0,0.0,0,0,0,0,2017-06-21T00:00:00,okay,Melville South Ice Cap,None,None,exists,None,0,660,2018-05-31T09:00:00,Data from Landsat8. Shp from band ratio in QGIS with some manual editing and crashing.; Data from Landsat8. Shp from band ratio in QGIS with some manual editing.,602,Various (NSIDC),University of Colorado,0,0,9,3,7,None,G245035E75429N,"Raup, Bruce H.","Maydhisudhiwongs, Pim; Raup, Bruce H.",2017,MELVILLE SOUTH ICE CAP,
glac_bound,725175,G269329E79672N,2021-07-01T00:00:00,0.0,40.0007,0.0,0.0,0,0,0,0,1999-07-25T00:00:00,okay,White,None,None,exists,None,0,728,2021-08-27T09:00:00,Manual editing of RGI6 outlines in most cases; new NDSI-based outlines on Sydkap,3,Canada,University of Alberta,0,0,9,3,2,None,None,"Kochtitzky, William","Copland, Luke; Kochtitzky, William; Thomson, Laura; Zajaczkiwsky, Sophie",1999,WHITE,
glac_bound,1128433,G013853E66657N,2025-11-28T00:00:00,0.0,35.9825,0.0,0.0,0,0,0,0,2019-09-22T00:00:00,okay,Engabreen,None,1094,exists,None,0,880,2025-11-28T09:00:00,Digitization of sattelite and aerial imagery,2,Norway,Norwegian Water Resources and Energy Directorate,0,0,0,8,1,None,G013853E66657N,"Andreassen, Liss Marie","Andreassen, Liss Marie; Elvehøy, Hallgeir; Kjøllmoen, Bjarne",2019,ENGABREEN,
glac_bound,353878,G013853E66657N,2011-09-06T00:00:00,0.0,36.0486,0.0,0.0,0,0,0,0,1999-09-07T00:00:00,okay,Engabreen,None,1094,exists,None,0,611,2012-12-13T13:52:34,TM3/TM5>=2.4_AND_TM1>=35; Totally 12 satellite Landsat scenes from the period 1999-2006 were analysed. The orthorectification processing and quality check was carried out with the OrthoEngineTM software (PCI Geomatica). Five of the 12 scenes were ordered,2,Norway,Norwegian Water Resources and Energy Directorate,0,0,9,8,1,None,G013853E66657N,"Winsvold, Solveig Havstad","Andreassen, Liss Marie; Winsvold, Solveig Havstad",1999,ENGABREEN,
glac_bound,721204,G013840E66657N,2018-10-01T00:00:00,0.0,35.7878,0.0,0.0,0,0,0,0,1988-08-15T00:00:00,okay,Engabreen,None,1094,exists,None,0,725,2018-10-02T09:00:00,Semi-automated glacier classification.; The glacier inventory is based on semi-automatic mapping of Landsat images.,2,Norway,Norwegian Water Resources and Energy Directorate,0,0,9,8,1,None,G013853E66657N,"Andreassen, Liss Marie","Andreassen, Liss Marie; Winsvold, Solveig Havstad",1988,ENGABREEN,
glac_bound,1000797,G013853E66657N,2021-06-01T00:00:00,0.0,34.4398,0.0,0.0,0,0,0,0,2018-09-08T00:00:00,okay,Engabreen,None,1094,exists,None,0,800,2022-08-01T09:00:00,Semi-automated glacier classification.; Band ratio red (4)/SWIR (11) Sentinel-2 A and B 2018-2019 with manual edits.  Further description in Andreassen et al. 2022. https://doi.org/10.1017/jog.2022.20,2,Norway,Norwegian Water Resources and Energy Directorate,0,0,9,8,1,None,G013853E66657N,"Andreassen, Liss Marie","Andreassen, Liss Marie; Nagy, Teodor",2018,ENGABREEN,
glac_bound,1097862,G013853E66657N,2018-10-01T00:00:00,0.0,35.9494,0.0,0.0,0,0,0,0,1968-01-01T00:00:00,okay,Engabreen,None,1094,exists,None,0,770,2021-08-11T09:00:00,Semi-automated glacier classification.; Semi-automatic mapping from topographic maps,2,Norway,Norwegian Water Resources and Energy Directorate,0,0,9,8,1,None,G013853E66657N,"Andreassen, Liss Marie","Andreassen, Liss Marie; Winsvold, Solveig Havstad",1968,ENGABREEN,
glac_bound,1128432,G008600E61657N,2025-11-28T00:00:00,0.0,1.74896,0.0,0.0,0,0,0,0,2019-09-22T00:00:00,okay,Graasubreen,None,2743,exists,None,0,880,2025-11-28T09:00:00,Digitization of sattelite and aerial imagery,2,Norway,Norwegian Water Resources and Energy Directorate,0,0,0,8,3,None,None,"Andreassen, Liss Marie","Andreassen, Liss Marie; Elvehøy, Hallgeir; Kjøllmoen, Bjarne",2019,GRAASUBREEN,
glac_bound,353586,G008600E61657N,2011-09-06T00:00:00,0.0,2.1655,0.0,0.0,0,0,0,0,2003-08-09T00:00:00,okay,Graasubreen,None,2743,exists,None,0,611,2012-12-13T13:52:34,TM3/TM5>=2.4_AND_TM1>=35; Totally 12 satellite Landsat scenes from the period 1999-2006 were analysed. The orthorectification processing and quality check was carried out with the OrthoEngineTM software (PCI Geomatica). Five of the 12 scenes were ordered,2,Norway,Norwegian Water Resources and Energy Directorate,0,0,9,8,3,None,None,"Winsvold, Solveig Havstad","Andreassen, Liss Marie; Winsvold, Solveig Havstad",2003,GRAASUBREEN,
glac_bound,715036,G008600E61657N,2010-02-10T00:00:00,4.80311,4.79352,0.0,0.0,0,0,0,0,1750-01-01T00:00:00,okay,Graasubreen,None,2743,exists,None,0,717,2021-06-05T09:00:00,"Manual glacier classification. Manual digitizing of LIA tongues. Basis: digital outlines of 1980 and 2003. Sources: Landsat 5 TM, Path 199, Row 17, 09/08/2003; vertical aerial photographs (Fjellanger Wideroe, 21.07.1966, 1834 B21; 22.08.1976, 5245 J6?8;",2,Norway,Norwegian Water Resources and Energy Directorate,0,0,9,8,3,None,None,"Baumann, Sabine","Baumann, Sabine",1750,GRAASUBREEN,
glac_bound,720882,G008600E61657N,2018-10-01T00:00:00,0.0,2.48227,0.0,0.0,0,0,0,0,1997-08-15T00:00:00,okay,Graasubreen,None,2743,exists,None,0,725,2018-10-02T09:00:00,Semi-automated glacier classification.; The glacier inventory is based on semi-automatic mapping of Landsat images.,2,Norway,Norwegian Water Resources and Energy Directorate,0,0,9,8,3,None,None,"Andreassen, Liss Marie","Andreassen, Liss Marie; Winsvold, Solveig Havstad",1997,GRAASUBREEN,
glac_bound,1000107,G008600E61657N,2021-06-01T00:00:00,0.0,1.76075,0.0,0.0,0,0,0,0,2019-08-27T00:00:00,okay,Graasubreen,None,2743,exists,None,0,800,2022-08-01T09:00:00,Semi-automated glacier classification.; Band ratio red (4)/SWIR (11) Sentinel-2 A and B 2018-2019 with manual edits.  Further description in Andreassen et al. 2022. https://doi.org/10.1017/jog.2022.20,2,Norway,Norwegian Water Resources and Energy Directorate,0,0,9,8,3,None,None,"Andreassen, Liss Marie","Andreassen, Liss Marie; Nagy, Teodor",2019,GRAASUBREEN,
glac_bound,1098461,G008600E61657N,2018-10-01T00:00:00,0.0,2.49311,0.0,0.0,0,0,0,0,1976-01-01T00:00:00,okay,Graasubreen,None,2743,exists,None,0,770,2021-08-11T09:00:00,Semi-automated glacier classification.; Semi-automatic mapping from topographic maps,2,Norway,Norwegian Water Resources and Energy Directorate,0,0,9,8,3,None,None,"Andreassen, Liss Marie","Andreassen, Liss Marie; Winsvold, Solveig Havstad",1976,GRAASUBREEN,
glac_bound,1098462,G008600E61657N,2018-10-01T00:00:00,0.0,0.035954,0.0,0.0,0,0,0,0,1976-01-01T00:00:00,okay,Graasubreen,None,2743,exists,None,0,770,2021-08-11T09:00:00,Semi-automated glacier classification.; Semi-automatic mapping from topographic maps,2,Norway,Norwegian Water Resources and Energy Directorate,0,0,9,8,3,None,None,"Andreassen, Liss Marie","Andreassen, Liss Marie; Winsvold, Solveig Havstad",1976,GRAASUBREEN,
glac_bound,1128431,G008441E61556N,2025-11-28T00:00:00,0.0,2.6581,0.0,0.0,0,0,0,0,2019-09-22T00:00:00,okay,Hellstugubreen,None,2768,exists,None,0,880,2025-11-28T09:00:00,Digitization of sattelite and aerial imagery,2,Norway,Norwegian Water Resources and Energy Directorate,0,0,0,8,3,None,None,"Andreassen, Liss Marie","Andreassen, Liss Marie; Elvehøy, Hallgeir; Kjøllmoen, Bjarne",2019,HELLSTUGUBREEN,
glac_bound,353535,G008441E61556N,2011-09-06T00:00:00,0.0,2.7994,0.0,0.0,0,0,0,0,2003-08-09T00:00:00,okay,Hellstugubreen,None,2768,exists,None,0,611,2012-12-13T13:52:34,TM3/TM5>=2.4_AND_TM1>=35; Totally 12 satellite Landsat scenes from the period 1999-2006 were analysed. The orthorectification processing and quality check was carried out with the OrthoEngineTM software (PCI Geomatica). Five of the 12 scenes were ordered,2,Norway,Norwegian Water Resources and Energy Directorate,0,0,9,8,3,None,None,"Winsvold, Solveig Havstad","Andreassen, Liss Marie; Winsvold, Solveig Havstad",2003,HELLSTUGUBREEN,
glac_bound,714983,G008441E61556N,2010-02-10T00:00:00,4.93756,4.92687,0.0,0.0,0,0,0,0,1750-01-01T00:00:00,okay,Hellstugubreen,None,2768,exists,None,0,717,2021-06-05T09:00:00,"Manual glacier classification. Manual digitizing of LIA tongues. Basis: digital outlines of 1980 and 2003. Sources: Landsat 5 TM, Path 199, Row 17, 09/08/2003; vertical aerial photographs (Fjellanger Wideroe, 21.07.1966, 1834 B21; 22.08.1976, 5245 J6?8;",2,Norway,Norwegian Water Resources and Energy Directorate,0,0,9,8,3,None,None,"Baumann, Sabine","Baumann, Sabine",1750,HELLSTUGUBREEN,
glac_bound,720822,G008441E61556N,2018-10-01T00:00:00,0.0,2.96211,0.0,0.0,0,0,0,0,1997-08-15T00:00:00,okay,Hellstugubreen,None,2768,exists,None,0,725,2018-10-02T09:00:00,Semi-automated glacier classification.; The glacier inventory is based on semi-automatic mapping of Landsat images.,2,Norway,Norwegian Water Resources and Energy Directorate,0,0,9,8,3,None,None,"Andreassen, Liss Marie","Andreassen, Liss Marie; Winsvold, Solveig Havstad",1997,HELLSTUGUBREEN,
glac_bound,979172,G008441E61556N,2018-10-01T00:00:00,0.0,2.96406,0.0,0.0,0,0,0,0,1981-01-01T00:00:00,okay,Hellstugubreen,None,2768,exists,None,0,770,2021-08-11T09:00:00,Semi-automated glacier classification.; Semi-automatic mapping from topographic maps,2,Norway,Norwegian Water Resources and Energy Directorate,0,0,9,8,3,None,None,"Andreassen, Liss Marie","Andreassen, Liss Marie; Winsvold, Solveig Havstad",1981,HELLSTUGUBREEN,
glac_bound,999992,G008441E61556N,2021-06-01T00:00:00,0.0,2.66823,0.0,0.0,0,0,0,0,2019-08-27T00:00:00,okay,Hellstugubreen,None,2768,exists,None,0,800,2022-08-01T09:00:00,Semi-automated glacier classification.; Band ratio red (4)/SWIR (11) Sentinel-2 A and B 2018-2019 with manual edits.  Further description in Andreassen et al. 2022. https://doi.org/10.1017/jog.2022.20,2,Norway,Norwegian Water Resources and Energy Directorate,0,0,9,8,3,None,None,"Andreassen, Liss Marie","Andreassen, Liss Marie; Nagy, Teodor",2019,HELLSTUGUBREEN,
glac_bound,1128435,G021737E70130N,2025-11-28T00:00:00,0.0,2.6259,0.0,0.0,0,0,0,0,2019-09-22T00:00:00,okay,Langfjordjoekelen,None,54,exists,None,0,880,2025-11-28T09:00:00,Digitization of sattelite and aerial imagery,2,Norway,Norwegian Water Resources and Energy Directorate,0,0,0,8,1,None,G021737E70130N,"Andreassen, Liss Marie","Andreassen, Liss Marie; Elvehøy, Hallgeir; Kjøllmoen, Bjarne",2019,LANGFJORDJOEKELEN,
glac_bound,355231,G021737E70130N,2011-09-06T00:00:00,0.0,3.45457,0.0,0.0,0,0,0,0,2006-08-28T00:00:00,okay,Langfjordjoekelen,None,54,exists,None,0,611,2012-12-13T13:52:34,TM3/TM5>=2.4_AND_TM1>=35; Totally 12 satellite Landsat scenes from the period 1999-2006 were analysed. The orthorectification processing and quality check was carried out with the OrthoEngineTM software (PCI Geomatica). Five of the 12 scenes were ordered,2,Norway,Norwegian Water Resources and Energy Directorate,0,0,9,8,1,None,G021737E70130N,"Winsvold, Solveig Havstad","Andreassen, Liss Marie; Winsvold, Solveig Havstad",2006,LANGFJORDJOEKELEN,
glac_bound,722636,G021737E70130N,2018-10-01T00:00:00,0.0,4.23097,0.0,0.0,0,0,0,0,1988-09-03T00:00:00,okay,Langfjordjoekelen,None,54,exists,None,0,725,2018-10-02T09:00:00,Semi-automated glacier classification.; The glacier inventory is based on semi-automatic mapping of Landsat images.,2,Norway,Norwegian Water Resources and Energy Directorate,0,0,9,8,1,None,G021737E70130N,"Andreassen, Liss Marie","Andreassen, Liss Marie; Winsvold, Solveig Havstad",1988,LANGFJORDJOEKELEN,
glac_bound,756860,G021737E70130N,2020-06-08T00:00:00,4.53491,4.53842,0.0,0.0,0,0,0,0,1989-08-06T00:00:00,okay,Langfjordjoekelen,None,54,exists,None,0,733,2020-06-08T09:00:00,Semi-automated glacier classification.; The glacier polygons were developed using semi-automatic classification; Landsat 5 images (TM3/TM4>=2.4) with manual correction of erroneously classified glaciers or glaciers omitted due to heavy shading etc. (see,2,Norway,Norwegian Water Resources and Energy Directorate,0,0,9,8,1,None,G021737E70130N,"Andreassen, Liss Marie","Andreassen, Liss Marie; Leigh, Joshua",1989,LANGFJORDJOEKELEN,
glac_bound,757813,G021737E70130N,2020-06-08T00:00:00,4.15498,4.15821,0.0,0.0,0,0,0,0,1994-08-11T00:00:00,okay,Langfjordjoekelen,None,54,exists,None,0,737,2020-06-08T09:00:00,Semi-automated glacier classification.; The glacier polygons were developed using semi-automatic classification; Landsat 5 images (TM3/TM4>=2.4) with manual correction of erroneously classified glaciers or glaciers omitted due to heavy shading etc. (see,2,Norway,Norwegian Water Resources and Energy Directorate,0,0,9,8,1,None,G021737E70130N,"Andreassen, Liss Marie","Andreassen, Liss Marie; Leigh, Joshua",1994,LANGFJORDJOEKELEN,
glac_bound,758040,G021737E70130N,2020-06-08T00:00:00,3.85392,3.85691,0.0,0.0,0,0,0,0,1999-09-18T00:00:00,okay,Langfjordjoekelen,None,54,exists,None,0,738,2020-06-08T09:00:00,Semi-automated glacier classification.; The glacier polygons were developed using  semi-automatic classification; Landsat 7 images (ETM3/ETM4>=2.4) with  manual correction of erroneously classified glaciers or glaciers  omitted due to heavy shading etc.,2,Norway,Norwegian Water Resources and Energy Directorate,0,0,9,8,1,None,G021737E70130N,"Andreassen, Liss Marie","Andreassen, Liss Marie; Leigh, Joshua",1999,LANGFJORDJOEKELEN,
glac_bound,758287,G021737E70130N,2020-06-08T00:00:00,3.72951,3.73238,0.0,0.0,0,0,0,0,2006-07-27T00:00:00,okay,Langfjordjoekelen,None,54,exists,None,0,739,2020-06-08T09:00:00,Semi-automated glacier classification.; The glacier polygons were developed using semi-automatic classification; Landsat 5 images (TM3/TM4>=2.4) with manual correction of erroneously classified glaciers or glaciers omitted due to heavy shading etc. (see,2,Norway,Norwegian Water Resources and Energy Directorate,0,0,9,8,1,None,G021737E70130N,"Andreassen, Liss Marie","Andreassen, Liss Marie; Leigh, Joshua",2006,LANGFJORDJOEKELEN,
glac_bound,758536,G021737E70130N,2020-06-08T00:00:00,3.37397,3.37663,0.0,0.0,0,0,0,0,2011-08-26T00:00:00,okay,Langfjordjoekelen,None,54,exists,None,0,740,2020-06-08T09:00:00,Semi-automated glacier classification.; The glacier polygons were developed using semi-automatic classification; Landsat 5 images (TM3/TM4>=2.4) with manual correction of erroneously classified glaciers or glaciers omitted due to heavy shading etc. (see,2,Norway,Norwegian Water Resources and Energy Directorate,0,0,9,8,1,None,G021737E70130N,"Andreassen, Liss Marie","Andreassen, Liss Marie; Leigh, Joshua",2011,LANGFJORDJOEKELEN,
glac_bound,758782,G021737E70130N,2020-06-08T00:00:00,3.03046,3.03279,0.0,0.0,0,0,0,0,2014-09-19T00:00:00,okay,Langfjordjoekelen,None,54,exists,None,0,741,2020-06-08T09:00:00,Semi-automated glacier classification.; The glacier polygons were developed using semi-automatic classification; Landsat 8 images (OLI4/OLI6>=2) with manual correction of erroneously classified glaciers or glaciers omitted due to heavy shading etc. (see,2,Norway,Norwegian Water Resources and Energy Directorate,0,0,9,8,1,None,G021737E70130N,"Andreassen, Liss Marie","Andreassen, Liss Marie; Leigh, Joshua",2014,LANGFJORDJOEKELEN,
glac_bound,759035,G021737E70130N,2020-06-08T00:00:00,2.89158,2.89383,0.0,0.0,0,0,0,0,2018-07-28T00:00:00,okay,Langfjordjoekelen,None,54,exists,None,0,742,2020-06-08T09:00:00,Semi-automated glacier classification.; The glacier polygons were developed using semi-automatic classification; Landsat 8 images (OLI4/OLI6>=2) with manual correction of erroneously classified glaciers or glaciers omitted due to heavy shading etc. (see,2,Norway,Norwegian Water Resources and Energy Directorate,0,0,9,8,1,None,G021737E70130N,"Andreassen, Liss Marie","Andreassen, Liss Marie; Leigh, Joshua",2018,LANGFJORDJOEKELEN,
glac_bound,980606,G021737E70130N,2018-10-01T00:00:00,0.0,5.33557,0.0,0.0,0,0,0,0,1966-01-01T00:00:00,okay,Langfjordjoekelen,None,54,exists,None,0,770,2021-08-11T09:00:00,Semi-automated glacier classification.; Semi-automatic mapping from topographic maps,2,Norway,Norwegian Water Resources and Energy Directorate,0,0,9,8,1,None,G021737E70130N,"Andreassen, Liss Marie","Andreassen, Liss Marie; Winsvold, Solveig Havstad",1966,LANGFJORDJOEKELEN,
glac_bound,980665,G021737E70130N,2010-10-01T00:00:00,0.0,5.81279,0.0,0.0,0,0,0,0,1907-01-01T00:00:00,okay,Langfjordjoekelen,None,54,exists,None,0,771,2021-08-11T09:00:00,; Manual mapping from topographic maps,2,Norway,Norwegian Water Resources and Energy Directorate,0,0,9,8,1,None,G021737E70130N,"Andreassen, Liss Marie","Andreassen, Liss Marie; Winsvold, Solveig Havstad",1907,LANGFJORDJOEKELEN,
glac_bound,1003519,G021737E70130N,2021-06-01T00:00:00,0.0,2.6296,0.0,0.0,0,0,0,0,2018-09-08T00:00:00,okay,Langfjordjoekelen,None,54,exists,None,0,800,2022-08-01T09:00:00,Semi-automated glacier classification.; Band ratio red (4)/SWIR (11) Sentinel-2 A and B 2018-2019 with manual edits.  Further description in Andreassen et al. 2022. https://doi.org/10.1017/jog.2022.20,2,Norway,Norwegian Water Resources and Energy Directorate,0,0,9,8,1,None,G021737E70130N,"Andreassen, Liss Marie","Andreassen, Liss Marie; Nagy, Teodor",2018,LANGFJORDJOEKELEN,
glac_bound,1128426,G007099E61715N,2025-11-28T00:00:00,0.0,45.0429,0.0,0.0,0,0,0,0,2019-09-22T00:00:00,okay,Nigardsbreen,None,2297,exists,None,0,880,2025-11-28T09:00:00,Digitization of sattelite and aerial imagery,2,Norway,Norwegian Water Resources and Energy Directorate,0,0,0,8,2,None,None,"Andreassen, Liss Marie","Andreassen, Liss Marie; Elvehøy, Hallgeir; Kjøllmoen, Bjarne",2019,NIGARDSBREEN,
glac_bound,352739,G007099E61715N,2011-09-06T00:00:00,0.0,41.8721,0.0,0.0,0,0,0,0,2006-09-16T00:00:00,okay,Nigardsbreen,None,2297,exists,None,0,611,2012-12-13T13:52:34,TM3/TM5>=2.4_AND_TM1>=35; Totally 12 satellite Landsat scenes from the period 1999-2006 were analysed. The orthorectification processing and quality check was carried out with the OrthoEngineTM software (PCI Geomatica). Five of the 12 scenes were ordered,2,Norway,Norwegian Water Resources and Energy Directorate,0,0,9,8,2,None,None,"Winsvold, Solveig Havstad","Andreassen, Liss Marie; Winsvold, Solveig Havstad",2006,NIGARDSBREEN,
glac_bound,978428,G007099E61715N,2018-10-01T00:00:00,0.0,42.2124,0.0,0.0,0,0,0,0,1966-01-01T00:00:00,okay,Nigardsbreen,None,2297,exists,None,0,770,2021-08-11T09:00:00,Semi-automated glacier classification.; Semi-automatic mapping from topographic maps,2,Norway,Norwegian Water Resources and Energy Directorate,0,0,9,8,2,None,None,"Andreassen, Liss Marie","Andreassen, Liss Marie; Winsvold, Solveig Havstad",1966,NIGARDSBREEN,
glac_bound,998274,G007099E61715N,2021-06-01T00:00:00,0.0,41.5718,0.0,0.0,0,0,0,0,2019-08-27T00:00:00,okay,Nigardsbreen,None,2297,exists,None,0,800,2022-08-01T09:00:00,Semi-automated glacier classification.; Band ratio red (4)/SWIR (11) Sentinel-2 A and B 2018-2019 with manual edits.  Further description in Andreassen et al. 2022. https://doi.org/10.1017/jog.2022.20,2,Norway,Norwegian Water Resources and Energy Directorate,0,0,9,8,2,None,None,"Andreassen, Liss Marie","Andreassen, Liss Marie; Nagy, Teodor",2019,NIGARDSBREEN,
glac_bound,1075395,G007099E61715N,2021-09-09T00:00:00,0.0,48.8844,0.0,0.0,0,0,0,0,1800-09-09T00:00:00,okay,Nigardsbreen,None,2297,exists,None,0,836,2022-04-13T09:00:00,Manual digitization; Little Ice Age moraines mapped manually using geomorphological evidence identified in Worldview/Maxar images and date data from published literature.,2,Norway,Norwegian Water Resources and Energy Directorate,0,0,0,8,2,None,None,"Carrivick, Jonathan L.","Andreassen, Liss Marie; Carrivick, Jonathan L.; Nesje, Atle; Yde, Jacob C.",1800,NIGARDSBREEN,
glac_bound,1128429,G008132E61573N,2025-11-28T00:00:00,0.0,4.8795,0.0,0.0,0,0,0,0,2019-09-22T00:00:00,okay,Storbreen,None,2636,exists,None,0,880,2025-11-28T09:00:00,Digitization of sattelite and aerial imagery,2,Norway,Norwegian Water Resources and Energy Directorate,0,0,0,8,3,None,None,"Andreassen, Liss Marie","Andreassen, Liss Marie; Elvehøy, Hallgeir; Kjøllmoen, Bjarne",2019,STORBREEN,
glac_bound,103212,G016172E77192N,2010-01-01T00:00:00,206.376,206.536,0.0,23073.7,0,0,0,0,2008-09-01T00:00:00,okay,Storbreen,12412.000000,12412.000000,exists,None,0,563,2012-12-04T00:00:00,Details and references under http://public.data.npolar.no/cryoclim/GLIMS_Svalbard.pdf;,19,"Svalbard, Jan Mayen, and Bouvet",Norwegian Polar Institute,0,2,1,7,1,None,None,"Koenig, Max","Koenig, Max; Nuth, Chris",2008,STORBREEN,
glac_bound,353398,G008132E61573N,2011-09-06T00:00:00,0.0,5.21031,0.0,0.0,0,0,0,0,2003-08-09T00:00:00,okay,Storbreen,None,2636,exists,None,0,611,2012-12-13T13:52:34,TM3/TM5>=2.4_AND_TM1>=35; Totally 12 satellite Landsat scenes from the period 1999-2006 were analysed. The orthorectification processing and quality check was carried out with the OrthoEngineTM software (PCI Geomatica). Five of the 12 scenes were ordered,2,Norway,Norwegian Water Resources and Energy Directorate,0,0,9,8,3,None,None,"Winsvold, Solveig Havstad","Andreassen, Liss Marie; Winsvold, Solveig Havstad",2003,STORBREEN,
glac_bound,353062,G007577E62248N,2011-09-06T00:00:00,0.0,1.13226,0.0,0.0,0,0,0,0,2006-09-16T00:00:00,okay,Storbreen,None,1823,exists,None,0,611,2012-12-13T13:52:34,TM3/TM5>=2.4_AND_TM1>=35; Totally 12 satellite Landsat scenes from the period 1999-2006 were analysed. The orthorectification processing and quality check was carried out with the OrthoEngineTM software (PCI Geomatica). Five of the 12 scenes were ordered,2,Norway,Norwegian Water Resources and Energy Directorate,0,0,9,8,2,None,None,"Winsvold, Solveig Havstad","Andreassen, Liss Marie; Winsvold, Solveig Havstad",2006,STORBREEN,
glac_bound,353463,G008261E62524N,2011-09-06T00:00:00,0.0,0.658403,0.0,0.0,0,0,0,0,2006-09-16T00:00:00,okay,Storbreen,None,1667,exists,None,0,611,2012-12-13T13:52:34,TM3/TM5>=2.4_AND_TM1>=35; Totally 12 satellite Landsat scenes from the period 1999-2006 were analysed. The orthorectification processing and quality check was carried out with the OrthoEngineTM software (PCI Geomatica). Five of the 12 scenes were ordered,2,Norway,Norwegian Water Resources and Energy Directorate,0,0,9,8,2,None,G008261E62524N,"Winsvold, Solveig Havstad","Andreassen, Liss Marie; Winsvold, Solveig Havstad",2006,STORBREEN,
glac_bound,353170,G007768E62351N,2011-09-06T00:00:00,0.0,1.25678,0.0,0.0,0,0,0,0,2006-09-16T00:00:00,okay,Storbreen,None,1796,exists,None,0,611,2012-12-13T13:52:34,TM3/TM5>=2.4_AND_TM1>=35; Totally 12 satellite Landsat scenes from the period 1999-2006 were analysed. The orthorectification processing and quality check was carried out with the OrthoEngineTM software (PCI Geomatica). Five of the 12 scenes were ordered,2,Norway,Norwegian Water Resources and Energy Directorate,0,0,9,8,2,None,None,"Winsvold, Solveig Havstad","Andreassen, Liss Marie; Winsvold, Solveig Havstad",2006,STORBREEN,
glac_bound,521335,G016172E77192N,2017-10-01T00:00:00,0.0,256.456,0.0,0.0,0,0,0,0,1936-01-01T00:00:00,okay,Storbreen,12412.000000,12412.000000,exists,None,0,669,2017-10-17T09:00:00,; Outlines based on vertical and oblique aerial photography,573,Svalbard,University of Oslo,0,0,9,7,1,None,None,"Nuth, Chris","Hagen, Jon Ove; Kääb, Andreas; Kohler, J.; König, Max; Moholdt, Geir; Nuth, Christopher; Pettersson, R.; von Deschwanden, A.",1936,STORBREEN,
glac_bound,522561,G016172E77192N,2017-10-01T00:00:00,0.0,223.119,0.0,0.0,0,0,0,0,1990-07-31T00:00:00,okay,Storbreen,12412.000000,12412.000000,exists,None,0,670,2017-10-17T09:00:00,; Outlines based on maps and a helicopter GPS survey,573,Svalbard,University of Oslo,0,0,9,7,1,None,None,"Nuth, Chris","Hagen, Jon Ove; Kääb, Andreas; Kohler, J.; König, Max; Moholdt, Geir; Nuth, Christopher; Pettersson, R.; von Deschwanden, A.",1990,STORBREEN,
glac_bound,714906,G008132E61573N,2010-02-10T00:00:00,7.0155,6.99843,0.0,0.0,0,0,0,0,1750-01-01T00:00:00,okay,Storbreen,None,2636,exists,None,0,717,2021-06-05T09:00:00,"Manual glacier classification. Manual digitizing of LIA tongues. Basis: digital outlines of 1980 and 2003. Sources: Landsat 5 TM, Path 199, Row 17, 09/08/2003; vertical aerial photographs (Fjellanger Wideroe, 21.07.1966, 1834 B21; 22.08.1976, 5245 J6?8;",2,Norway,Norwegian Water Resources and Energy Directorate,0,0,9,8,3,None,None,"Baumann, Sabine","Baumann, Sabine",1750,STORBREEN,
glac_bound,720742,G008132E61573N,2018-10-01T00:00:00,0.0,5.38554,0.0,0.0,0,0,0,0,1997-08-15T00:00:00,okay,Storbreen,None,2636,exists,None,0,725,2018-10-02T09:00:00,Semi-automated glacier classification.; The glacier inventory is based on semi-automatic mapping of Landsat images.,2,Norway,Norwegian Water Resources and Energy Directorate,0,0,9,8,3,None,None,"Andreassen, Liss Marie","Andreassen, Liss Marie; Winsvold, Solveig Havstad",1997,STORBREEN,
glac_bound,979108,G008261E62524N,2018-10-01T00:00:00,0.0,1.10057,0.0,0.0,0,0,0,0,1966-01-01T00:00:00,okay,Storbreen,None,1667,exists,None,0,770,2021-08-11T09:00:00,Semi-automated glacier classification.; Semi-automatic mapping from topographic maps,2,Norway,Norwegian Water Resources and Energy Directorate,0,0,9,8,2,None,G008261E62524N,"Andreassen, Liss Marie","Andreassen, Liss Marie; Winsvold, Solveig Havstad",1966,STORBREEN,
glac_bound,978744,G007577E62248N,2018-10-01T00:00:00,0.0,1.45983,0.0,0.0,0,0,0,0,1967-01-01T00:00:00,okay,Storbreen,None,1823,exists,None,0,770,2021-08-11T09:00:00,Semi-automated glacier classification.; Semi-automatic mapping from topographic maps,2,Norway,Norwegian Water Resources and Energy Directorate,0,0,9,8,2,None,None,"Andreassen, Liss Marie","Andreassen, Liss Marie; Winsvold, Solveig Havstad",1967,STORBREEN,
glac_bound,978846,G007768E62351N,2018-10-01T00:00:00,0.0,1.43471,0.0,0.0,0,0,0,0,1964-01-01T00:00:00,okay,Storbreen,None,1796,exists,None,0,770,2021-08-11T09:00:00,Semi-automated glacier classification.; Semi-automatic mapping from topographic maps,2,Norway,Norwegian Water Resources and Energy Directorate,0,0,9,8,2,None,None,"Andreassen, Liss Marie","Andreassen, Liss Marie; Winsvold, Solveig Havstad",1964,STORBREEN,
glac_bound,979040,G008132E61573N,2018-10-01T00:00:00,0.0,5.24824,0.0,0.0,0,0,0,0,1981-01-01T00:00:00,okay,Storbreen,None,2636,exists,None,0,770,2021-08-11T09:00:00,Semi-automated glacier classification.; Semi-automatic mapping from topographic maps,2,Norway,Norwegian Water Resources and Energy Directorate,0,0,9,8,3,None,None,"Andreassen, Liss Marie","Andreassen, Liss Marie; Winsvold, Solveig Havstad",1981,STORBREEN,
glac_bound,999849,G008261E62524N,2021-06-01T00:00:00,0.0,0.227976,0.0,0.0,0,0,0,0,2019-08-27T00:00:00,okay,Storbreen,None,1667,exists,None,0,800,2022-08-01T09:00:00,Semi-automated glacier classification.; Band ratio red (4)/SWIR (11) Sentinel-2 A and B 2018-2019 with manual edits.  Further description in Andreassen et al. 2022. https://doi.org/10.1017/jog.2022.20,2,Norway,Norwegian Water Resources and Energy Directorate,0,0,9,8,2,None,G008261E62524N,"Andreassen, Liss Marie","Andreassen, Liss Marie; Nagy, Teodor",2019,STORBREEN,
glac_bound,999722,G008132E61573N,2021-06-01T00:00:00,0.0,5.04535,0.0,0.0,0,0,0,0,2019-08-04T00:00:00,okay,Storbreen,None,2636,exists,None,0,800,2022-08-01T09:00:00,Semi-automated glacier classification.; Band ratio red (4)/SWIR (11) Sentinel-2 A and B 2018-2019 with manual edits.  Further description in Andreassen et al. 2022. https://doi.org/10.1017/jog.2022.20,2,Norway,Norwegian Water Resources and Energy Directorate,0,0,9,8,3,None,None,"Andreassen, Liss Marie","Andreassen, Liss Marie; Nagy, Teodor",2019,STORBREEN,
glac_bound,999000,G007577E62248N,2021-06-01T00:00:00,0.0,0.939791,0.0,0.0,0,0,0,0,2019-08-27T00:00:00,okay,Storbreen,None,1823,exists,None,0,800,2022-08-01T09:00:00,Semi-automated glacier classification.; Band ratio red (4)/SWIR (11) Sentinel-2 A and B 2018-2019 with manual edits.  Further description in Andreassen et al. 2022. https://doi.org/10.1017/jog.2022.20,2,Norway,Norwegian Water Resources and Energy Directorate,0,0,9,8,2,None,None,"Andreassen, Liss Marie","Andreassen, Liss Marie; Nagy, Teodor",2019,STORBREEN,
glac_bound,999210,G007768E62351N,2021-06-01T00:00:00,0.0,1.05695,0.0,0.0,0,0,0,0,2019-08-27T00:00:00,okay,Storbreen,None,1796,exists,None,0,800,2022-08-01T09:00:00,Semi-automated glacier classification.; Band ratio red (4)/SWIR (11) Sentinel-2 A and B 2018-2019 with manual edits.  Further description in Andreassen et al. 2022. https://doi.org/10.1017/jog.2022.20,2,Norway,Norwegian Water Resources and Energy Directorate,0,0,9,8,2,None,None,"Andreassen, Liss Marie","Andreassen, Liss Marie; Nagy, Teodor",2019,STORBREEN,
glac_bound,1012627,G018038E68082N,2023-01-05T00:00:00,4.886,4.83374,0.0,0.0,0,1160,0,1468,2001-08-20T00:00:00,okay,Riukojietna,None,None,exists,None,0,812,2023-01-02T09:00:00,; Manual corrections to geolocation of RGI6 outlines based on ArcGIS basemaps,7,Sweden,Stockholm University,0,0,9,8,1,None,None,"Frank, Thomas","Brown, Ian; Frank, Thomas; Hansson, Erik",2001,RIUKOJIETNA,
glac_bound,335893,G012967E47042N,2010-06-01T00:00:00,0.636,0.635429,0.0,0.0,0,2380,2603,2759,2003-08-24T00:00:00,okay,Goldbergkees,None,None,exists,None,0,593,2016-02-01T09:00:00,"All glaciers are classified in the main processing stage with a thresholded ratio image and an additional threshold to provide the classification in shadow regions (e.g. Paul and Kaeaeb, 2005); All glaciers are classified in the main processing stage wit",30,European Alps,University of Zurich-Irchel,0,0,9,11,1,None,G012967E47042N,"Paul, Frank","Paul, Frank",2003,GOLDBERGKEES,
glac_bound,345104,G012967E47042N,2007-01-01T00:00:00,0.0,1.27867,0.0,0.0,0,0,0,0,1969-06-30T00:00:00,okay,Goldbergkees,None,None,exists,None,0,601,2016-03-07T09:00:00,The glacier areas have been delineated manually: i.e. perennial snow patches directly attached to the glacier have been mapped as glacier areas.; Lambrecht and Kuhn (2007) used orthophotos between 1996 and 2002 to update the glacier inventory 1969 (GI 1),34,Austrian Alps,Universitaet Innsbruck,0,0,9,11,1,None,G012967E47042N,"Fischer, Andrea","Fischer, Andrea; Kuhn, Michael; Lambrecht, Astrid",1969,GOLDBERGKEES,
glac_bound,346014,G012967E47042N,2007-06-30T00:00:00,0.0,1.10867,0.0,0.0,0,0,0,0,1998-06-30T00:00:00,okay,Goldbergkees,None,None,exists,None,0,602,2016-03-07T09:00:00,"GI2 dates are from 1996/2002, since different flight campaigns were necessary to acquire cloud-free orthophotos with a minimum snow cover. The main part of the glaciers were covered during 1997 and 1998 (Fischer et al. 2015); For the Australian Alsp, gla",34,Austrian Alps,Universitaet Innsbruck,0,0,9,11,1,None,G012967E47042N,"Fischer, Andrea","Fischer, Andrea; Kuhn, Michael; Lambrecht, Astrid",1998,GOLDBERGKEES,
glac_bound,346915,G012967E47042N,2012-06-30T00:00:00,0.0,0.960778,0.0,0.0,0,0,0,0,2012-06-30T00:00:00,okay,Goldbergkees,None,None,exists,None,0,603,2016-03-07T09:00:00,"Where no lidar data were available,the GI 2 glacier boundaries have been updated with orthophotos.; GI 3 glacier extent was mapped from lidar DEMs and orthophotos dating from 2004 to 2012. Lidar hillshade of glaciers in the Oetztal Alps were from 2006 wi",34,Austrian Alps,Universitaet Innsbruck,0,0,9,11,1,None,G012967E47042N,"Fischer, Andrea","Fischer, Andrea",2012,GOLDBERGKEES,
glac_bound,357434,G012967E47042N,2014-01-01T00:00:00,0.0,2.36306,0.0,0.0,0,0,0,0,1850-01-01T00:00:00,okay,Goldbergkees,None,None,exists,None,0,613,2016-03-07T09:00:00,"; The LIA maximum extents were mapped based on previous mappings by Gross (1987) and Patzelt (1973), which were adapted to fit the moraine positions recorded in modern LiDAR DEMs and orthophotos. Gross and Patzel mapped 85% of the Austrian glaciers based",34,Austrian Alps,Universitaet Innsbruck,0,0,9,11,1,None,G012967E47042N,"Fischer, Andrea","Fischer, Andrea",1850,GOLDBERGKEES,
glac_bound,756365,G012967E47042N,2021-09-01T00:00:00,0.730455,0.729393,0.0,0.0,0,2379,2611,2771,2003-08-24T00:00:00,okay,Goldbergkees,None,None,exists,None,0,731,2021-10-09T09:00:00,Semi-automated glacier classification; The outlines are derived from 11 Landsat scenes acquired in 2003.,30,European Alps,University of Zurich-Irchel,0,0,9,11,1,None,G012967E47042N,"Paul, Frank","Frey, Holger; Le Bris, Raymond; Paul, Frank; Rastner, Philipp",2003,GOLDBERGKEES,
glac_bound,1032245,G012967E47042N,2022-10-15T00:00:00,0.0,0.645902,0.0,0.0,0,0,0,0,1999-09-23T00:00:00,okay,Goldbergkees,None,None,exists,None,0,818,2022-11-28T09:00:00,Semi-automated glacier classification.; Semi-automatic mapping from Landsat satellite images.,585,European Alps,Friedrich-Alexander University (FAU),0,0,9,11,1,None,G012967E47042N,"Bajracharya, Samjwal","Braun, Matthias H.; Lippl, Stefan; Malz, Philipp; Seehaus, Thorsten C.; Sommer, Christian; Zemp, Michael",1999,GOLDBERGKEES,
glac_bound,1039045,G012967E47042N,2022-10-15T00:00:00,0.0,0.441631,0.0,0.0,0,0,0,0,2015-08-09T00:00:00,okay,Goldbergkees,None,None,exists,None,0,820,2022-11-28T09:00:00,Semi-automated glacier classification.; Semi-automatic mapping from Landsat satellite images.,585,European Alps,Friedrich-Alexander University (FAU),0,0,9,11,1,None,G012967E47042N,"Bajracharya, Samjwal","Braun, Matthias H.; Lippl, Stefan; Malz, Philipp; Seehaus, Thorsten C.; Sommer, Christian; Zemp, Michael",2015,GOLDBERGKEES,
glac_bound,1080968,G012967E47042N,2007-06-30T00:00:00,0.0,0.044126,0.0,0.0,0,0,0,0,1998-06-30T00:00:00,okay,Goldbergkees,None,None,exists,None,0,602,2016-03-07T09:00:00,"GI2 dates are from 1996/2002, since different flight campaigns were necessary to acquire cloud-free orthophotos with a minimum snow cover. The main part of the glaciers were covered during 1997 and 1998 (Fischer et al. 2015); For the Australian Alsp, gla",34,Austrian Alps,Universitaet Innsbruck,0,0,9,11,1,None,G012967E47042N,"Fischer, Andrea","Fischer, Andrea; Kuhn, Michael; Lambrecht, Astrid",1998,GOLDBERGKEES,
glac_bound,1093365,G012967E47042N,2017-03-16T00:00:00,0.0,0.34579,0.0,0.0,0,0,0,0,2016-08-27T00:00:00,okay,Goldbergkees,None,None,exists,None,0,665,2019-02-15T00:00:00,"Advanced atmospheric and topographic correction of S2A scenes, automated pre-classification of glacier areas, manual correction of minor misclassifications and in debris covered areas;",34,Austrian Alps,Universitaet Innsbruck,0,0,9,11,1,None,G012967E47042N,"Schwaizer (nee Bippus), Gabriele","Nemec, Johanna; Schwaizer (nee Bippus), Gabriele",2016,GOLDBERGKEES,
glac_bound,1093364,G012967E47042N,2017-03-16T00:00:00,0.0,0.645669,0.0,0.0,0,0,0,0,2016-08-27T00:00:00,okay,Goldbergkees,None,None,exists,None,0,665,2019-02-15T00:00:00,"Advanced atmospheric and topographic correction of S2A scenes, automated pre-classification of glacier areas, manual correction of minor misclassifications and in debris covered areas;",34,Austrian Alps,Universitaet Innsbruck,0,0,9,11,1,None,G012967E47042N,"Schwaizer (nee Bippus), Gabriele","Nemec, Johanna; Schwaizer (nee Bippus), Gabriele",2016,GOLDBERGKEES,
glac_bound,1096820,G012967E47042N,2019-04-15T00:00:00,0.346293,0.645669,0.0,0.0,0,2775,2910,3047,2016-08-27T00:00:00,okay,Goldbergkees,None,None,exists,None,0,710,2019-04-15T09:00:00,Semi-automated glacier classification; The outlines are derived from 8 Sentinel 2 MSI tiles acquired in Aug. 2015.  Topographic information was derived semi-automatically from the 30 m ALOS AW3D30 DEM.,561,Various (GlobGlacier),University of Zurich-Irchel,0,0,9,11,1,None,G012967E47042N,"Paul, Frank","Azzoni, R.S.; Fugazza, D.; Le Bris, Raymond; Nemec, J.; Paul, Frank; Rabatel, Antoine; Ramusovic, M.; Rastner, Philipp; Schaub, Yvonne; Schwaizer (nee Bippus), Gabriele",2016,GOLDBERGKEES,
glac_bound,1096822,G012967E47042N,2019-04-15T00:00:00,0.346293,0.34579,0.0,0.0,0,2775,2910,3047,2016-08-27T00:00:00,okay,Goldbergkees,None,None,exists,None,0,710,2019-04-15T09:00:00,Semi-automated glacier classification; The outlines are derived from 8 Sentinel 2 MSI tiles acquired in Aug. 2015.  Topographic information was derived semi-automatically from the 30 m ALOS AW3D30 DEM.,561,Various (GlobGlacier),University of Zurich-Irchel,0,0,9,11,1,None,G012967E47042N,"Paul, Frank","Azzoni, R.S.; Fugazza, D.; Le Bris, Raymond; Nemec, J.; Paul, Frank; Rabatel, Antoine; Ramusovic, M.; Rastner, Philipp; Schaub, Yvonne; Schwaizer (nee Bippus), Gabriele",2016,GOLDBERGKEES,
glac_bound,1099887,G012967E47042N,2022-10-15T00:00:00,0.0,0.447104,0.0,0.0,0,0,0,0,2011-08-23T00:00:00,okay,Goldbergkees,None,None,exists,None,0,819,2022-11-28T09:00:00,Semi-automated glacier classification.; Semi-automatic mapping from Landsat satellite images.,585,European Alps,Friedrich-Alexander University (FAU),0,0,9,11,1,None,G012967E47042N,"Bajracharya, Samjwal","Braun, Matthias H.; Lippl, Stefan; Malz, Philipp; Seehaus, Thorsten C.; Sommer, Christian; Zemp, Michael",2011,GOLDBERGKEES,
glac_bound,1099886,G012967E47042N,2022-10-15T00:00:00,0.0,0.011069,0.0,0.0,0,0,0,0,2011-08-23T00:00:00,okay,Goldbergkees,None,None,exists,None,0,819,2022-11-28T09:00:00,Semi-automated glacier classification.; Semi-automatic mapping from Landsat satellite images.,585,European Alps,Friedrich-Alexander University (FAU),0,0,9,11,1,None,G012967E47042N,"Bajracharya, Samjwal","Braun, Matthias H.; Lippl, Stefan; Malz, Philipp; Seehaus, Thorsten C.; Sommer, Christian; Zemp, Michael",2011,GOLDBERGKEES,
glac_bound,334634,G010752E46802N,2010-06-01T00:00:00,8.033,8.03617,0.0,0.0,0,2434,3026,3676,2003-07-30T00:00:00,okay,Hintereisferner,None,None,exists,None,0,593,2016-02-01T09:00:00,"All glaciers are classified in the main processing stage with a thresholded ratio image and an additional threshold to provide the classification in shadow regions (e.g. Paul and Kaeaeb, 2005); All glaciers are classified in the main processing stage wit",30,European Alps,University of Zurich-Irchel,0,0,9,11,1,None,G010752E46802N,"Paul, Frank","Paul, Frank",2003,HINTEREISFERNER,
glac_bound,344452,G010752E46802N,2007-01-01T00:00:00,0.0,9.63237,0.0,0.0,0,0,0,0,1969-06-30T00:00:00,okay,Hintereisferner,None,None,exists,None,0,601,2016-03-07T09:00:00,The glacier areas have been delineated manually: i.e. perennial snow patches directly attached to the glacier have been mapped as glacier areas.; Lambrecht and Kuhn (2007) used orthophotos between 1996 and 2002 to update the glacier inventory 1969 (GI 1),34,Austrian Alps,Universitaet Innsbruck,0,0,9,11,1,None,G010752E46802N,"Fischer, Andrea","Fischer, Andrea; Kuhn, Michael; Lambrecht, Astrid",1969,HINTEREISFERNER,
glac_bound,345311,G010752E46802N,2007-06-30T00:00:00,0.0,7.4605,0.0,0.0,0,0,0,0,1998-06-30T00:00:00,okay,Hintereisferner,None,None,exists,None,0,602,2016-03-07T09:00:00,"GI2 dates are from 1996/2002, since different flight campaigns were necessary to acquire cloud-free orthophotos with a minimum snow cover. The main part of the glaciers were covered during 1997 and 1998 (Fischer et al. 2015); For the Australian Alsp, gla",34,Austrian Alps,Universitaet Innsbruck,0,0,9,11,1,None,G010752E46802N,"Fischer, Andrea","Fischer, Andrea; Kuhn, Michael; Lambrecht, Astrid",1998,HINTEREISFERNER,
glac_bound,346219,G010752E46802N,2012-06-30T00:00:00,0.0,7.48734,0.0,0.0,0,0,0,0,2012-06-30T00:00:00,okay,Hintereisferner,None,None,exists,None,0,603,2016-03-07T09:00:00,"Where no lidar data were available,the GI 2 glacier boundaries have been updated with orthophotos.; GI 3 glacier extent was mapped from lidar DEMs and orthophotos dating from 2004 to 2012. Lidar hillshade of glaciers in the Oetztal Alps were from 2006 wi",34,Austrian Alps,Universitaet Innsbruck,0,0,9,11,1,None,G010752E46802N,"Fischer, Andrea","Fischer, Andrea",2012,HINTEREISFERNER,
glac_bound,356940,G010752E46802N,2014-01-01T00:00:00,0.0,15.405,0.0,0.0,0,0,0,0,1850-01-01T00:00:00,okay,Hintereisferner,None,None,exists,None,0,613,2016-03-07T09:00:00,"; The LIA maximum extents were mapped based on previous mappings by Gross (1987) and Patzelt (1973), which were adapted to fit the moraine positions recorded in modern LiDAR DEMs and orthophotos. Gross and Patzel mapped 85% of the Austrian glaciers based",34,Austrian Alps,Universitaet Innsbruck,0,0,9,11,1,None,G010752E46802N,"Fischer, Andrea","Fischer, Andrea",1850,HINTEREISFERNER,
glac_bound,363322,G010752E46802N,2015-06-30T00:00:00,58609.0,0.058634,0.0,0.0,0,3242,3321,3428,2011-09-30T00:00:00,okay,Hintereisferner,None,None,exists,None,0,615,2017-02-28T09:00:00,The color orthophotos have been used as base layer in GIS to detect and map glacier boundaries.; The main source of information are high resolution orthophotos. Color orthophotos have been analyzed to mark glacier boundaries. In a few cases satellite ima,511,Italy,Università degli Studi di Milano,0,0,9,11,1,None,G010752E46802N,"Smiraglia, Claudio","Smiraglia, Claudio",2011,HINTEREISFERNER,
glac_bound,755531,G010752E46802N,2021-09-01T00:00:00,8.03331,8.03617,0.0,0.0,0,2418,3025,3722,2003-07-30T00:00:00,okay,Hintereisferner,None,None,exists,None,0,731,2021-10-09T09:00:00,Semi-automated glacier classification; The outlines are derived from 11 Landsat scenes acquired in 2003.,30,European Alps,University of Zurich-Irchel,0,0,9,11,1,None,G010752E46802N,"Paul, Frank","Frey, Holger; Le Bris, Raymond; Paul, Frank; Rastner, Philipp",2003,HINTEREISFERNER,
glac_bound,1031497,G010752E46802N,2022-10-15T00:00:00,0.0,8.14499,0.0,0.0,0,0,0,0,2000-08-22T00:00:00,okay,Hintereisferner,None,None,exists,None,0,818,2022-11-28T09:00:00,Semi-automated glacier classification.; Semi-automatic mapping from Landsat satellite images.,585,European Alps,Friedrich-Alexander University (FAU),0,0,9,11,1,None,G010752E46802N,"Bajracharya, Samjwal","Braun, Matthias H.; Lippl, Stefan; Malz, Philipp; Seehaus, Thorsten C.; Sommer, Christian; Zemp, Michael",2000,HINTEREISFERNER,
glac_bound,1034964,G010752E46802N,2022-10-15T00:00:00,0.0,6.80315,0.0,0.0,0,0,0,0,2011-07-04T00:00:00,okay,Hintereisferner,None,None,exists,None,0,819,2022-11-28T09:00:00,Semi-automated glacier classification.; Semi-automatic mapping from Landsat satellite images.,585,European Alps,Friedrich-Alexander University (FAU),0,0,9,11,1,None,G010752E46802N,"Bajracharya, Samjwal","Braun, Matthias H.; Lippl, Stefan; Malz, Philipp; Seehaus, Thorsten C.; Sommer, Christian; Zemp, Michael",2011,HINTEREISFERNER,
glac_bound,1038315,G010752E46802N,2022-10-15T00:00:00,0.0,6.84919,0.0,0.0,0,0,0,0,2013-08-10T00:00:00,okay,Hintereisferner,None,None,exists,None,0,820,2022-11-28T09:00:00,Semi-automated glacier classification.; Semi-automatic mapping from Landsat satellite images.,585,European Alps,Friedrich-Alexander University (FAU),0,0,9,11,1,None,G010752E46802N,"Bajracharya, Samjwal","Braun, Matthias H.; Lippl, Stefan; Malz, Philipp; Seehaus, Thorsten C.; Sommer, Christian; Zemp, Michael",2013,HINTEREISFERNER,
glac_bound,334690,G010788E46845N,2010-06-01T00:00:00,3.963,3.96484,0.0,0.0,0,2771,3170,3462,2003-07-30T00:00:00,okay,Kesselwandferner,None,None,exists,None,0,593,2016-02-01T09:00:00,"All glaciers are classified in the main processing stage with a thresholded ratio image and an additional threshold to provide the classification in shadow regions (e.g. Paul and Kaeaeb, 2005); All glaciers are classified in the main processing stage wit",30,European Alps,University of Zurich-Irchel,0,0,9,11,1,None,G010788E46845N,"Paul, Frank","Paul, Frank",2003,KESSELWANDFERNER,
glac_bound,344469,G010788E46845N,2007-01-01T00:00:00,0.0,4.15698,0.0,0.0,0,0,0,0,1969-06-30T00:00:00,okay,Kesselwandferner,None,None,exists,None,0,601,2016-03-07T09:00:00,The glacier areas have been delineated manually: i.e. perennial snow patches directly attached to the glacier have been mapped as glacier areas.; Lambrecht and Kuhn (2007) used orthophotos between 1996 and 2002 to update the glacier inventory 1969 (GI 1),34,Austrian Alps,Universitaet Innsbruck,0,0,9,11,1,None,G010788E46845N,"Fischer, Andrea","Fischer, Andrea; Kuhn, Michael; Lambrecht, Astrid",1969,KESSELWANDFERNER,
glac_bound,345327,G010788E46845N,2007-06-30T00:00:00,0.0,4.05133,0.0,0.0,0,0,0,0,1998-06-30T00:00:00,okay,Kesselwandferner,None,None,exists,None,0,602,2016-03-07T09:00:00,"GI2 dates are from 1996/2002, since different flight campaigns were necessary to acquire cloud-free orthophotos with a minimum snow cover. The main part of the glaciers were covered during 1997 and 1998 (Fischer et al. 2015); For the Australian Alsp, gla",34,Austrian Alps,Universitaet Innsbruck,0,0,9,11,1,None,G010788E46845N,"Fischer, Andrea","Fischer, Andrea; Kuhn, Michael; Lambrecht, Astrid",1998,KESSELWANDFERNER,
glac_bound,346234,G010788E46845N,2012-06-30T00:00:00,0.0,3.82114,0.0,0.0,0,0,0,0,2012-06-30T00:00:00,okay,Kesselwandferner,None,None,exists,None,0,603,2016-03-07T09:00:00,"Where no lidar data were available,the GI 2 glacier boundaries have been updated with orthophotos.; GI 3 glacier extent was mapped from lidar DEMs and orthophotos dating from 2004 to 2012. Lidar hillshade of glaciers in the Oetztal Alps were from 2006 wi",34,Austrian Alps,Universitaet Innsbruck,0,0,9,11,1,None,G010788E46845N,"Fischer, Andrea","Fischer, Andrea",2012,KESSELWANDFERNER,
glac_bound,356948,G010788E46845N,2014-01-01T00:00:00,0.0,5.10607,0.0,0.0,0,0,0,0,1850-01-01T00:00:00,okay,Kesselwandferner,None,None,exists,None,0,613,2016-03-07T09:00:00,"; The LIA maximum extents were mapped based on previous mappings by Gross (1987) and Patzelt (1973), which were adapted to fit the moraine positions recorded in modern LiDAR DEMs and orthophotos. Gross and Patzel mapped 85% of the Austrian glaciers based",34,Austrian Alps,Universitaet Innsbruck,0,0,9,11,1,None,G010788E46845N,"Fischer, Andrea","Fischer, Andrea",1850,KESSELWANDFERNER,
glac_bound,519227,G010788E46845N,2017-05-20T00:00:00,0.0,3.59824,0.0,0.0,0,0,0,0,2015-08-26T00:00:00,okay,Kesselwandferner,None,None,exists,None,0,663,2019-02-15T00:00:00,"Advanced atmospheric and topographic correction of S2A scenes, automated pre-classification of glacier areas, manual correction of minor misclassifications and in debris covered areas;",34,Austrian Alps,Universitaet Innsbruck,0,0,9,11,1,None,G010788E46845N,"Schwaizer (nee Bippus), Gabriele","Nemec, Johanna; Schwaizer (nee Bippus), Gabriele",2015,KESSELWANDFERNER,
glac_bound,709639,G010788E46845N,2019-04-15T00:00:00,3.58857,3.58977,0.0,0.0,0,2896,3181,3468,2015-08-26T00:00:00,okay,Kesselwandferner,None,None,exists,None,0,710,2019-04-15T09:00:00,Semi-automated glacier classification; The outlines are derived from 8 Sentinel 2 MSI tiles acquired in Aug. 2015.  Topographic information was derived semi-automatically from the 30 m ALOS AW3D30 DEM.,561,Various (GlobGlacier),University of Zurich-Irchel,0,0,9,11,1,None,G010788E46845N,"Paul, Frank","Azzoni, R.S.; Fugazza, D.; Le Bris, Raymond; Nemec, J.; Paul, Frank; Rabatel, Antoine; Ramusovic, M.; Rastner, Philipp; Schaub, Yvonne; Schwaizer (nee Bippus), Gabriele",2015,KESSELWANDFERNER,
glac_bound,755560,G010788E46845N,2021-09-01T00:00:00,3.96348,3.96484,0.0,0.0,0,2757,3167,3465,2003-07-30T00:00:00,okay,Kesselwandferner,None,None,exists,None,0,731,2021-10-09T09:00:00,Semi-automated glacier classification; The outlines are derived from 11 Landsat scenes acquired in 2003.,30,European Alps,University of Zurich-Irchel,0,0,9,11,1,None,G010788E46845N,"Paul, Frank","Frey, Holger; Le Bris, Raymond; Paul, Frank; Rastner, Philipp",2003,KESSELWANDFERNER,
glac_bound,1031532,G010788E46845N,2022-10-15T00:00:00,0.0,4.07698,0.0,0.0,0,0,0,0,2000-08-22T00:00:00,okay,Kesselwandferner,None,None,exists,None,0,818,2022-11-28T09:00:00,Semi-automated glacier classification.; Semi-automatic mapping from Landsat satellite images.,585,European Alps,Friedrich-Alexander University (FAU),0,0,9,11,1,None,G010788E46845N,"Bajracharya, Samjwal","Braun, Matthias H.; Lippl, Stefan; Malz, Philipp; Seehaus, Thorsten C.; Sommer, Christian; Zemp, Michael",2000,KESSELWANDFERNER,
glac_bound,1035000,G010788E46845N,2022-10-15T00:00:00,0.0,3.6322,0.0,0.0,0,0,0,0,2011-08-21T00:00:00,okay,Kesselwandferner,None,None,exists,None,0,819,2022-11-28T09:00:00,Semi-automated glacier classification.; Semi-automatic mapping from Landsat satellite images.,585,European Alps,Friedrich-Alexander University (FAU),0,0,9,11,1,None,G010788E46845N,"Bajracharya, Samjwal","Braun, Matthias H.; Lippl, Stefan; Malz, Philipp; Seehaus, Thorsten C.; Sommer, Christian; Zemp, Michael",2011,KESSELWANDFERNER,
glac_bound,1038346,G010788E46845N,2022-10-15T00:00:00,0.0,3.47156,0.0,0.0,0,0,0,0,2015-09-01T00:00:00,okay,Kesselwandferner,None,None,exists,None,0,820,2022-11-28T09:00:00,Semi-automated glacier classification.; Semi-automatic mapping from Landsat satellite images.,585,European Alps,Friedrich-Alexander University (FAU),0,0,9,11,1,None,G010788E46845N,"Bajracharya, Samjwal","Braun, Matthias H.; Lippl, Stefan; Malz, Philipp; Seehaus, Thorsten C.; Sommer, Christian; Zemp, Michael",2015,KESSELWANDFERNER,
glac_bound,335730,G012678E47096N,2010-06-01T00:00:00,17.794,17.7737,0.0,0.0,0,2090,2870,3475,2003-08-24T00:00:00,okay,Pasterze,None,None,exists,None,0,593,2016-02-01T09:00:00,"All glaciers are classified in the main processing stage with a thresholded ratio image and an additional threshold to provide the classification in shadow regions (e.g. Paul and Kaeaeb, 2005); All glaciers are classified in the main processing stage wit",30,European Alps,University of Zurich-Irchel,0,0,9,11,1,None,G012678E47096N,"Paul, Frank","Paul, Frank",2003,PASTERZE,
glac_bound,345040,G012678E47096N,2007-01-01T00:00:00,0.0,19.9019,0.0,0.0,0,0,0,0,1969-06-30T00:00:00,okay,Pasterze,None,None,exists,None,0,601,2016-03-07T09:00:00,The glacier areas have been delineated manually: i.e. perennial snow patches directly attached to the glacier have been mapped as glacier areas.; Lambrecht and Kuhn (2007) used orthophotos between 1996 and 2002 to update the glacier inventory 1969 (GI 1),34,Austrian Alps,Universitaet Innsbruck,0,0,9,11,1,None,G012678E47096N,"Fischer, Andrea","Fischer, Andrea; Kuhn, Michael; Lambrecht, Astrid",1969,PASTERZE,
glac_bound,357370,G012678E47096N,2014-01-01T00:00:00,0.0,23.5452,0.0,0.0,0,0,0,0,1850-01-01T00:00:00,okay,Pasterze,None,None,exists,None,0,613,2016-03-07T09:00:00,"; The LIA maximum extents were mapped based on previous mappings by Gross (1987) and Patzelt (1973), which were adapted to fit the moraine positions recorded in modern LiDAR DEMs and orthophotos. Gross and Patzel mapped 85% of the Austrian glaciers based",34,Austrian Alps,Universitaet Innsbruck,0,0,9,11,1,None,G012678E47096N,"Fischer, Andrea","Fischer, Andrea",1850,PASTERZE,
glac_bound,519836,G012678E47096N,2017-03-16T00:00:00,0.0,16.5807,0.0,0.0,0,0,0,0,2016-08-27T00:00:00,okay,Pasterze,None,None,exists,None,0,665,2019-02-15T00:00:00,"Advanced atmospheric and topographic correction of S2A scenes, automated pre-classification of glacier areas, manual correction of minor misclassifications and in debris covered areas;",34,Austrian Alps,Universitaet Innsbruck,0,0,9,11,1,None,G012678E47096N,"Schwaizer (nee Bippus), Gabriele","Nemec, Johanna; Schwaizer (nee Bippus), Gabriele",2016,PASTERZE,
glac_bound,710442,G012678E47096N,2019-04-15T00:00:00,16.1835,16.1652,0.0,0.0,0,2102,2914,3495,2016-08-27T00:00:00,okay,Pasterze,None,None,exists,None,0,710,2019-04-15T09:00:00,Semi-automated glacier classification; The outlines are derived from 8 Sentinel 2 MSI tiles acquired in Aug. 2015.  Topographic information was derived semi-automatically from the 30 m ALOS AW3D30 DEM.,561,Various (GlobGlacier),University of Zurich-Irchel,0,0,9,11,1,None,G012678E47096N,"Paul, Frank","Azzoni, R.S.; Fugazza, D.; Le Bris, Raymond; Nemec, J.; Paul, Frank; Rabatel, Antoine; Ramusovic, M.; Rastner, Philipp; Schaub, Yvonne; Schwaizer (nee Bippus), Gabriele",2016,PASTERZE,
glac_bound,756269,G012678E47096N,2021-09-01T00:00:00,17.7261,17.7061,0.0,0.0,0,2075,2865,3491,2003-08-24T00:00:00,okay,Pasterze,None,None,exists,None,0,731,2021-10-09T09:00:00,Semi-automated glacier classification; The outlines are derived from 11 Landsat scenes acquired in 2003.,30,European Alps,University of Zurich-Irchel,0,0,9,11,1,None,G012678E47096N,"Paul, Frank","Frey, Holger; Le Bris, Raymond; Paul, Frank; Rastner, Philipp",2003,PASTERZE,
glac_bound,1032170,G012678E47096N,2022-10-15T00:00:00,0.0,17.9346,0.0,0.0,0,0,0,0,2000-09-09T00:00:00,okay,Pasterze,None,None,exists,None,0,818,2022-11-28T09:00:00,Semi-automated glacier classification.; Semi-automatic mapping from Landsat satellite images.,585,European Alps,Friedrich-Alexander University (FAU),0,0,9,11,1,None,G012678E47096N,"Bajracharya, Samjwal","Braun, Matthias H.; Lippl, Stefan; Malz, Philipp; Seehaus, Thorsten C.; Sommer, Christian; Zemp, Michael",2000,PASTERZE,
glac_bound,1035606,G012678E47096N,2022-10-15T00:00:00,0.0,16.8241,0.0,0.0,0,0,0,0,2011-08-23T00:00:00,okay,Pasterze,None,None,exists,None,0,819,2022-11-28T09:00:00,Semi-automated glacier classification.; Semi-automatic mapping from Landsat satellite images.,585,European Alps,Friedrich-Alexander University (FAU),0,0,9,11,1,None,G012678E47096N,"Bajracharya, Samjwal","Braun, Matthias H.; Lippl, Stefan; Malz, Philipp; Seehaus, Thorsten C.; Sommer, Christian; Zemp, Michael",2011,PASTERZE,
glac_bound,1038974,G012678E47096N,2022-10-15T00:00:00,0.0,16.4543,0.0,0.0,0,0,0,0,2013-07-27T00:00:00,okay,Pasterze,None,None,exists,None,0,820,2022-11-28T09:00:00,Semi-automated glacier classification.; Semi-automatic mapping from Landsat satellite images.,585,European Alps,Friedrich-Alexander University (FAU),0,0,9,11,1,None,G012678E47096N,"Bajracharya, Samjwal","Braun, Matthias H.; Lippl, Stefan; Malz, Philipp; Seehaus, Thorsten C.; Sommer, Christian; Zemp, Michael",2013,PASTERZE,
glac_bound,1080816,G012678E47096N,2007-06-30T00:00:00,0.0,0.022047,0.0,0.0,0,0,0,0,1998-06-30T00:00:00,okay,Pasterze,None,None,exists,None,0,602,2016-03-07T09:00:00,"GI2 dates are from 1996/2002, since different flight campaigns were necessary to acquire cloud-free orthophotos with a minimum snow cover. The main part of the glaciers were covered during 1997 and 1998 (Fischer et al. 2015); For the Australian Alsp, gla",34,Austrian Alps,Universitaet Innsbruck,0,0,9,11,1,None,G012678E47096N,"Fischer, Andrea","Fischer, Andrea; Kuhn, Michael; Lambrecht, Astrid",1998,PASTERZE,
glac_bound,1080814,G012678E47096N,2007-06-30T00:00:00,0.0,18.3175,0.0,0.0,0,0,0,0,1998-06-30T00:00:00,okay,Pasterze,None,None,exists,None,0,602,2016-03-07T09:00:00,"GI2 dates are from 1996/2002, since different flight campaigns were necessary to acquire cloud-free orthophotos with a minimum snow cover. The main part of the glaciers were covered during 1997 and 1998 (Fischer et al. 2015); For the Australian Alsp, gla",34,Austrian Alps,Universitaet Innsbruck,0,0,9,11,1,None,G012678E47096N,"Fischer, Andrea","Fischer, Andrea; Kuhn, Michael; Lambrecht, Astrid",1998,PASTERZE,
glac_bound,1080815,G012678E47096N,2007-06-30T00:00:00,0.0,0.026907,0.0,0.0,0,0,0,0,1998-06-30T00:00:00,okay,Pasterze,None,None,exists,None,0,602,2016-03-07T09:00:00,"GI2 dates are from 1996/2002, since different flight campaigns were necessary to acquire cloud-free orthophotos with a minimum snow cover. The main part of the glaciers were covered during 1997 and 1998 (Fischer et al. 2015); For the Australian Alsp, gla",34,Austrian Alps,Universitaet Innsbruck,0,0,9,11,1,None,G012678E47096N,"Fischer, Andrea","Fischer, Andrea; Kuhn, Michael; Lambrecht, Astrid",1998,PASTERZE,
glac_bound,1081136,G012678E47096N,2012-06-30T00:00:00,0.0,0.011216,0.0,0.0,0,0,0,0,2012-06-30T00:00:00,okay,Pasterze,None,None,exists,None,0,603,2016-03-07T09:00:00,"Where no lidar data were available,the GI 2 glacier boundaries have been updated with orthophotos.; GI 3 glacier extent was mapped from lidar DEMs and orthophotos dating from 2004 to 2012. Lidar hillshade of glaciers in the Oetztal Alps were from 2006 wi",34,Austrian Alps,Universitaet Innsbruck,0,0,9,11,1,None,G012678E47096N,"Fischer, Andrea","Fischer, Andrea",2012,PASTERZE,
glac_bound,1081137,G012678E47096N,2012-06-30T00:00:00,0.0,0.013132,0.0,0.0,0,0,0,0,2012-06-30T00:00:00,okay,Pasterze,None,None,exists,None,0,603,2016-03-07T09:00:00,"Where no lidar data were available,the GI 2 glacier boundaries have been updated with orthophotos.; GI 3 glacier extent was mapped from lidar DEMs and orthophotos dating from 2004 to 2012. Lidar hillshade of glaciers in the Oetztal Alps were from 2006 wi",34,Austrian Alps,Universitaet Innsbruck,0,0,9,11,1,None,G012678E47096N,"Fischer, Andrea","Fischer, Andrea",2012,PASTERZE,
glac_bound,1081138,G012678E47096N,2012-06-30T00:00:00,0.0,0.004032,0.0,0.0,0,0,0,0,2012-06-30T00:00:00,okay,Pasterze,None,None,exists,None,0,603,2016-03-07T09:00:00,"Where no lidar data were available,the GI 2 glacier boundaries have been updated with orthophotos.; GI 3 glacier extent was mapped from lidar DEMs and orthophotos dating from 2004 to 2012. Lidar hillshade of glaciers in the Oetztal Alps were from 2006 wi",34,Austrian Alps,Universitaet Innsbruck,0,0,9,11,1,None,G012678E47096N,"Fischer, Andrea","Fischer, Andrea",2012,PASTERZE,
glac_bound,1081139,G012678E47096N,2012-06-30T00:00:00,0.0,0.011681,0.0,0.0,0,0,0,0,2012-06-30T00:00:00,okay,Pasterze,None,None,exists,None,0,603,2016-03-07T09:00:00,"Where no lidar data were available,the GI 2 glacier boundaries have been updated with orthophotos.; GI 3 glacier extent was mapped from lidar DEMs and orthophotos dating from 2004 to 2012. Lidar hillshade of glaciers in the Oetztal Alps were from 2006 wi",34,Austrian Alps,Universitaet Innsbruck,0,0,9,11,1,None,G012678E47096N,"Fischer, Andrea","Fischer, Andrea",2012,PASTERZE,
glac_bound,1081140,G012678E47096N,2012-06-30T00:00:00,0.0,16.2865,0.0,0.0,0,0,0,0,2012-06-30T00:00:00,okay,Pasterze,None,None,exists,None,0,603,2016-03-07T09:00:00,"Where no lidar data were available,the GI 2 glacier boundaries have been updated with orthophotos.; GI 3 glacier extent was mapped from lidar DEMs and orthophotos dating from 2004 to 2012. Lidar hillshade of glaciers in the Oetztal Alps were from 2006 wi",34,Austrian Alps,Universitaet Innsbruck,0,0,9,11,1,None,G012678E47096N,"Fischer, Andrea","Fischer, Andrea",2012,PASTERZE,
glac_bound,520376,G010823E46875N,2017-05-20T00:00:00,0.0,6.0142,0.0,0.0,0,0,0,0,2015-08-26T00:00:00,okay,Vernagtferner,None,None,exists,None,0,668,2019-02-09T00:00:00,"Advanced atmospheric and topographic correction of S2A scenes, automated pre-classification of glacier areas, manual correction of minor misclassifications and in debris covered areas; Correction of outline for this one glacier.",34,Austrian Alps,Universitaet Innsbruck,0,0,9,11,1,None,None,"Schwaizer (nee Bippus), Gabriele","Nemec, Johanna; Schwaizer (nee Bippus), Gabriele",2015,VERNAGTFERNER,
glac_bound,334778,G010823E46875N,2010-06-01T00:00:00,8.556,8.55871,0.0,0.0,0,2808,3150,3541,2003-07-30T00:00:00,okay,Vernagtferner,None,None,exists,None,0,593,2016-02-01T09:00:00,"All glaciers are classified in the main processing stage with a thresholded ratio image and an additional threshold to provide the classification in shadow regions (e.g. Paul and Kaeaeb, 2005); All glaciers are classified in the main processing stage wit",30,European Alps,University of Zurich-Irchel,0,0,9,11,1,None,None,"Paul, Frank","Paul, Frank",2003,VERNAGTFERNER,
glac_bound,344513,G010823E46875N,2007-01-01T00:00:00,0.0,9.59785,0.0,0.0,0,0,0,0,1969-06-30T00:00:00,okay,Vernagtferner,None,None,exists,None,0,601,2016-03-07T09:00:00,The glacier areas have been delineated manually: i.e. perennial snow patches directly attached to the glacier have been mapped as glacier areas.; Lambrecht and Kuhn (2007) used orthophotos between 1996 and 2002 to update the glacier inventory 1969 (GI 1),34,Austrian Alps,Universitaet Innsbruck,0,0,9,11,1,None,None,"Fischer, Andrea","Fischer, Andrea; Kuhn, Michael; Lambrecht, Astrid",1969,VERNAGTFERNER,
glac_bound,755605,G010823E46875N,2021-09-01T00:00:00,8.5559,8.55871,0.0,0.0,0,2796,3147,3580,2003-07-30T00:00:00,okay,Vernagtferner,None,None,exists,None,0,731,2021-10-09T09:00:00,Semi-automated glacier classification; The outlines are derived from 11 Landsat scenes acquired in 2003.,30,European Alps,University of Zurich-Irchel,0,3,9,11,1,None,None,"Paul, Frank","Frey, Holger; Le Bris, Raymond; Paul, Frank; Rastner, Philipp",2003,VERNAGTFERNER,
glac_bound,1031566,G010823E46875N,2022-10-15T00:00:00,0.0,8.82186,0.0,0.0,0,0,0,0,2001-08-25T00:00:00,okay,Vernagtferner,None,None,exists,None,0,818,2022-11-28T09:00:00,Semi-automated glacier classification.; Semi-automatic mapping from Landsat satellite images.,585,European Alps,Friedrich-Alexander University (FAU),0,0,9,11,1,None,None,"Bajracharya, Samjwal","Braun, Matthias H.; Lippl, Stefan; Malz, Philipp; Seehaus, Thorsten C.; Sommer, Christian; Zemp, Michael",2001,VERNAGTFERNER,
glac_bound,1035033,G010823E46875N,2022-10-15T00:00:00,0.0,7.51476,0.0,0.0,0,0,0,0,2011-08-21T00:00:00,okay,Vernagtferner,None,None,exists,None,0,819,2022-11-28T09:00:00,Semi-automated glacier classification.; Semi-automatic mapping from Landsat satellite images.,585,European Alps,Friedrich-Alexander University (FAU),0,0,9,11,1,None,None,"Bajracharya, Samjwal","Braun, Matthias H.; Lippl, Stefan; Malz, Philipp; Seehaus, Thorsten C.; Sommer, Christian; Zemp, Michael",2011,VERNAGTFERNER,
glac_bound,1038380,G010823E46875N,2022-10-15T00:00:00,0.0,7.042,0.0,0.0,0,0,0,0,2015-09-01T00:00:00,okay,Vernagtferner,None,None,exists,None,0,820,2022-11-28T09:00:00,Semi-automated glacier classification.; Semi-automatic mapping from Landsat satellite images.,585,European Alps,Friedrich-Alexander University (FAU),0,0,9,11,1,None,None,"Bajracharya, Samjwal","Braun, Matthias H.; Lippl, Stefan; Malz, Philipp; Seehaus, Thorsten C.; Sommer, Christian; Zemp, Michael",2015,VERNAGTFERNER,
glac_bound,1080837,G010823E46875N,2007-06-30T00:00:00,0.0,8.89571,0.0,0.0,0,0,0,0,1998-06-30T00:00:00,okay,Vernagtferner,None,None,exists,None,0,602,2016-03-07T09:00:00,"GI2 dates are from 1996/2002, since different flight campaigns were necessary to acquire cloud-free orthophotos with a minimum snow cover. The main part of the glaciers were covered during 1997 and 1998 (Fischer et al. 2015); For the Australian Alsp, gla",34,Austrian Alps,Universitaet Innsbruck,0,0,9,11,1,None,None,"Fischer, Andrea","Fischer, Andrea; Kuhn, Michael; Lambrecht, Astrid",1998,VERNAGTFERNER,
glac_bound,1080838,G010823E46875N,2007-06-30T00:00:00,0.0,0.001706,0.0,0.0,0,0,0,0,1998-06-30T00:00:00,okay,Vernagtferner,None,None,exists,None,0,602,2016-03-07T09:00:00,"GI2 dates are from 1996/2002, since different flight campaigns were necessary to acquire cloud-free orthophotos with a minimum snow cover. The main part of the glaciers were covered during 1997 and 1998 (Fischer et al. 2015); For the Australian Alsp, gla",34,Austrian Alps,Universitaet Innsbruck,0,0,9,11,1,None,None,"Fischer, Andrea","Fischer, Andrea; Kuhn, Michael; Lambrecht, Astrid",1998,VERNAGTFERNER,
glac_bound,1081592,G010823E46875N,2012-06-30T00:00:00,0.0,8.32147,0.0,0.0,0,0,0,0,2012-06-30T00:00:00,okay,Vernagtferner,None,None,exists,None,0,603,2016-03-07T09:00:00,"Where no lidar data were available,the GI 2 glacier boundaries have been updated with orthophotos.; GI 3 glacier extent was mapped from lidar DEMs and orthophotos dating from 2004 to 2012. Lidar hillshade of glaciers in the Oetztal Alps were from 2006 wi",34,Austrian Alps,Universitaet Innsbruck,0,0,9,11,1,None,None,"Fischer, Andrea","Fischer, Andrea",2012,VERNAGTFERNER,
glac_bound,1091077,G010823E46875N,2014-01-01T00:00:00,0.0,18.2569,0.0,0.0,0,0,0,0,1850-01-01T00:00:00,okay,Vernagtferner,None,None,exists,None,0,613,2016-03-07T09:00:00,"; The LIA maximum extents were mapped based on previous mappings by Gross (1987) and Patzelt (1973), which were adapted to fit the moraine positions recorded in modern LiDAR DEMs and orthophotos. Gross and Patzel mapped 85% of the Austrian glaciers based",34,Austrian Alps,Universitaet Innsbruck,0,0,9,11,1,None,None,"Fischer, Andrea","Fischer, Andrea",1850,VERNAGTFERNER,
glac_bound,1096447,G010823E46875N,2019-04-15T00:00:00,1.21405,1.21447,0.0,0.0,0,2899,3155,3441,2015-08-26T00:00:00,okay,Vernagtferner,None,None,exists,None,0,710,2019-04-15T09:00:00,Semi-automated glacier classification; The outlines are derived from 8 Sentinel 2 MSI tiles acquired in Aug. 2015.  Topographic information was derived semi-automatically from the 30 m ALOS AW3D30 DEM.,561,Various (GlobGlacier),University of Zurich-Irchel,0,0,9,11,1,None,None,"Paul, Frank","Azzoni, R.S.; Fugazza, D.; Le Bris, Raymond; Nemec, J.; Paul, Frank; Rabatel, Antoine; Ramusovic, M.; Rastner, Philipp; Schaub, Yvonne; Schwaizer (nee Bippus), Gabriele",2015,VERNAGTFERNER,
glac_bound,1096448,G010823E46875N,2019-04-15T00:00:00,1.21405,5.79906,0.0,0.0,0,2899,3155,3441,2015-08-26T00:00:00,okay,Vernagtferner,None,None,exists,None,0,710,2019-04-15T09:00:00,Semi-automated glacier classification; The outlines are derived from 8 Sentinel 2 MSI tiles acquired in Aug. 2015.  Topographic information was derived semi-automatically from the 30 m ALOS AW3D30 DEM.,561,Various (GlobGlacier),University of Zurich-Irchel,0,0,9,11,1,None,None,"Paul, Frank","Azzoni, R.S.; Fugazza, D.; Le Bris, Raymond; Nemec, J.; Paul, Frank; Rabatel, Antoine; Ramusovic, M.; Rastner, Philipp; Schaub, Yvonne; Schwaizer (nee Bippus), Gabriele",2015,VERNAGTFERNER,
glac_bound,1100385,G010823E46875N,2022-10-15T00:00:00,0.0,0.264325,0.0,0.0,0,0,0,0,2011-08-21T00:00:00,okay,Vernagtferner,None,None,exists,None,0,819,2022-11-28T09:00:00,Semi-automated glacier classification.; Semi-automatic mapping from Landsat satellite images.,585,European Alps,Friedrich-Alexander University (FAU),0,0,9,11,1,None,None,"Bajracharya, Samjwal","Braun, Matthias H.; Lippl, Stefan; Malz, Philipp; Seehaus, Thorsten C.; Sommer, Christian; Zemp, Michael",2011,VERNAGTFERNER,
glac_bound,1101570,G010823E46875N,2022-10-15T00:00:00,0.0,0.077197,0.0,0.0,0,0,0,0,2015-09-01T00:00:00,okay,Vernagtferner,None,None,exists,None,0,820,2022-11-28T09:00:00,Semi-automated glacier classification.; Semi-automatic mapping from Landsat satellite images.,585,European Alps,Friedrich-Alexander University (FAU),0,0,9,11,1,None,None,"Bajracharya, Samjwal","Braun, Matthias H.; Lippl, Stefan; Malz, Philipp; Seehaus, Thorsten C.; Sommer, Christian; Zemp, Michael",2015,VERNAGTFERNER,
glac_bound,166758,G007896E46027N,2013-05-28T00:00:00,9.17125,9.15694,0.0,6767.0,0,2647,3361,4179,2009-09-15T00:00:00,okay,Allalingletscher,None,B52/29,exists,None,0,579,2013-06-03T11:00:00,"SwissImage L2 aerial orthophotos, manual digitization; Glacier outlines were digitized manually from high-resolution aerial photography (swissimage level 2; 50cm resolution) acquired in september 2008 (34 glaciers); 2009(354 glaciers); 2010 (708 glaciers",571,Swiss Alps,University of Fribourg,0,0,9,11,1,None,G007896E46027N,"Fischer, Mauro","Fischer, Mauro",2009,ALLALIN,
glac_bound,330943,G007896E46027N,2010-06-01T00:00:00,9.275,9.28096,0.0,0.0,0,2649,3360,4143,2003-08-06T00:00:00,okay,Allalingletscher,None,B52/29,exists,None,0,593,2016-02-01T09:00:00,"All glaciers are classified in the main processing stage with a thresholded ratio image and an additional threshold to provide the classification in shadow regions (e.g. Paul and Kaeaeb, 2005); All glaciers are classified in the main processing stage wit",30,European Alps,University of Zurich-Irchel,0,0,9,11,1,None,G007896E46027N,"Paul, Frank","Paul, Frank",2003,ALLALIN,
glac_bound,337178,G007896E46027N,1992-06-01T00:00:00,11129500.0,11.1265,0.0,0.0,0,0,0,0,1850-09-01T00:00:00,okay,Allalingletscher,None,B52/29,exists,None,0,595,2016-02-01T09:00:00,"Field and aerial photo reconstruction + Siegfried map, transfer to topographic map (1:25000). Manual digitization from transparent paper with topo map in bakcground, using ArcInfo and ArcGIS, Swiss coordinate system; Field and aerial photo reconstruction",30,European Alps,University of Zurich-Irchel,0,0,9,11,1,None,G007896E46027N,"Paul, Frank","Maisch, Max",1850,ALLALIN,
glac_bound,339519,G007896E46027N,2008-01-01T00:00:00,9.15931,9.15683,0.0,0.0,0,2647,0,4179,2008-09-30T00:00:00,okay,Allalingletscher,None,B52/29,exists,None,0,596,2016-02-01T09:00:00,Glacier outlines were digitized manually in ArcGIS based on SWISSIMAGE Level 2. Glacier polygons were coded and named according the outlines of 1973.; Glacier outlines were digitized manually in ArcGIS based on SWISSIMAGE Level 2 (swisstopo) imagery.,571,Swiss Alps,University of Fribourg,0,0,9,11,1,None,G007896E46027N,"Fischer, Mauro","Fischer, Mauro",2008,ALLALIN,
glac_bound,342348,G007896E46027N,1995-06-01T00:00:00,0.00116,9.97771,0.0,0.0,0,0,0,0,1973-09-01T00:00:00,okay,Allalingletscher,None,B52/29,exists,None,0,599,2016-02-01T09:00:00,Southwest Switzerland: outlines were directly transferred from aerial photography to 1:25000 topo maps.; The outlines were directly transferred and digitized from aerial photography to 1:25000 topo maps. In September 1973 favorable conditions for glacier,30,European Alps,University of Zurich-Irchel,0,0,9,11,1,None,G007896E46027N,"Maisch, Max","Benz, Christof; Wipf, Andreas",1973,ALLALIN,
glac_bound,86578,G007896E46027N,2009-04-04T00:00:00,9.35007,9.34759,0.0,0.0,0,0,0,0,1998-08-31T00:00:00,okay,Allalingletscher,None,B52/29,exists,None,0,533,2009-04-30T19:18:21,"TM4/TM5 ratio; Glaciers were automatically mapped from TM raw data using two thresholds: TM3/TM5 > 2.1 and TM1 > 53. The glacier map was smoothed with a 3 by 3 median filter. After raster-vector conversion gross errors were manually removed (water, lakes",30,European Alps,University of Zurich-Irchel,0,0,9,11,1,None,G007896E46027N,"Paul, Frank","Paul, Frank",1998,ALLALIN,
glac_bound,708093,G007896E46027N,2019-04-15T00:00:00,8.92195,8.92756,0.0,0.0,0,2633,3385,4187,2015-08-29T00:00:00,okay,Allalingletscher,None,B52/29,exists,None,0,710,2019-04-15T09:00:00,Semi-automated glacier classification; The outlines are derived from 8 Sentinel 2 MSI tiles acquired in Aug. 2015.  Topographic information was derived semi-automatically from the 30 m ALOS AW3D30 DEM.,561,Various (GlobGlacier),University of Zurich-Irchel,0,0,9,11,1,None,G007896E46027N,"Paul, Frank","Azzoni, R.S.; Fugazza, D.; Le Bris, Raymond; Nemec, J.; Paul, Frank; Rabatel, Antoine; Ramusovic, M.; Rastner, Philipp; Schaub, Yvonne; Schwaizer (nee Bippus), Gabriele",2015,ALLALIN,
glac_bound,753864,G007896E46027N,2021-09-01T00:00:00,9.27517,9.28096,0.0,0.0,0,2626,3365,4188,2003-08-13T00:00:00,okay,Allalingletscher,None,B52/29,exists,None,0,731,2021-10-09T09:00:00,Semi-automated glacier classification; The outlines are derived from 11 Landsat scenes acquired in 2003.,30,European Alps,University of Zurich-Irchel,0,0,9,11,1,None,G007896E46027N,"Paul, Frank","Frey, Holger; Le Bris, Raymond; Paul, Frank; Rastner, Philipp",2003,ALLALIN,
glac_bound,1030041,G007896E46027N,2022-10-15T00:00:00,0.0,9.56055,0.0,0.0,0,0,0,0,2000-08-20T00:00:00,okay,Allalingletscher,None,B52/29,exists,None,0,818,2022-11-28T09:00:00,Semi-automated glacier classification.; Semi-automatic mapping from Landsat satellite images.,585,European Alps,Friedrich-Alexander University (FAU),0,0,9,11,1,None,G007896E46027N,"Bajracharya, Samjwal","Braun, Matthias H.; Lippl, Stefan; Malz, Philipp; Seehaus, Thorsten C.; Sommer, Christian; Zemp, Michael",2000,ALLALIN,
glac_bound,1033544,G007896E46027N,2022-10-15T00:00:00,0.0,8.40259,0.0,0.0,0,0,0,0,2011-09-13T00:00:00,okay,Allalingletscher,None,B52/29,exists,None,0,819,2022-11-28T09:00:00,Semi-automated glacier classification.; Semi-automatic mapping from Landsat satellite images.,585,European Alps,Friedrich-Alexander University (FAU),0,0,9,11,1,None,G007896E46027N,"Bajracharya, Samjwal","Braun, Matthias H.; Lippl, Stefan; Malz, Philipp; Seehaus, Thorsten C.; Sommer, Christian; Zemp, Michael",2011,ALLALIN,
glac_bound,1036930,G007896E46027N,2022-10-15T00:00:00,0.0,8.64104,0.0,0.0,0,0,0,0,2013-09-09T00:00:00,okay,Allalingletscher,None,B52/29,exists,None,0,820,2022-11-28T09:00:00,Semi-automated glacier classification.; Semi-automatic mapping from Landsat satellite images.,585,European Alps,Friedrich-Alexander University (FAU),0,0,9,11,1,None,G007896E46027N,"Bajracharya, Samjwal","Braun, Matthias H.; Lippl, Stefan; Malz, Philipp; Seehaus, Thorsten C.; Sommer, Christian; Zemp, Michael",2013,ALLALIN,
glac_bound,1121552,G007896E46027N,2022-06-02T00:00:00,0.0,10.4881,0.0,0.0,0,0,0,0,1931-09-18T00:00:00,okay,Allalingletscher,None,B52/29,exists,None,0,868,2022-06-02T09:00:00,Digitization from LK50 maps; see https://tc.copernicus.org/articles/16/3249/2022/,593,swiss alps,GLAMOS (Glacier Monitoring Switzerland),0,0,0,11,1,None,G007896E46027N,"Hodel, Elias","Hodel, Elias; Mannerfelt, Erik Schytt",1931,ALLALIN,
glac_bound,1124030,G007896E46027N,2022-06-02T00:00:00,0.0,9.08626,0.0,0.0,0,0,0,0,2016-09-01T00:00:00,okay,Allalingletscher,None,B52/29,exists,None,0,869,2022-06-02T09:00:00,Digitizaiton of glaciers in aerial imagery;,593,swiss alps,GLAMOS (Glacier Monitoring Switzerland),0,0,0,11,1,None,G007896E46027N,"Hodel, Elias","Bauder, Andreas; Hodel, Elias; Huss, Matthias; Linsbauer, Andreas",2016,ALLALIN,
glac_bound,166964,G008475E46414N,2013-05-28T00:00:00,1.89437,1.89661,0.0,1497.0,0,2569,2877,3174,2009-09-15T00:00:00,okay,Ghiacciaio del Basòdino,None,C14/10,exists,None,0,579,2013-06-03T11:00:00,"SwissImage L2 aerial orthophotos, manual digitization; Glacier outlines were digitized manually from high-resolution aerial photography (swissimage level 2; 50cm resolution) acquired in september 2008 (34 glaciers); 2009(354 glaciers); 2010 (708 glaciers",571,Swiss Alps,University of Fribourg,0,0,9,11,1,None,None,"Fischer, Mauro","Fischer, Mauro",2009,BASÒDINO,
glac_bound,332780,G008475E46414N,2010-06-01T00:00:00,2.09,2.09197,0.0,0.0,0,2560,2863,3157,2003-08-06T00:00:00,okay,Ghiacciaio del Basòdino,None,C14/10,exists,None,0,593,2016-02-01T09:00:00,"All glaciers are classified in the main processing stage with a thresholded ratio image and an additional threshold to provide the classification in shadow regions (e.g. Paul and Kaeaeb, 2005); All glaciers are classified in the main processing stage wit",30,European Alps,University of Zurich-Irchel,0,0,9,11,1,None,None,"Paul, Frank","Paul, Frank",2003,BASÒDINO,
glac_bound,337754,G008475E46414N,1992-06-01T00:00:00,4008190.0,4.00779,0.0,0.0,0,0,0,0,1850-09-01T00:00:00,okay,Ghiacciaio del Basòdino,None,C14/10,exists,None,0,595,2016-02-01T09:00:00,"Field and aerial photo reconstruction + Siegfried map, transfer to topographic map (1:25000). Manual digitization from transparent paper with topo map in bakcground, using ArcInfo and ArcGIS, Swiss coordinate system; Field and aerial photo reconstruction",30,European Alps,University of Zurich-Irchel,0,0,9,11,1,None,None,"Paul, Frank","Maisch, Max",1850,BASÒDINO,
glac_bound,340142,G008475E46414N,2008-01-01T00:00:00,1.89679,1.8966,0.0,0.0,0,2569,0,3174,2008-09-30T00:00:00,okay,Ghiacciaio del Basòdino,None,C14/10,exists,None,0,596,2016-02-01T09:00:00,Glacier outlines were digitized manually in ArcGIS based on SWISSIMAGE Level 2. Glacier polygons were coded and named according the outlines of 1973.; Glacier outlines were digitized manually in ArcGIS based on SWISSIMAGE Level 2 (swisstopo) imagery.,571,Swiss Alps,University of Fribourg,0,0,9,11,1,None,None,"Fischer, Mauro","Fischer, Mauro",2008,BASÒDINO,
glac_bound,343039,G008475E46414N,1995-06-01T00:00:00,0.000271,2.31949,0.0,0.0,0,0,0,0,1973-09-01T00:00:00,okay,Ghiacciaio del Basòdino,None,C14/10,exists,None,0,599,2016-02-01T09:00:00,Southwest Switzerland: outlines were directly transferred from aerial photography to 1:25000 topo maps.; The outlines were directly transferred and digitized from aerial photography to 1:25000 topo maps. In September 1973 favorable conditions for glacier,30,European Alps,University of Zurich-Irchel,0,0,9,11,1,None,None,"Maisch, Max","Benz, Christof; Wipf, Andreas",1973,BASÒDINO,
glac_bound,86274,G008475E46414N,2009-04-04T00:00:00,2.20382,2.20362,0.0,0.0,0,0,0,0,1998-08-31T00:00:00,okay,Ghiacciaio del Basòdino,None,C14/10,exists,None,0,533,2009-04-30T19:18:21,"TM4/TM5 ratio; Glaciers were automatically mapped from TM raw data using two thresholds: TM3/TM5 > 2.1 and TM1 > 53. The glacier map was smoothed with a 3 by 3 median filter. After raster-vector conversion gross errors were manually removed (water, lakes",30,European Alps,University of Zurich-Irchel,0,0,9,11,1,None,None,"Paul, Frank","Paul, Frank",1998,BASÒDINO,
glac_bound,708648,G008475E46414N,2019-04-15T00:00:00,1.68055,1.68182,0.0,0.0,0,2597,2907,3192,2015-08-29T00:00:00,okay,Ghiacciaio del Basòdino,None,C14/10,exists,None,0,710,2019-04-15T09:00:00,Semi-automated glacier classification; The outlines are derived from 8 Sentinel 2 MSI tiles acquired in Aug. 2015.  Topographic information was derived semi-automatically from the 30 m ALOS AW3D30 DEM.,561,Various (GlobGlacier),University of Zurich-Irchel,0,0,9,11,1,None,None,"Paul, Frank","Azzoni, R.S.; Fugazza, D.; Le Bris, Raymond; Nemec, J.; Paul, Frank; Rabatel, Antoine; Ramusovic, M.; Rastner, Philipp; Schaub, Yvonne; Schwaizer (nee Bippus), Gabriele",2015,BASÒDINO,
glac_bound,754465,G008475E46414N,2021-09-01T00:00:00,2.09038,2.09197,0.0,0.0,0,2562,2867,3192,2003-08-13T00:00:00,okay,Ghiacciaio del Basòdino,None,C14/10,exists,None,0,731,2021-10-09T09:00:00,Semi-automated glacier classification; The outlines are derived from 11 Landsat scenes acquired in 2003.,30,European Alps,University of Zurich-Irchel,0,0,9,11,1,None,None,"Paul, Frank","Frey, Holger; Le Bris, Raymond; Paul, Frank; Rastner, Philipp",2003,BASÒDINO,
glac_bound,1030575,G008475E46414N,2022-10-15T00:00:00,0.0,2.25952,0.0,0.0,0,0,0,0,1999-09-12T00:00:00,okay,Ghiacciaio del Basòdino,None,C14/10,exists,None,0,818,2022-11-28T09:00:00,Semi-automated glacier classification.; Semi-automatic mapping from Landsat satellite images.,585,European Alps,Friedrich-Alexander University (FAU),0,0,9,11,1,None,None,"Bajracharya, Samjwal","Braun, Matthias H.; Lippl, Stefan; Malz, Philipp; Seehaus, Thorsten C.; Sommer, Christian; Zemp, Michael",1999,BASÒDINO,
glac_bound,1034071,G008475E46414N,2022-10-15T00:00:00,0.0,1.83701,0.0,0.0,0,0,0,0,2011-08-28T00:00:00,okay,Ghiacciaio del Basòdino,None,C14/10,exists,None,0,819,2022-11-28T09:00:00,Semi-automated glacier classification.; Semi-automatic mapping from Landsat satellite images.,585,European Alps,Friedrich-Alexander University (FAU),0,0,9,11,1,None,None,"Bajracharya, Samjwal","Braun, Matthias H.; Lippl, Stefan; Malz, Philipp; Seehaus, Thorsten C.; Sommer, Christian; Zemp, Michael",2011,BASÒDINO,
glac_bound,1037414,G008475E46414N,2022-10-15T00:00:00,0.0,1.77876,0.0,0.0,0,0,0,0,2013-09-09T00:00:00,okay,Ghiacciaio del Basòdino,None,C14/10,exists,None,0,820,2022-11-28T09:00:00,Semi-automated glacier classification.; Semi-automatic mapping from Landsat satellite images.,585,European Alps,Friedrich-Alexander University (FAU),0,0,9,11,1,None,None,"Bajracharya, Samjwal","Braun, Matthias H.; Lippl, Stefan; Malz, Philipp; Seehaus, Thorsten C.; Sommer, Christian; Zemp, Michael",2013,BASÒDINO,
glac_bound,1122377,G008475E46414N,2022-06-02T00:00:00,0.0,3.20154,0.0,0.0,0,0,0,0,1929-08-13T00:00:00,okay,Ghiacciaio del Basòdino,None,C14/10,exists,None,0,868,2022-06-02T09:00:00,Digitization from LK50 maps; see https://tc.copernicus.org/articles/16/3249/2022/,593,swiss alps,GLAMOS (Glacier Monitoring Switzerland),0,0,0,11,1,None,None,"Hodel, Elias","Hodel, Elias; Mannerfelt, Erik Schytt",1929,BASÒDINO,
glac_bound,1124623,G008475E46414N,2022-06-02T00:00:00,0.0,1.64118,0.0,0.0,0,0,0,0,2018-09-01T00:00:00,okay,Ghiacciaio del Basòdino,None,C14/10,exists,None,0,869,2022-06-02T09:00:00,Digitizaiton of glaciers in aerial imagery;,593,swiss alps,GLAMOS (Glacier Monitoring Switzerland),0,0,0,11,1,None,None,"Hodel, Elias","Bauder, Andreas; Hodel, Elias; Huss, Matthias; Linsbauer, Andreas",2018,BASÒDINO,
glac_bound,166659,G008883E46833N,2013-05-28T00:00:00,1.60125,1.60239,0.0,1588.0,0,2582,2886,3048,2009-09-15T00:00:00,okay,CLARIDEN FIRN-I,None,A50I/23n,exists,None,0,579,2013-06-03T11:00:00,"SwissImage L2 aerial orthophotos, manual digitization; Glacier outlines were digitized manually from high-resolution aerial photography (swissimage level 2; 50cm resolution) acquired in september 2008 (34 glaciers); 2009(354 glaciers); 2010 (708 glaciers",571,Swiss Alps,University of Fribourg,0,0,9,11,1,None,None,"Fischer, Mauro","Fischer, Mauro",2009,CLARIDEN,
glac_bound,165774,G008872E46843N,2013-05-28T00:00:00,0.07665,0.076867,0.0,302.0,0,2961,3101,3231,2009-09-15T00:00:00,okay,Clariden N,None,A50J/04,exists,None,0,579,2013-06-03T11:00:00,"SwissImage L2 aerial orthophotos, manual digitization; Glacier outlines were digitized manually from high-resolution aerial photography (swissimage level 2; 50cm resolution) acquired in september 2008 (34 glaciers); 2009(354 glaciers); 2010 (708 glaciers",571,Swiss Alps,University of Fribourg,0,0,9,11,1,None,G008872E46843N,"Fischer, Mauro","Fischer, Mauro",2009,CLARIDEN,
glac_bound,333139,G008883E46833N,2010-06-01T00:00:00,1.74,1.74183,0.0,0.0,0,2537,2870,3055,2003-08-06T00:00:00,okay,CLARIDEN FIRN-I,None,A50I/23n,exists,None,0,593,2016-02-01T09:00:00,"All glaciers are classified in the main processing stage with a thresholded ratio image and an additional threshold to provide the classification in shadow regions (e.g. Paul and Kaeaeb, 2005); All glaciers are classified in the main processing stage wit",30,European Alps,University of Zurich-Irchel,0,0,9,11,1,None,None,"Paul, Frank","Paul, Frank",2003,CLARIDEN,
glac_bound,333143,G008888E46846N,2010-06-01T00:00:00,2.402,2.40396,0.0,0.0,0,2468,2878,3207,2003-08-06T00:00:00,okay,Claridenfirn,None,A50I/19,exists,None,0,593,2016-02-01T09:00:00,"All glaciers are classified in the main processing stage with a thresholded ratio image and an additional threshold to provide the classification in shadow regions (e.g. Paul and Kaeaeb, 2005); All glaciers are classified in the main processing stage wit",30,European Alps,University of Zurich-Irchel,0,0,9,11,1,None,G008888E46846N,"Paul, Frank","Paul, Frank",2003,CLARIDEN,
glac_bound,333167,G008907E46855N,2010-06-01T00:00:00,0.66,0.661001,0.0,0.0,0,2538,2691,2900,2003-08-06T00:00:00,okay,CLARIDEN FIRN-III,None,A50I/24n,exists,None,0,593,2016-02-01T09:00:00,"All glaciers are classified in the main processing stage with a thresholded ratio image and an additional threshold to provide the classification in shadow regions (e.g. Paul and Kaeaeb, 2005); All glaciers are classified in the main processing stage wit",30,European Alps,University of Zurich-Irchel,0,0,9,11,1,None,G008907E46855N,"Paul, Frank","Paul, Frank",2003,CLARIDEN,
glac_bound,333118,G008872E46843N,2010-06-01T00:00:00,0.069,0.068662,0.0,0.0,0,2930,3117,3224,2003-08-06T00:00:00,okay,Clariden N,None,A50J/04,exists,None,0,593,2016-02-01T09:00:00,"All glaciers are classified in the main processing stage with a thresholded ratio image and an additional threshold to provide the classification in shadow regions (e.g. Paul and Kaeaeb, 2005); All glaciers are classified in the main processing stage wit",30,European Alps,University of Zurich-Irchel,0,0,9,11,1,None,G008872E46843N,"Paul, Frank","Paul, Frank",2003,CLARIDEN,
glac_bound,333184,G008914E46857N,2010-06-01T00:00:00,0.453,0.453167,0.0,0.0,0,2538,2647,2819,2003-08-06T00:00:00,okay,Claridenfirn,None,A50I/20,exists,None,0,593,2016-02-01T09:00:00,"All glaciers are classified in the main processing stage with a thresholded ratio image and an additional threshold to provide the classification in shadow regions (e.g. Paul and Kaeaeb, 2005); All glaciers are classified in the main processing stage wit",30,European Alps,University of Zurich-Irchel,0,0,9,11,1,None,G008914E46857N,"Paul, Frank","Paul, Frank",2003,CLARIDEN,
glac_bound,338067,G008888E46846N,1992-06-01T00:00:00,2716490.0,2.71643,0.0,0.0,0,0,0,0,1850-09-01T00:00:00,okay,Claridenfirn,None,A50I/19,exists,None,0,595,2016-02-01T09:00:00,"Field and aerial photo reconstruction + Siegfried map, transfer to topographic map (1:25000). Manual digitization from transparent paper with topo map in bakcground, using ArcInfo and ArcGIS, Swiss coordinate system; Field and aerial photo reconstruction",30,European Alps,University of Zurich-Irchel,0,0,9,11,1,None,G008888E46846N,"Paul, Frank","Maisch, Max",1850,CLARIDEN,
glac_bound,338066,G008883E46833N,1992-06-01T00:00:00,2700700.0,2.70066,0.0,0.0,0,0,0,0,1850-09-01T00:00:00,okay,CLARIDEN FIRN-I,None,A50I/23n,exists,None,0,595,2016-02-01T09:00:00,"Field and aerial photo reconstruction + Siegfried map, transfer to topographic map (1:25000). Manual digitization from transparent paper with topo map in bakcground, using ArcInfo and ArcGIS, Swiss coordinate system; Field and aerial photo reconstruction",30,European Alps,University of Zurich-Irchel,0,0,9,11,1,None,None,"Paul, Frank","Maisch, Max",1850,CLARIDEN,
glac_bound,338092,G008914E46857N,1992-06-01T00:00:00,1682530.0,1.68251,0.0,0.0,0,0,0,0,1850-09-01T00:00:00,okay,Claridenfirn,None,A50I/20,exists,None,0,595,2016-02-01T09:00:00,"Field and aerial photo reconstruction + Siegfried map, transfer to topographic map (1:25000). Manual digitization from transparent paper with topo map in bakcground, using ArcInfo and ArcGIS, Swiss coordinate system; Field and aerial photo reconstruction",30,European Alps,University of Zurich-Irchel,0,0,9,11,1,None,G008914E46857N,"Paul, Frank","Maisch, Max",1850,CLARIDEN,
glac_bound,338056,G008872E46843N,1992-06-01T00:00:00,170106.0,0.170096,0.0,0.0,0,0,0,0,1850-09-01T00:00:00,okay,Clariden N,None,A50J/04,exists,None,0,595,2016-02-01T09:00:00,"Field and aerial photo reconstruction + Siegfried map, transfer to topographic map (1:25000). Manual digitization from transparent paper with topo map in bakcground, using ArcInfo and ArcGIS, Swiss coordinate system; Field and aerial photo reconstruction",30,European Alps,University of Zurich-Irchel,0,0,9,11,1,None,G008872E46843N,"Paul, Frank","Maisch, Max",1850,CLARIDEN,
glac_bound,338082,G008907E46855N,1992-06-01T00:00:00,1261100.0,1.26108,0.0,0.0,0,0,0,0,1850-09-01T00:00:00,okay,CLARIDEN FIRN-III,None,A50I/24n,exists,None,0,595,2016-02-01T09:00:00,"Field and aerial photo reconstruction + Siegfried map, transfer to topographic map (1:25000). Manual digitization from transparent paper with topo map in bakcground, using ArcInfo and ArcGIS, Swiss coordinate system; Field and aerial photo reconstruction",30,European Alps,University of Zurich-Irchel,0,0,9,11,1,None,G008907E46855N,"Paul, Frank","Maisch, Max",1850,CLARIDEN,
glac_bound,340452,G008914E46857N,2008-01-01T00:00:00,0.428231,0.380611,0.0,0.0,0,2530,0,2784,2008-09-30T00:00:00,okay,Claridenfirn,None,A50I/20,exists,None,0,596,2016-02-01T09:00:00,Glacier outlines were digitized manually in ArcGIS based on SWISSIMAGE Level 2. Glacier polygons were coded and named according the outlines of 1973.; Glacier outlines were digitized manually in ArcGIS based on SWISSIMAGE Level 2 (swisstopo) imagery.,571,Swiss Alps,University of Fribourg,0,0,9,11,1,None,G008914E46857N,"Fischer, Mauro","Fischer, Mauro",2008,CLARIDEN,
glac_bound,340433,G008888E46846N,2008-01-01T00:00:00,2.20247,2.16815,0.0,0.0,0,2342,0,3188,2008-09-30T00:00:00,okay,Claridenfirn,None,A50I/19,exists,None,0,596,2016-02-01T09:00:00,Glacier outlines were digitized manually in ArcGIS based on SWISSIMAGE Level 2. Glacier polygons were coded and named according the outlines of 1973.; Glacier outlines were digitized manually in ArcGIS based on SWISSIMAGE Level 2 (swisstopo) imagery.,571,Swiss Alps,University of Fribourg,0,0,9,11,1,None,G008888E46846N,"Fischer, Mauro","Fischer, Mauro",2008,CLARIDEN,
glac_bound,340441,G008907E46855N,2008-01-01T00:00:00,0.560867,0.559843,0.0,0.0,0,2540,0,2841,2008-09-30T00:00:00,okay,CLARIDEN FIRN-III,None,A50I/24n,exists,None,0,596,2016-02-01T09:00:00,Glacier outlines were digitized manually in ArcGIS based on SWISSIMAGE Level 2. Glacier polygons were coded and named according the outlines of 1973.; Glacier outlines were digitized manually in ArcGIS based on SWISSIMAGE Level 2 (swisstopo) imagery.,571,Swiss Alps,University of Fribourg,0,0,9,11,1,None,G008907E46855N,"Fischer, Mauro","Fischer, Mauro",2008,CLARIDEN,
glac_bound,340432,G008883E46833N,2008-01-01T00:00:00,1.60241,1.60238,0.0,0.0,0,2582,0,3048,2008-09-30T00:00:00,okay,CLARIDEN FIRN-I,None,A50I/23n,exists,None,0,596,2016-02-01T09:00:00,Glacier outlines were digitized manually in ArcGIS based on SWISSIMAGE Level 2. Glacier polygons were coded and named according the outlines of 1973.; Glacier outlines were digitized manually in ArcGIS based on SWISSIMAGE Level 2 (swisstopo) imagery.,571,Swiss Alps,University of Fribourg,0,0,9,11,1,None,None,"Fischer, Mauro","Fischer, Mauro",2008,CLARIDEN,
glac_bound,343265,G008914E46857N,1995-06-01T00:00:00,8.6e-05,0.725487,0.0,0.0,0,0,0,0,1973-09-01T00:00:00,okay,Claridenfirn,None,A50I/20,exists,None,0,599,2016-02-01T09:00:00,Southwest Switzerland: outlines were directly transferred from aerial photography to 1:25000 topo maps.; The outlines were directly transferred and digitized from aerial photography to 1:25000 topo maps. In September 1973 favorable conditions for glacier,30,European Alps,University of Zurich-Irchel,0,0,9,11,1,None,G008914E46857N,"Maisch, Max","Benz, Christof; Wipf, Andreas",1973,CLARIDEN,
glac_bound,343252,G008883E46833N,1995-06-01T00:00:00,0.000238,2.01765,0.0,0.0,0,0,0,0,1973-09-01T00:00:00,okay,CLARIDEN FIRN-I,None,A50I/23n,exists,None,0,599,2016-02-01T09:00:00,Southwest Switzerland: outlines were directly transferred from aerial photography to 1:25000 topo maps.; The outlines were directly transferred and digitized from aerial photography to 1:25000 topo maps. In September 1973 favorable conditions for glacier,30,European Alps,University of Zurich-Irchel,0,0,9,11,1,None,None,"Maisch, Max","Benz, Christof; Wipf, Andreas",1973,CLARIDEN,
glac_bound,343253,G008888E46846N,1995-06-01T00:00:00,0.000282,2.38742,0.0,0.0,0,0,0,0,1973-09-01T00:00:00,okay,Claridenfirn,None,A50I/19,exists,None,0,599,2016-02-01T09:00:00,Southwest Switzerland: outlines were directly transferred from aerial photography to 1:25000 topo maps.; The outlines were directly transferred and digitized from aerial photography to 1:25000 topo maps. In September 1973 favorable conditions for glacier,30,European Alps,University of Zurich-Irchel,0,0,9,11,1,None,G008888E46846N,"Maisch, Max","Benz, Christof; Wipf, Andreas",1973,CLARIDEN,
glac_bound,343259,G008907E46855N,1995-06-01T00:00:00,8e-05,0.67404,0.0,0.0,0,0,0,0,1973-09-01T00:00:00,okay,CLARIDEN FIRN-III,None,A50I/24n,exists,None,0,599,2016-02-01T09:00:00,Southwest Switzerland: outlines were directly transferred from aerial photography to 1:25000 topo maps.; The outlines were directly transferred and digitized from aerial photography to 1:25000 topo maps. In September 1973 favorable conditions for glacier,30,European Alps,University of Zurich-Irchel,0,0,9,11,1,None,G008907E46855N,"Maisch, Max","Benz, Christof; Wipf, Andreas",1973,CLARIDEN,
glac_bound,85843,G008914E46857N,2009-04-04T00:00:00,0.507087,0.507044,0.0,0.0,0,0,0,0,1998-08-31T00:00:00,okay,Claridenfirn,None,A50I/20,exists,None,0,533,2009-04-30T19:18:21,"TM4/TM5 ratio; Glaciers were automatically mapped from TM raw data using two thresholds: TM3/TM5 > 2.1 and TM1 > 53. The glacier map was smoothed with a 3 by 3 median filter. After raster-vector conversion gross errors were manually removed (water, lakes",30,European Alps,University of Zurich-Irchel,0,0,9,11,1,None,G008914E46857N,"Paul, Frank","Paul, Frank",1998,CLARIDEN,
glac_bound,85844,G008907E46855N,2009-04-04T00:00:00,0.628681,0.628721,0.0,0.0,0,0,0,0,1998-08-31T00:00:00,okay,CLARIDEN FIRN-III,None,A50I/24n,exists,None,0,533,2009-04-30T19:18:21,"TM4/TM5 ratio; Glaciers were automatically mapped from TM raw data using two thresholds: TM3/TM5 > 2.1 and TM1 > 53. The glacier map was smoothed with a 3 by 3 median filter. After raster-vector conversion gross errors were manually removed (water, lakes",30,European Alps,University of Zurich-Irchel,0,0,9,11,1,None,G008907E46855N,"Paul, Frank","Paul, Frank",1998,CLARIDEN,
glac_bound,85852,G008888E46846N,2009-04-04T00:00:00,2.42007,2.42011,0.0,0.0,0,0,0,0,1998-08-31T00:00:00,okay,Claridenfirn,None,A50I/19,exists,None,0,533,2009-04-30T19:18:21,"TM4/TM5 ratio; Glaciers were automatically mapped from TM raw data using two thresholds: TM3/TM5 > 2.1 and TM1 > 53. The glacier map was smoothed with a 3 by 3 median filter. After raster-vector conversion gross errors were manually removed (water, lakes",30,European Alps,University of Zurich-Irchel,0,0,9,11,1,None,G008888E46846N,"Paul, Frank","Paul, Frank",1998,CLARIDEN,
glac_bound,85856,G008883E46833N,2009-04-04T00:00:00,1.82051,1.82034,0.0,0.0,0,0,0,0,1998-08-31T00:00:00,okay,CLARIDEN FIRN-I,None,A50I/23n,exists,None,0,533,2009-04-30T19:18:21,"TM4/TM5 ratio; Glaciers were automatically mapped from TM raw data using two thresholds: TM3/TM5 > 2.1 and TM1 > 53. The glacier map was smoothed with a 3 by 3 median filter. After raster-vector conversion gross errors were manually removed (water, lakes",30,European Alps,University of Zurich-Irchel,0,0,9,11,1,None,None,"Paul, Frank","Paul, Frank",1998,CLARIDEN,
glac_bound,708872,G008914E46857N,2019-04-15T00:00:00,0.0485,0.048536,0.0,0.0,0,2577,2621,2668,2015-08-29T00:00:00,okay,Claridenfirn,None,A50I/20,exists,None,0,710,2019-04-15T09:00:00,Semi-automated glacier classification; The outlines are derived from 8 Sentinel 2 MSI tiles acquired in Aug. 2015.  Topographic information was derived semi-automatically from the 30 m ALOS AW3D30 DEM.,561,Various (GlobGlacier),University of Zurich-Irchel,0,0,9,11,1,None,G008914E46857N,"Paul, Frank","Azzoni, R.S.; Fugazza, D.; Le Bris, Raymond; Nemec, J.; Paul, Frank; Rabatel, Antoine; Ramusovic, M.; Rastner, Philipp; Schaub, Yvonne; Schwaizer (nee Bippus), Gabriele",2015,CLARIDEN,
glac_bound,708861,G008907E46855N,2019-04-15T00:00:00,0.69855,0.699118,0.0,0.0,0,2576,2681,2874,2015-08-29T00:00:00,okay,CLARIDEN FIRN-III,None,A50I/24n,exists,None,0,710,2019-04-15T09:00:00,Semi-automated glacier classification; The outlines are derived from 8 Sentinel 2 MSI tiles acquired in Aug. 2015.  Topographic information was derived semi-automatically from the 30 m ALOS AW3D30 DEM.,561,Various (GlobGlacier),University of Zurich-Irchel,0,0,9,11,1,None,G008907E46855N,"Paul, Frank","Azzoni, R.S.; Fugazza, D.; Le Bris, Raymond; Nemec, J.; Paul, Frank; Rabatel, Antoine; Ramusovic, M.; Rastner, Philipp; Schaub, Yvonne; Schwaizer (nee Bippus), Gabriele",2015,CLARIDEN,
glac_bound,708852,G008888E46846N,2019-04-15T00:00:00,2.11888,2.12059,0.0,0.0,0,2533,2870,3211,2015-08-29T00:00:00,okay,Claridenfirn,None,A50I/19,exists,None,0,710,2019-04-15T09:00:00,Semi-automated glacier classification; The outlines are derived from 8 Sentinel 2 MSI tiles acquired in Aug. 2015.  Topographic information was derived semi-automatically from the 30 m ALOS AW3D30 DEM.,561,Various (GlobGlacier),University of Zurich-Irchel,0,0,9,11,1,None,G008888E46846N,"Paul, Frank","Azzoni, R.S.; Fugazza, D.; Le Bris, Raymond; Nemec, J.; Paul, Frank; Rabatel, Antoine; Ramusovic, M.; Rastner, Philipp; Schaub, Yvonne; Schwaizer (nee Bippus), Gabriele",2015,CLARIDEN,
glac_bound,754626,G008871E46842N,2021-09-01T00:00:00,0.0144,0.014415,0.0,0.0,0,3041,3083,3113,2003-08-13T00:00:00,okay,Clariden N,None,None,exists,None,0,731,2021-10-09T09:00:00,Semi-automated glacier classification; The outlines are derived from 11 Landsat scenes acquired in 2003.,30,European Alps,University of Zurich-Irchel,0,0,9,11,1,None,G008872E46843N,"Paul, Frank","Frey, Holger; Le Bris, Raymond; Paul, Frank; Rastner, Philipp",2003,CLARIDEN,
glac_bound,754628,G008872E46843N,2021-09-01T00:00:00,0.068604,0.068662,0.0,0.0,0,2963,3130,3257,2003-08-13T00:00:00,okay,Clariden N,None,A50J/04,exists,None,0,731,2021-10-09T09:00:00,Semi-automated glacier classification; The outlines are derived from 11 Landsat scenes acquired in 2003.,30,European Alps,University of Zurich-Irchel,0,0,9,11,1,None,G008872E46843N,"Paul, Frank","Frey, Holger; Le Bris, Raymond; Paul, Frank; Rastner, Philipp",2003,CLARIDEN,
glac_bound,754640,G008888E46846N,2021-09-01T00:00:00,2.38482,2.38673,0.0,0.0,0,2451,2863,3223,2003-08-13T00:00:00,okay,Claridenfirn,None,A50I/19,exists,None,0,731,2021-10-09T09:00:00,Semi-automated glacier classification; The outlines are derived from 11 Landsat scenes acquired in 2003.,30,European Alps,University of Zurich-Irchel,0,0,9,11,1,None,G008888E46846N,"Paul, Frank","Frey, Holger; Le Bris, Raymond; Paul, Frank; Rastner, Philipp",2003,CLARIDEN,
glac_bound,754639,G008883E46833N,2021-09-01T00:00:00,1.74046,1.74183,0.0,0.0,0,2545,2863,3064,2003-08-13T00:00:00,okay,CLARIDEN FIRN-I,None,A50I/23n,exists,None,0,731,2021-10-09T09:00:00,Semi-automated glacier classification; The outlines are derived from 11 Landsat scenes acquired in 2003.,30,European Alps,University of Zurich-Irchel,0,0,9,11,1,None,None,"Paul, Frank","Frey, Holger; Le Bris, Raymond; Paul, Frank; Rastner, Philipp",2003,CLARIDEN,
glac_bound,754648,G008907E46855N,2021-09-01T00:00:00,1.05385,1.05471,0.0,0.0,0,2528,2676,2935,2003-08-13T00:00:00,okay,CLARIDEN FIRN-III,None,A50I/24n,exists,None,0,731,2021-10-09T09:00:00,Semi-automated glacier classification; The outlines are derived from 11 Landsat scenes acquired in 2003.,30,European Alps,University of Zurich-Irchel,0,0,9,11,1,None,G008907E46855N,"Paul, Frank","Frey, Holger; Le Bris, Raymond; Paul, Frank; Rastner, Philipp",2003,CLARIDEN,
glac_bound,1034214,G008872E46843N,2022-10-15T00:00:00,0.0,0.031388,0.0,0.0,0,0,0,0,2011-09-13T00:00:00,okay,Clariden N,None,A50J/04,exists,None,0,819,2022-11-28T09:00:00,Semi-automated glacier classification.; Semi-automatic mapping from Landsat satellite images.,585,European Alps,Friedrich-Alexander University (FAU),0,0,9,11,1,None,G008872E46843N,"Bajracharya, Samjwal","Braun, Matthias H.; Lippl, Stefan; Malz, Philipp; Seehaus, Thorsten C.; Sommer, Christian; Zemp, Michael",2011,CLARIDEN,
glac_bound,1030720,G008871E46842N,2022-10-15T00:00:00,0.0,0.011252,0.0,0.0,0,0,0,0,1999-09-12T00:00:00,okay,Clariden N,None,None,exists,None,0,818,2022-11-28T09:00:00,Semi-automated glacier classification.; Semi-automatic mapping from Landsat satellite images.,585,European Alps,Friedrich-Alexander University (FAU),0,0,9,11,1,None,G008872E46843N,"Bajracharya, Samjwal","Braun, Matthias H.; Lippl, Stefan; Malz, Philipp; Seehaus, Thorsten C.; Sommer, Christian; Zemp, Michael",1999,CLARIDEN,
glac_bound,1030721,G008872E46843N,2022-10-15T00:00:00,0.0,0.048646,0.0,0.0,0,0,0,0,1999-09-03T00:00:00,okay,Clariden N,None,A50J/04,exists,None,0,818,2022-11-28T09:00:00,Semi-automated glacier classification.; Semi-automatic mapping from Landsat satellite images.,585,European Alps,Friedrich-Alexander University (FAU),0,0,9,11,1,None,G008872E46843N,"Bajracharya, Samjwal","Braun, Matthias H.; Lippl, Stefan; Malz, Philipp; Seehaus, Thorsten C.; Sommer, Christian; Zemp, Michael",1999,CLARIDEN,
glac_bound,1030732,G008883E46833N,2022-10-15T00:00:00,0.0,1.77717,0.0,0.0,0,0,0,0,1999-09-12T00:00:00,okay,CLARIDEN FIRN-I,None,A50I/23n,exists,None,0,818,2022-11-28T09:00:00,Semi-automated glacier classification.; Semi-automatic mapping from Landsat satellite images.,585,European Alps,Friedrich-Alexander University (FAU),0,0,9,11,1,None,None,"Bajracharya, Samjwal","Braun, Matthias H.; Lippl, Stefan; Malz, Philipp; Seehaus, Thorsten C.; Sommer, Christian; Zemp, Michael",1999,CLARIDEN,
glac_bound,1030746,G008914E46857N,2022-10-15T00:00:00,0.0,0.416587,0.0,0.0,0,0,0,0,1999-09-12T00:00:00,okay,Claridenfirn,None,A50I/20,exists,None,0,818,2022-11-28T09:00:00,Semi-automated glacier classification.; Semi-automatic mapping from Landsat satellite images.,585,European Alps,Friedrich-Alexander University (FAU),0,0,9,11,1,None,G008914E46857N,"Bajracharya, Samjwal","Braun, Matthias H.; Lippl, Stefan; Malz, Philipp; Seehaus, Thorsten C.; Sommer, Christian; Zemp, Michael",1999,CLARIDEN,
glac_bound,1030733,G008888E46846N,2022-10-15T00:00:00,0.0,2.30569,0.0,0.0,0,0,0,0,1999-09-12T00:00:00,okay,Claridenfirn,None,A50I/19,exists,None,0,818,2022-11-28T09:00:00,Semi-automated glacier classification.; Semi-automatic mapping from Landsat satellite images.,585,European Alps,Friedrich-Alexander University (FAU),0,0,9,11,1,None,G008888E46846N,"Bajracharya, Samjwal","Braun, Matthias H.; Lippl, Stefan; Malz, Philipp; Seehaus, Thorsten C.; Sommer, Christian; Zemp, Michael",1999,CLARIDEN,
glac_bound,1030741,G008907E46855N,2022-10-15T00:00:00,0.0,0.655727,0.0,0.0,0,0,0,0,1999-09-12T00:00:00,okay,CLARIDEN FIRN-III,None,A50I/24n,exists,None,0,818,2022-11-28T09:00:00,Semi-automated glacier classification.; Semi-automatic mapping from Landsat satellite images.,585,European Alps,Friedrich-Alexander University (FAU),0,0,9,11,1,None,G008907E46855N,"Bajracharya, Samjwal","Braun, Matthias H.; Lippl, Stefan; Malz, Philipp; Seehaus, Thorsten C.; Sommer, Christian; Zemp, Michael",1999,CLARIDEN,
glac_bound,1034234,G008907E46855N,2022-10-15T00:00:00,0.0,0.526396,0.0,0.0,0,0,0,0,2011-09-13T00:00:00,okay,CLARIDEN FIRN-III,None,A50I/24n,exists,None,0,819,2022-11-28T09:00:00,Semi-automated glacier classification.; Semi-automatic mapping from Landsat satellite images.,585,European Alps,Friedrich-Alexander University (FAU),0,0,9,11,1,None,G008907E46855N,"Bajracharya, Samjwal","Braun, Matthias H.; Lippl, Stefan; Malz, Philipp; Seehaus, Thorsten C.; Sommer, Christian; Zemp, Michael",2011,CLARIDEN,
glac_bound,1034226,G008888E46846N,2022-10-15T00:00:00,0.0,2.08538,0.0,0.0,0,0,0,0,2011-09-13T00:00:00,okay,Claridenfirn,None,A50I/19,exists,None,0,819,2022-11-28T09:00:00,Semi-automated glacier classification.; Semi-automatic mapping from Landsat satellite images.,585,European Alps,Friedrich-Alexander University (FAU),0,0,9,11,1,None,G008888E46846N,"Bajracharya, Samjwal","Braun, Matthias H.; Lippl, Stefan; Malz, Philipp; Seehaus, Thorsten C.; Sommer, Christian; Zemp, Michael",2011,CLARIDEN,
glac_bound,1034225,G008883E46833N,2022-10-15T00:00:00,0.0,1.53154,0.0,0.0,0,0,0,0,2011-09-13T00:00:00,okay,CLARIDEN FIRN-I,None,A50I/23n,exists,None,0,819,2022-11-28T09:00:00,Semi-automated glacier classification.; Semi-automatic mapping from Landsat satellite images.,585,European Alps,Friedrich-Alexander University (FAU),0,0,9,11,1,None,None,"Bajracharya, Samjwal","Braun, Matthias H.; Lippl, Stefan; Malz, Philipp; Seehaus, Thorsten C.; Sommer, Christian; Zemp, Michael",2011,CLARIDEN,
glac_bound,1037568,G008883E46833N,2022-10-15T00:00:00,0.0,1.48972,0.0,0.0,0,0,0,0,2014-07-03T00:00:00,okay,CLARIDEN FIRN-I,None,A50I/23n,exists,None,0,820,2022-11-28T09:00:00,Semi-automated glacier classification.; Semi-automatic mapping from Landsat satellite images.,585,European Alps,Friedrich-Alexander University (FAU),0,0,9,11,1,None,None,"Bajracharya, Samjwal","Braun, Matthias H.; Lippl, Stefan; Malz, Philipp; Seehaus, Thorsten C.; Sommer, Christian; Zemp, Michael",2014,CLARIDEN,
glac_bound,1037569,G008888E46846N,2022-10-15T00:00:00,0.0,2.09885,0.0,0.0,0,0,0,0,2015-08-07T00:00:00,okay,Claridenfirn,None,A50I/19,exists,None,0,820,2022-11-28T09:00:00,Semi-automated glacier classification.; Semi-automatic mapping from Landsat satellite images.,585,European Alps,Friedrich-Alexander University (FAU),0,0,9,11,1,None,G008888E46846N,"Bajracharya, Samjwal","Braun, Matthias H.; Lippl, Stefan; Malz, Philipp; Seehaus, Thorsten C.; Sommer, Christian; Zemp, Michael",2015,CLARIDEN,
glac_bound,1037557,G008872E46843N,2022-10-15T00:00:00,0.0,0.02943,0.0,0.0,0,0,0,0,2014-07-03T00:00:00,okay,Clariden N,None,A50J/04,exists,None,0,820,2022-11-28T09:00:00,Semi-automated glacier classification.; Semi-automatic mapping from Landsat satellite images.,585,European Alps,Friedrich-Alexander University (FAU),0,0,9,11,1,None,G008872E46843N,"Bajracharya, Samjwal","Braun, Matthias H.; Lippl, Stefan; Malz, Philipp; Seehaus, Thorsten C.; Sommer, Christian; Zemp, Michael",2014,CLARIDEN,
glac_bound,1037577,G008907E46855N,2022-10-15T00:00:00,0.0,0.567788,0.0,0.0,0,0,0,0,2014-07-19T00:00:00,okay,CLARIDEN FIRN-III,None,A50I/24n,exists,None,0,820,2022-11-28T09:00:00,Semi-automated glacier classification.; Semi-automatic mapping from Landsat satellite images.,585,European Alps,Friedrich-Alexander University (FAU),0,0,9,11,1,None,G008907E46855N,"Bajracharya, Samjwal","Braun, Matthias H.; Lippl, Stefan; Malz, Philipp; Seehaus, Thorsten C.; Sommer, Christian; Zemp, Michael",2014,CLARIDEN,
glac_bound,1037582,G008914E46857N,2022-10-15T00:00:00,0.0,0.290586,0.0,0.0,0,0,0,0,2014-07-19T00:00:00,okay,Claridenfirn,None,A50I/20,exists,None,0,820,2022-11-28T09:00:00,Semi-automated glacier classification.; Semi-automatic mapping from Landsat satellite images.,585,European Alps,Friedrich-Alexander University (FAU),0,0,9,11,1,None,G008914E46857N,"Bajracharya, Samjwal","Braun, Matthias H.; Lippl, Stefan; Malz, Philipp; Seehaus, Thorsten C.; Sommer, Christian; Zemp, Michael",2014,CLARIDEN,
glac_bound,1037558,G008871E46842N,2022-10-15T00:00:00,0.0,0.012423,0.0,0.0,0,0,0,0,2015-08-30T00:00:00,okay,Clariden N,None,None,exists,None,0,820,2022-11-28T09:00:00,Semi-automated glacier classification.; Semi-automatic mapping from Landsat satellite images.,585,European Alps,Friedrich-Alexander University (FAU),0,0,9,11,1,None,G008872E46843N,"Bajracharya, Samjwal","Braun, Matthias H.; Lippl, Stefan; Malz, Philipp; Seehaus, Thorsten C.; Sommer, Christian; Zemp, Michael",2015,CLARIDEN,
glac_bound,1079185,G008888E46846N,2013-05-28T00:00:00,2.20438,0.003597,0.0,2931.0,0,2342,2870,3188,2009-09-15T00:00:00,okay,Claridenfirn,None,A50I/19,exists,None,0,579,2013-06-03T11:00:00,"SwissImage L2 aerial orthophotos, manual digitization; Glacier outlines were digitized manually from high-resolution aerial photography (swissimage level 2; 50cm resolution) acquired in september 2008 (34 glaciers); 2009(354 glaciers); 2010 (708 glaciers",571,Swiss Alps,University of Fribourg,0,0,9,11,1,None,G008888E46846N,"Fischer, Mauro","Fischer, Mauro",2009,CLARIDEN,
glac_bound,1079186,G008888E46846N,2013-05-28T00:00:00,2.20438,0.005488,0.0,2931.0,0,2342,2870,3188,2009-09-15T00:00:00,okay,Claridenfirn,None,A50I/19,exists,None,0,579,2013-06-03T11:00:00,"SwissImage L2 aerial orthophotos, manual digitization; Glacier outlines were digitized manually from high-resolution aerial photography (swissimage level 2; 50cm resolution) acquired in september 2008 (34 glaciers); 2009(354 glaciers); 2010 (708 glaciers",571,Swiss Alps,University of Fribourg,0,0,9,11,1,None,G008888E46846N,"Fischer, Mauro","Fischer, Mauro",2009,CLARIDEN,
glac_bound,1079187,G008888E46846N,2013-05-28T00:00:00,2.20438,0.0151,0.0,2931.0,0,2342,2870,3188,2009-09-15T00:00:00,okay,Claridenfirn,None,A50I/19,exists,None,0,579,2013-06-03T11:00:00,"SwissImage L2 aerial orthophotos, manual digitization; Glacier outlines were digitized manually from high-resolution aerial photography (swissimage level 2; 50cm resolution) acquired in september 2008 (34 glaciers); 2009(354 glaciers); 2010 (708 glaciers",571,Swiss Alps,University of Fribourg,0,0,9,11,1,None,G008888E46846N,"Fischer, Mauro","Fischer, Mauro",2009,CLARIDEN,
glac_bound,1079188,G008888E46846N,2013-05-28T00:00:00,2.20438,2.16817,0.0,2931.0,0,2342,2870,3188,2009-09-15T00:00:00,okay,Claridenfirn,None,A50I/19,exists,None,0,579,2013-06-03T11:00:00,"SwissImage L2 aerial orthophotos, manual digitization; Glacier outlines were digitized manually from high-resolution aerial photography (swissimage level 2; 50cm resolution) acquired in september 2008 (34 glaciers); 2009(354 glaciers); 2010 (708 glaciers",571,Swiss Alps,University of Fribourg,0,0,9,11,1,None,G008888E46846N,"Fischer, Mauro","Fischer, Mauro",2009,CLARIDEN,
glac_bound,1079449,G008888E46846N,2013-05-28T00:00:00,0.56016,0.001013,0.0,1157.0,0,2540,2676,2841,2009-09-15T00:00:00,okay,Claridenfirn,None,A50I/19,exists,None,0,579,2013-06-03T11:00:00,"SwissImage L2 aerial orthophotos, manual digitization; Glacier outlines were digitized manually from high-resolution aerial photography (swissimage level 2; 50cm resolution) acquired in september 2008 (34 glaciers); 2009(354 glaciers); 2010 (708 glaciers",571,Swiss Alps,University of Fribourg,0,0,9,11,1,None,G008888E46846N,"Fischer, Mauro","Fischer, Mauro",2009,CLARIDEN,
glac_bound,1079450,G008907E46855N,2013-05-28T00:00:00,0.56016,0.559849,0.0,1157.0,0,2540,2676,2841,2009-09-15T00:00:00,okay,CLARIDEN FIRN-III,None,A50I/24n,exists,None,0,579,2013-06-03T11:00:00,"SwissImage L2 aerial orthophotos, manual digitization; Glacier outlines were digitized manually from high-resolution aerial photography (swissimage level 2; 50cm resolution) acquired in september 2008 (34 glaciers); 2009(354 glaciers); 2010 (708 glaciers",571,Swiss Alps,University of Fribourg,0,0,9,11,1,None,G008907E46855N,"Fischer, Mauro","Fischer, Mauro",2009,CLARIDEN,
glac_bound,1079473,G008914E46857N,2013-05-28T00:00:00,0.42812,0.015151,0.0,1224.0,0,2530,2641,2784,2009-09-15T00:00:00,okay,Claridenfirn,None,A50I/20,exists,None,0,579,2013-06-03T11:00:00,"SwissImage L2 aerial orthophotos, manual digitization; Glacier outlines were digitized manually from high-resolution aerial photography (swissimage level 2; 50cm resolution) acquired in september 2008 (34 glaciers); 2009(354 glaciers); 2010 (708 glaciers",571,Swiss Alps,University of Fribourg,0,0,9,11,1,None,G008914E46857N,"Fischer, Mauro","Fischer, Mauro",2009,CLARIDEN,
glac_bound,1079471,G008914E46857N,2013-05-28T00:00:00,0.42812,0.032465,0.0,1224.0,0,2530,2641,2784,2009-09-15T00:00:00,okay,Claridenfirn,None,A50I/20,exists,None,0,579,2013-06-03T11:00:00,"SwissImage L2 aerial orthophotos, manual digitization; Glacier outlines were digitized manually from high-resolution aerial photography (swissimage level 2; 50cm resolution) acquired in september 2008 (34 glaciers); 2009(354 glaciers); 2010 (708 glaciers",571,Swiss Alps,University of Fribourg,0,0,9,11,1,None,G008914E46857N,"Fischer, Mauro","Fischer, Mauro",2009,CLARIDEN,
glac_bound,1079472,G008914E46857N,2013-05-28T00:00:00,0.42812,0.380617,0.0,1224.0,0,2530,2641,2784,2009-09-15T00:00:00,okay,Claridenfirn,None,A50I/20,exists,None,0,579,2013-06-03T11:00:00,"SwissImage L2 aerial orthophotos, manual digitization; Glacier outlines were digitized manually from high-resolution aerial photography (swissimage level 2; 50cm resolution) acquired in september 2008 (34 glaciers); 2009(354 glaciers); 2010 (708 glaciers",571,Swiss Alps,University of Fribourg,0,0,9,11,1,None,G008914E46857N,"Fischer, Mauro","Fischer, Mauro",2009,CLARIDEN,
glac_bound,1096354,G008872E46843N,2019-04-15T00:00:00,0.0101,0.010108,0.0,0.0,0,2705,2770,2858,2015-08-29T00:00:00,okay,Clariden N,None,A50J/04,exists,None,0,710,2019-04-15T09:00:00,Semi-automated glacier classification; The outlines are derived from 8 Sentinel 2 MSI tiles acquired in Aug. 2015.  Topographic information was derived semi-automatically from the 30 m ALOS AW3D30 DEM.,561,Various (GlobGlacier),University of Zurich-Irchel,0,0,9,11,1,None,G008872E46843N,"Paul, Frank","Azzoni, R.S.; Fugazza, D.; Le Bris, Raymond; Nemec, J.; Paul, Frank; Rabatel, Antoine; Ramusovic, M.; Rastner, Philipp; Schaub, Yvonne; Schwaizer (nee Bippus), Gabriele",2015,CLARIDEN,
glac_bound,1096355,G008872E46843N,2019-04-15T00:00:00,0.0101,0.04163,0.0,0.0,0,2705,2770,2858,2015-08-29T00:00:00,okay,Clariden N,None,A50J/04,exists,None,0,710,2019-04-15T09:00:00,Semi-automated glacier classification; The outlines are derived from 8 Sentinel 2 MSI tiles acquired in Aug. 2015.  Topographic information was derived semi-automatically from the 30 m ALOS AW3D30 DEM.,561,Various (GlobGlacier),University of Zurich-Irchel,0,0,9,11,1,None,G008872E46843N,"Paul, Frank","Azzoni, R.S.; Fugazza, D.; Le Bris, Raymond; Nemec, J.; Paul, Frank; Rabatel, Antoine; Ramusovic, M.; Rastner, Philipp; Schaub, Yvonne; Schwaizer (nee Bippus), Gabriele",2015,CLARIDEN,
glac_bound,1096960,G008883E46833N,2019-04-15T00:00:00,1.498,1.49918,0.0,0.0,0,2639,2892,3052,2015-08-29T00:00:00,okay,CLARIDEN FIRN-I,None,A50I/23n,exists,None,0,710,2019-04-15T09:00:00,Semi-automated glacier classification; The outlines are derived from 8 Sentinel 2 MSI tiles acquired in Aug. 2015.  Topographic information was derived semi-automatically from the 30 m ALOS AW3D30 DEM.,561,Various (GlobGlacier),University of Zurich-Irchel,0,0,9,11,1,None,None,"Paul, Frank","Azzoni, R.S.; Fugazza, D.; Le Bris, Raymond; Nemec, J.; Paul, Frank; Rabatel, Antoine; Ramusovic, M.; Rastner, Philipp; Schaub, Yvonne; Schwaizer (nee Bippus), Gabriele",2015,CLARIDEN,
glac_bound,1096961,G008883E46833N,2019-04-15T00:00:00,1.498,0.014609,0.0,0.0,0,2639,2892,3052,2015-08-29T00:00:00,okay,CLARIDEN FIRN-I,None,A50I/23n,exists,None,0,710,2019-04-15T09:00:00,Semi-automated glacier classification; The outlines are derived from 8 Sentinel 2 MSI tiles acquired in Aug. 2015.  Topographic information was derived semi-automatically from the 30 m ALOS AW3D30 DEM.,561,Various (GlobGlacier),University of Zurich-Irchel,0,0,9,11,1,None,None,"Paul, Frank","Azzoni, R.S.; Fugazza, D.; Le Bris, Raymond; Nemec, J.; Paul, Frank; Rabatel, Antoine; Ramusovic, M.; Rastner, Philipp; Schaub, Yvonne; Schwaizer (nee Bippus), Gabriele",2015,CLARIDEN,
glac_bound,1100227,G008914E46857N,2022-10-15T00:00:00,0.0,0.056906,0.0,0.0,0,0,0,0,2011-09-13T00:00:00,okay,Claridenfirn,None,A50I/20,exists,None,0,819,2022-11-28T09:00:00,Semi-automated glacier classification.; Semi-automatic mapping from Landsat satellite images.,585,European Alps,Friedrich-Alexander University (FAU),0,0,9,11,1,None,G008914E46857N,"Bajracharya, Samjwal","Braun, Matthias H.; Lippl, Stefan; Malz, Philipp; Seehaus, Thorsten C.; Sommer, Christian; Zemp, Michael",2011,CLARIDEN,
glac_bound,1100228,G008914E46857N,2022-10-15T00:00:00,0.0,0.190982,0.0,0.0,0,0,0,0,2011-09-13T00:00:00,okay,Claridenfirn,None,A50I/20,exists,None,0,819,2022-11-28T09:00:00,Semi-automated glacier classification.; Semi-automatic mapping from Landsat satellite images.,585,European Alps,Friedrich-Alexander University (FAU),0,0,9,11,1,None,G008914E46857N,"Bajracharya, Samjwal","Braun, Matthias H.; Lippl, Stefan; Malz, Philipp; Seehaus, Thorsten C.; Sommer, Christian; Zemp, Michael",2011,CLARIDEN,
glac_bound,1122654,G008872E46843N,2022-06-02T00:00:00,0.0,0.170094,0.0,0.0,0,0,0,0,1935-07-24T00:00:00,okay,Clariden N,None,A50J/04,exists,None,0,868,2022-06-02T09:00:00,Digitization from LK50 maps; see https://tc.copernicus.org/articles/16/3249/2022/,593,swiss alps,GLAMOS (Glacier Monitoring Switzerland),0,0,0,11,1,None,G008872E46843N,"Hodel, Elias","Hodel, Elias; Mannerfelt, Erik Schytt",1935,CLARIDEN,
glac_bound,1122661,G008888E46846N,2022-06-02T00:00:00,0.0,6.44369,0.0,0.0,0,0,0,0,1935-07-25T00:00:00,okay,Claridenfirn,None,A50I/19,exists,None,0,868,2022-06-02T09:00:00,Digitization from LK50 maps; see https://tc.copernicus.org/articles/16/3249/2022/,593,swiss alps,GLAMOS (Glacier Monitoring Switzerland),0,0,0,11,1,None,G008888E46846N,"Hodel, Elias","Hodel, Elias; Mannerfelt, Erik Schytt",1935,CLARIDEN,
glac_bound,1124820,G008871E46842N,2022-06-02T00:00:00,0.0,0.014288,0.0,0.0,0,0,0,0,2013-09-01T00:00:00,okay,Clariden N,None,None,exists,None,0,869,2022-06-02T09:00:00,Digitizaiton of glaciers in aerial imagery;,593,swiss alps,GLAMOS (Glacier Monitoring Switzerland),0,0,0,11,1,None,G008872E46843N,"Hodel, Elias","Bauder, Andreas; Hodel, Elias; Huss, Matthias; Linsbauer, Andreas",2013,CLARIDEN,
glac_bound,1124821,G008872E46843N,2022-06-02T00:00:00,0.0,0.075649,0.0,0.0,0,0,0,0,2013-09-01T00:00:00,okay,Clariden N,None,A50J/04,exists,None,0,869,2022-06-02T09:00:00,Digitizaiton of glaciers in aerial imagery;,593,swiss alps,GLAMOS (Glacier Monitoring Switzerland),0,0,0,11,1,None,G008872E46843N,"Hodel, Elias","Bauder, Andreas; Hodel, Elias; Huss, Matthias; Linsbauer, Andreas",2013,CLARIDEN,
glac_bound,1124829,G008888E46846N,2022-06-02T00:00:00,0.0,4.68171,0.0,0.0,0,0,0,0,2013-09-01T00:00:00,okay,Claridenfirn,None,A50I/19,exists,None,0,869,2022-06-02T09:00:00,Digitizaiton of glaciers in aerial imagery;,593,swiss alps,GLAMOS (Glacier Monitoring Switzerland),0,0,0,11,1,None,G008888E46846N,"Hodel, Elias","Bauder, Andreas; Hodel, Elias; Huss, Matthias; Linsbauer, Andreas",2013,CLARIDEN,
glac_bound,1124847,G008914E46857N,2022-06-02T00:00:00,0.0,0.02501,0.0,0.0,0,0,0,0,2013-09-01T00:00:00,okay,Claridenfirn,None,A50I/20,exists,None,0,869,2022-06-02T09:00:00,Digitizaiton of glaciers in aerial imagery;,593,swiss alps,GLAMOS (Glacier Monitoring Switzerland),0,0,0,11,1,None,G008914E46857N,"Hodel, Elias","Bauder, Andreas; Hodel, Elias; Huss, Matthias; Linsbauer, Andreas",2013,CLARIDEN,
glac_bound,166447,G007394E45986N,2013-05-28T00:00:00,5.16812,5.16615,0.0,4452.0,0,2638,3212,3810,2009-09-15T00:00:00,okay,Glacier du Giétro,None,B82/14,exists,None,0,579,2013-06-03T11:00:00,"SwissImage L2 aerial orthophotos, manual digitization; Glacier outlines were digitized manually from high-resolution aerial photography (swissimage level 2; 50cm resolution) acquired in september 2008 (34 glaciers); 2009(354 glaciers); 2010 (708 glaciers",571,Swiss Alps,University of Fribourg,0,0,9,11,1,None,None,"Fischer, Mauro","Fischer, Mauro",2009,GIÉTRO,
glac_bound,166058,G007413E45991N,2013-05-28T00:00:00,0.12922,0.129971,0.0,345.0,0,3514,3689,3805,2009-09-15T00:00:00,okay,Glacier du Giétro,None,B74/25n,exists,None,0,579,2013-06-03T11:00:00,"SwissImage L2 aerial orthophotos, manual digitization; Glacier outlines were digitized manually from high-resolution aerial photography (swissimage level 2; 50cm resolution) acquired in september 2008 (34 glaciers); 2009(354 glaciers); 2010 (708 glaciers",571,Swiss Alps,University of Fribourg,0,0,9,11,1,None,None,"Fischer, Mauro","Fischer, Mauro",2009,GIÉTRO,
glac_bound,330014,G007413E45991N,2010-06-01T00:00:00,0.146,0.146253,0.0,0.0,0,3424,3642,3775,2003-08-13T00:00:00,okay,Glacier du Giétro,None,B74/25n,exists,None,0,593,2016-02-01T09:00:00,"All glaciers are classified in the main processing stage with a thresholded ratio image and an additional threshold to provide the classification in shadow regions (e.g. Paul and Kaeaeb, 2005); All glaciers are classified in the main processing stage wit",30,European Alps,University of Zurich-Irchel,0,0,9,11,1,None,None,"Paul, Frank","Paul, Frank",2003,GIÉTRO,
glac_bound,329997,G007394E45986N,2010-06-01T00:00:00,5.419,5.42146,0.0,0.0,0,2575,3207,3784,2003-08-13T00:00:00,okay,Glacier du Giétro,None,B82/14,exists,None,0,593,2016-02-01T09:00:00,"All glaciers are classified in the main processing stage with a thresholded ratio image and an additional threshold to provide the classification in shadow regions (e.g. Paul and Kaeaeb, 2005); All glaciers are classified in the main processing stage wit",30,European Alps,University of Zurich-Irchel,0,0,9,11,1,None,None,"Paul, Frank","Paul, Frank",2003,GIÉTRO,
glac_bound,336276,G007413E45991N,2000-09-01T00:00:00,157334.0,0.157282,0.0,0.0,0,0,0,0,1850-09-01T00:00:00,okay,Glacier du Giétro,None,B74/25n,exists,None,0,594,2016-02-01T09:00:00,"Field and aerial photo reconstruction + Siegfriedmap, transfer to topographic map (1:25000). Manual digitization from transparent paper with topo map in background, using ArcInfo and ArcGIS and later transformation to shape files; Field and aerial photo",30,European Alps,University of Zurich-Irchel,0,0,9,11,1,None,None,"Paul, Frank","Wipf, Andreas",1850,GIÉTRO,
glac_bound,336261,G007394E45986N,2000-09-01T00:00:00,6440500.0,6.4386,0.0,0.0,0,0,0,0,1850-09-01T00:00:00,okay,Glacier du Giétro,None,B82/14,exists,None,0,594,2016-02-01T09:00:00,"Field and aerial photo reconstruction + Siegfriedmap, transfer to topographic map (1:25000). Manual digitization from transparent paper with topo map in background, using ArcInfo and ArcGIS and later transformation to shape files; Field and aerial photo",30,European Alps,University of Zurich-Irchel,0,0,9,11,1,None,None,"Paul, Frank","Wipf, Andreas",1850,GIÉTRO,
glac_bound,341911,G007413E45991N,1995-06-01T00:00:00,1.8e-05,0.157263,0.0,0.0,0,0,0,0,1973-09-01T00:00:00,okay,Glacier du Giétro,None,B74/25n,exists,None,0,599,2016-02-01T09:00:00,Southwest Switzerland: outlines were directly transferred from aerial photography to 1:25000 topo maps.; The outlines were directly transferred and digitized from aerial photography to 1:25000 topo maps. In September 1973 favorable conditions for glacier,30,European Alps,University of Zurich-Irchel,0,0,9,11,1,None,None,"Maisch, Max","Benz, Christof; Wipf, Andreas",1973,GIÉTRO,
glac_bound,339081,G007394E45986N,2008-01-01T00:00:00,5.16763,5.16611,0.0,0.0,0,2638,0,3810,2008-09-30T00:00:00,okay,Glacier du Giétro,None,B82/14,exists,None,0,596,2016-02-01T09:00:00,Glacier outlines were digitized manually in ArcGIS based on SWISSIMAGE Level 2. Glacier polygons were coded and named according the outlines of 1973.; Glacier outlines were digitized manually in ArcGIS based on SWISSIMAGE Level 2 (swisstopo) imagery.,571,Swiss Alps,University of Fribourg,0,0,9,11,1,None,None,"Fischer, Mauro","Fischer, Mauro",2008,GIÉTRO,
glac_bound,339090,G007413E45991N,2008-01-01T00:00:00,0.130013,0.129969,0.0,0.0,0,3514,0,3805,2008-09-30T00:00:00,okay,Glacier du Giétro,None,B74/25n,exists,None,0,596,2016-02-01T09:00:00,Glacier outlines were digitized manually in ArcGIS based on SWISSIMAGE Level 2. Glacier polygons were coded and named according the outlines of 1973.; Glacier outlines were digitized manually in ArcGIS based on SWISSIMAGE Level 2 (swisstopo) imagery.,571,Swiss Alps,University of Fribourg,0,0,9,11,1,None,None,"Fischer, Mauro","Fischer, Mauro",2008,GIÉTRO,
glac_bound,341900,G007394E45986N,1995-06-01T00:00:00,0.000679,5.84979,0.0,0.0,0,0,0,0,1973-09-01T00:00:00,okay,Glacier du Giétro,None,B82/14,exists,None,0,599,2016-02-01T09:00:00,Southwest Switzerland: outlines were directly transferred from aerial photography to 1:25000 topo maps.; The outlines were directly transferred and digitized from aerial photography to 1:25000 topo maps. In September 1973 favorable conditions for glacier,30,European Alps,University of Zurich-Irchel,0,0,9,11,1,None,None,"Maisch, Max","Benz, Christof; Wipf, Andreas",1973,GIÉTRO,
glac_bound,86636,G007413E45991N,2009-04-04T00:00:00,0.141812,0.141794,0.0,0.0,0,0,0,0,1998-08-31T00:00:00,okay,Glacier du Giétro,None,B74/25n,exists,None,0,533,2009-04-30T19:18:21,"TM4/TM5 ratio; Glaciers were automatically mapped from TM raw data using two thresholds: TM3/TM5 > 2.1 and TM1 > 53. The glacier map was smoothed with a 3 by 3 median filter. After raster-vector conversion gross errors were manually removed (water, lakes",30,European Alps,University of Zurich-Irchel,0,0,9,11,1,None,None,"Paul, Frank","Paul, Frank",1998,GIÉTRO,
glac_bound,86645,G007394E45986N,2009-04-04T00:00:00,5.42307,5.42151,0.0,0.0,0,0,0,0,1998-08-31T00:00:00,okay,Glacier du Giétro,None,B82/14,exists,None,0,533,2009-04-30T19:18:21,"TM4/TM5 ratio; Glaciers were automatically mapped from TM raw data using two thresholds: TM3/TM5 > 2.1 and TM1 > 53. The glacier map was smoothed with a 3 by 3 median filter. After raster-vector conversion gross errors were manually removed (water, lakes",30,European Alps,University of Zurich-Irchel,0,0,9,11,1,None,None,"Paul, Frank","Paul, Frank",1998,GIÉTRO,
glac_bound,707643,G007413E45991N,2019-04-15T00:00:00,0.139737,0.139792,0.0,0.0,0,3523,3698,3815,2015-08-29T00:00:00,okay,Glacier du Giétro,None,B74/25n,exists,None,0,710,2019-04-15T09:00:00,Semi-automated glacier classification; The outlines are derived from 8 Sentinel 2 MSI tiles acquired in Aug. 2015.  Topographic information was derived semi-automatically from the 30 m ALOS AW3D30 DEM.,561,Various (GlobGlacier),University of Zurich-Irchel,0,0,9,11,1,None,None,"Paul, Frank","Azzoni, R.S.; Fugazza, D.; Le Bris, Raymond; Nemec, J.; Paul, Frank; Rabatel, Antoine; Ramusovic, M.; Rastner, Philipp; Schaub, Yvonne; Schwaizer (nee Bippus), Gabriele",2015,GIÉTRO,
glac_bound,707627,G007394E45986N,2019-04-15T00:00:00,5.04998,5.0521,0.0,0.0,0,2754,3229,3816,2015-08-29T00:00:00,okay,Glacier du Giétro,None,B82/14,exists,None,0,710,2019-04-15T09:00:00,Semi-automated glacier classification; The outlines are derived from 8 Sentinel 2 MSI tiles acquired in Aug. 2015.  Topographic information was derived semi-automatically from the 30 m ALOS AW3D30 DEM.,561,Various (GlobGlacier),University of Zurich-Irchel,0,0,9,11,1,None,None,"Paul, Frank","Azzoni, R.S.; Fugazza, D.; Le Bris, Raymond; Nemec, J.; Paul, Frank; Rabatel, Antoine; Ramusovic, M.; Rastner, Philipp; Schaub, Yvonne; Schwaizer (nee Bippus), Gabriele",2015,GIÉTRO,
glac_bound,753419,G007413E45991N,2021-09-01T00:00:00,0.146183,0.146253,0.0,0.0,0,3475,3662,3805,2003-08-13T00:00:00,okay,Glacier du Giétro,None,B74/25n,exists,None,0,731,2021-10-09T09:00:00,Semi-automated glacier classification; The outlines are derived from 11 Landsat scenes acquired in 2003.,30,European Alps,University of Zurich-Irchel,0,0,9,11,1,None,None,"Paul, Frank","Frey, Holger; Le Bris, Raymond; Paul, Frank; Rastner, Philipp",2003,GIÉTRO,
glac_bound,753405,G007394E45986N,2021-09-01T00:00:00,5.4192,5.42146,0.0,0.0,0,2554,3212,3817,2003-08-13T00:00:00,okay,Glacier du Giétro,None,B82/14,exists,None,0,731,2021-10-09T09:00:00,Semi-automated glacier classification; The outlines are derived from 11 Landsat scenes acquired in 2003.,30,European Alps,University of Zurich-Irchel,0,0,9,11,1,None,None,"Paul, Frank","Frey, Holger; Le Bris, Raymond; Paul, Frank; Rastner, Philipp",2003,GIÉTRO,
glac_bound,1029623,G007413E45991N,2022-10-15T00:00:00,0.0,0.125823,0.0,0.0,0,0,0,0,2000-08-20T00:00:00,okay,Glacier du Giétro,None,B74/25n,exists,None,0,818,2022-11-28T09:00:00,Semi-automated glacier classification.; Semi-automatic mapping from Landsat satellite images.,585,European Alps,Friedrich-Alexander University (FAU),0,0,9,11,1,None,None,"Bajracharya, Samjwal","Braun, Matthias H.; Lippl, Stefan; Malz, Philipp; Seehaus, Thorsten C.; Sommer, Christian; Zemp, Michael",2000,GIÉTRO,
glac_bound,1029609,G007394E45986N,2022-10-15T00:00:00,0.0,5.53972,0.0,0.0,0,0,0,0,2000-08-20T00:00:00,okay,Glacier du Giétro,None,B82/14,exists,None,0,818,2022-11-28T09:00:00,Semi-automated glacier classification.; Semi-automatic mapping from Landsat satellite images.,585,European Alps,Friedrich-Alexander University (FAU),0,0,9,11,1,None,None,"Bajracharya, Samjwal","Braun, Matthias H.; Lippl, Stefan; Malz, Philipp; Seehaus, Thorsten C.; Sommer, Christian; Zemp, Michael",2000,GIÉTRO,
glac_bound,1033154,G007394E45986N,2022-10-15T00:00:00,0.0,5.29398,0.0,0.0,0,0,0,0,2011-07-02T00:00:00,okay,Glacier du Giétro,None,B82/14,exists,None,0,819,2022-11-28T09:00:00,Semi-automated glacier classification.; Semi-automatic mapping from Landsat satellite images.,585,European Alps,Friedrich-Alexander University (FAU),0,0,9,11,1,None,None,"Bajracharya, Samjwal","Braun, Matthias H.; Lippl, Stefan; Malz, Philipp; Seehaus, Thorsten C.; Sommer, Christian; Zemp, Michael",2011,GIÉTRO,
glac_bound,1033170,G007413E45991N,2022-10-15T00:00:00,0.0,0.152855,0.0,0.0,0,0,0,0,2011-07-02T00:00:00,okay,Glacier du Giétro,None,B74/25n,exists,None,0,819,2022-11-28T09:00:00,Semi-automated glacier classification.; Semi-automatic mapping from Landsat satellite images.,585,European Alps,Friedrich-Alexander University (FAU),0,0,9,11,1,None,None,"Bajracharya, Samjwal","Braun, Matthias H.; Lippl, Stefan; Malz, Philipp; Seehaus, Thorsten C.; Sommer, Christian; Zemp, Michael",2011,GIÉTRO,
glac_bound,1036530,G007413E45991N,2022-10-15T00:00:00,0.0,0.131401,0.0,0.0,0,0,0,0,2013-07-23T00:00:00,okay,Glacier du Giétro,None,B74/25n,exists,None,0,820,2022-11-28T09:00:00,Semi-automated glacier classification.; Semi-automatic mapping from Landsat satellite images.,585,European Alps,Friedrich-Alexander University (FAU),0,0,9,11,1,None,None,"Bajracharya, Samjwal","Braun, Matthias H.; Lippl, Stefan; Malz, Philipp; Seehaus, Thorsten C.; Sommer, Christian; Zemp, Michael",2013,GIÉTRO,
glac_bound,1036516,G007394E45986N,2022-10-15T00:00:00,0.0,5.16112,0.0,0.0,0,0,0,0,2014-09-12T00:00:00,okay,Glacier du Giétro,None,B82/14,exists,None,0,820,2022-11-28T09:00:00,Semi-automated glacier classification.; Semi-automatic mapping from Landsat satellite images.,585,European Alps,Friedrich-Alexander University (FAU),0,0,9,11,1,None,None,"Bajracharya, Samjwal","Braun, Matthias H.; Lippl, Stefan; Malz, Philipp; Seehaus, Thorsten C.; Sommer, Christian; Zemp, Michael",2014,GIÉTRO,
glac_bound,1121015,G007413E45991N,2022-06-02T00:00:00,0.0,0.157291,0.0,0.0,0,0,0,0,1934-09-04T00:00:00,okay,Glacier du Giétro,None,B74/25n,exists,None,0,868,2022-06-02T09:00:00,Digitization from LK50 maps; see https://tc.copernicus.org/articles/16/3249/2022/,593,swiss alps,GLAMOS (Glacier Monitoring Switzerland),0,0,0,11,1,None,None,"Hodel, Elias","Hodel, Elias; Mannerfelt, Erik Schytt",1934,GIÉTRO,
glac_bound,1121002,G007394E45986N,2022-06-02T00:00:00,0.0,5.94371,0.0,0.0,0,0,0,0,1934-09-04T00:00:00,okay,Glacier du Giétro,None,B82/14,exists,None,0,868,2022-06-02T09:00:00,Digitization from LK50 maps; see https://tc.copernicus.org/articles/16/3249/2022/,593,swiss alps,GLAMOS (Glacier Monitoring Switzerland),0,0,0,11,1,None,None,"Hodel, Elias","Hodel, Elias; Mannerfelt, Erik Schytt",1934,GIÉTRO,
glac_bound,1123591,G007394E45986N,2022-06-02T00:00:00,0.0,5.11329,0.0,0.0,0,0,0,0,2016-09-01T00:00:00,okay,Glacier du Giétro,None,B82/14,exists,None,0,869,2022-06-02T09:00:00,Digitizaiton of glaciers in aerial imagery;,593,swiss alps,GLAMOS (Glacier Monitoring Switzerland),0,0,0,11,1,None,None,"Hodel, Elias","Bauder, Andreas; Hodel, Elias; Huss, Matthias; Linsbauer, Andreas",2016,GIÉTRO,
glac_bound,1123605,G007413E45991N,2022-06-02T00:00:00,0.0,0.121011,0.0,0.0,0,0,0,0,2016-09-01T00:00:00,okay,Glacier du Giétro,None,B74/25n,exists,None,0,869,2022-06-02T09:00:00,Digitizaiton of glaciers in aerial imagery;,593,swiss alps,GLAMOS (Glacier Monitoring Switzerland),0,0,0,11,1,None,None,"Hodel, Elias","Bauder, Andreas; Hodel, Elias; Huss, Matthias; Linsbauer, Andreas",2016,GIÉTRO,
glac_bound,166327,G008319E46431N,2013-05-28T00:00:00,4.78937,4.78531,0.0,5477.0,0,2422,2887,3299,2009-09-15T00:00:00,okay,Griesgletscher,None,B45/04,exists,None,0,579,2013-06-03T11:00:00,"SwissImage L2 aerial orthophotos, manual digitization; Glacier outlines were digitized manually from high-resolution aerial photography (swissimage level 2; 50cm resolution) acquired in september 2008 (34 glaciers); 2009(354 glaciers); 2010 (708 glaciers",571,Swiss Alps,University of Fribourg,0,0,9,11,1,None,G008319E46431N,"Fischer, Mauro","Fischer, Mauro",2009,GRIES,
glac_bound,165705,G008500E46841N,2013-05-28T00:00:00,0.86703,0.865012,0.0,1651.0,0,2479,2618,2830,2009-09-15T00:00:00,okay,Griessengletscher (Engelberg),None,A51H/02,exists,None,0,579,2013-06-03T11:00:00,"SwissImage L2 aerial orthophotos, manual digitization; Glacier outlines were digitized manually from high-resolution aerial photography (swissimage level 2; 50cm resolution) acquired in september 2008 (34 glaciers); 2009(354 glaciers); 2010 (708 glaciers",571,Swiss Alps,University of Fribourg,0,0,9,11,1,None,G008500E46841N,"Fischer, Mauro","Fischer, Mauro",2009,GRIES,
glac_bound,166549,G008781E46817N,2013-05-28T00:00:00,0.04915,0.049176,0.0,607.0,0,2004,2150,2389,2009-09-15T00:00:00,okay,Griessgletscher,None,A51C/08,exists,None,0,579,2013-06-03T11:00:00,"SwissImage L2 aerial orthophotos, manual digitization; Glacier outlines were digitized manually from high-resolution aerial photography (swissimage level 2; 50cm resolution) acquired in september 2008 (34 glaciers); 2009(354 glaciers); 2010 (708 glaciers",571,Swiss Alps,University of Fribourg,0,0,9,11,1,None,G008781E46817N,"Fischer, Mauro","Fischer, Mauro",2009,GRIES,
glac_bound,166308,G008806E46826N,2013-05-28T00:00:00,0.27406,0.273283,0.0,1349.0,0,2338,2542,2743,2009-09-15T00:00:00,okay,Griessegen,None,A51C/05,exists,None,0,579,2013-06-03T11:00:00,"SwissImage L2 aerial orthophotos, manual digitization; Glacier outlines were digitized manually from high-resolution aerial photography (swissimage level 2; 50cm resolution) acquired in september 2008 (34 glaciers); 2009(354 glaciers); 2010 (708 glaciers",571,Swiss Alps,University of Fribourg,0,0,9,11,1,None,None,"Fischer, Mauro","Fischer, Mauro",2009,GRIES,
glac_bound,166080,G008482E46726N,2013-05-28T00:00:00,0.21219,0.212237,0.0,717.0,0,2359,2576,2753,2009-09-15T00:00:00,okay,Griessenfirn,None,A51F/35,exists,None,0,579,2013-06-03T11:00:00,"SwissImage L2 aerial orthophotos, manual digitization; Glacier outlines were digitized manually from high-resolution aerial photography (swissimage level 2; 50cm resolution) acquired in september 2008 (34 glaciers); 2009(354 glaciers); 2010 (708 glaciers",571,Swiss Alps,University of Fribourg,0,0,9,11,1,None,None,"Fischer, Mauro","Fischer, Mauro",2009,GRIES,
glac_bound,332819,G008500E46841N,2010-06-01T00:00:00,0.969,0.970045,0.0,0.0,0,2484,2609,2825,2003-08-06T00:00:00,okay,Griessengletscher (Engelberg),None,A51H/02,exists,None,0,593,2016-02-01T09:00:00,"All glaciers are classified in the main processing stage with a thresholded ratio image and an additional threshold to provide the classification in shadow regions (e.g. Paul and Kaeaeb, 2005); All glaciers are classified in the main processing stage wit",30,European Alps,University of Zurich-Irchel,0,0,9,11,1,None,G008500E46841N,"Paul, Frank","Paul, Frank",2003,GRIES,
glac_bound,335359,G012043E47064N,2010-06-01T00:00:00,0.24,0.240171,0.0,0.0,0,2757,2878,3052,2003-08-24T00:00:00,okay,Griesbachjoch Kees N1,None,None,exists,None,0,593,2016-02-01T09:00:00,"All glaciers are classified in the main processing stage with a thresholded ratio image and an additional threshold to provide the classification in shadow regions (e.g. Paul and Kaeaeb, 2005); All glaciers are classified in the main processing stage wit",30,European Alps,University of Zurich-Irchel,0,0,9,11,1,None,G012043E47064N,"Paul, Frank","Paul, Frank",2003,GRIES,
glac_bound,335228,G011718E46982N,2010-06-01T00:00:00,0.236,0.235676,0.0,0.0,0,2628,3141,3355,2003-08-24T00:00:00,okay,Gran Vedretta Est / Griess,None,None,exists,None,0,593,2016-02-01T09:00:00,"All glaciers are classified in the main processing stage with a thresholded ratio image and an additional threshold to provide the classification in shadow regions (e.g. Paul and Kaeaeb, 2005); All glaciers are classified in the main processing stage wit",30,European Alps,University of Zurich-Irchel,0,0,9,11,1,None,None,"Paul, Frank","Paul, Frank",2003,GRIES,
glac_bound,335357,G012040E47071N,2010-06-01T00:00:00,0.039,0.038678,0.0,0.0,0,2734,2813,2921,2003-08-24T00:00:00,okay,"Griesbachjoch Kees N1,",None,None,exists,None,0,593,2016-02-01T09:00:00,"All glaciers are classified in the main processing stage with a thresholded ratio image and an additional threshold to provide the classification in shadow regions (e.g. Paul and Kaeaeb, 2005); All glaciers are classified in the main processing stage wit",30,European Alps,University of Zurich-Irchel,0,0,9,11,1,None,G012040E47071N,"Paul, Frank","Paul, Frank",2003,GRIES,
glac_bound,334979,G011032E47105N,2010-06-01T00:00:00,0.28,0.280352,0.0,0.0,0,2917,3058,3243,2003-07-30T00:00:00,okay,Griesskogel Ferner,None,None,exists,None,0,593,2016-02-01T09:00:00,"All glaciers are classified in the main processing stage with a thresholded ratio image and an additional threshold to provide the classification in shadow regions (e.g. Paul and Kaeaeb, 2005); All glaciers are classified in the main processing stage wit",30,European Alps,University of Zurich-Irchel,0,0,9,11,1,None,G011032E47105N,"Paul, Frank","Paul, Frank",2003,GRIES,
glac_bound,332794,G008487E46722N,2010-06-01T00:00:00,0.004,0.003603,0.0,0.0,0,2930,2962,2973,2003-08-06T00:00:00,okay,GRIESSENFIRN,None,1112,exists,None,0,593,2016-02-01T09:00:00,"All glaciers are classified in the main processing stage with a thresholded ratio image and an additional threshold to provide the classification in shadow regions (e.g. Paul and Kaeaeb, 2005); All glaciers are classified in the main processing stage wit",30,European Alps,University of Zurich-Irchel,0,0,9,11,1,None,None,"Paul, Frank","Paul, Frank",2003,GRIES,
glac_bound,333021,G008781E46817N,2010-06-01T00:00:00,0.007,0.007207,0.0,0.0,0,2109,2128,2148,2003-08-06T00:00:00,okay,Griessgletscher,None,A51C/08,exists,None,0,593,2016-02-01T09:00:00,"All glaciers are classified in the main processing stage with a thresholded ratio image and an additional threshold to provide the classification in shadow regions (e.g. Paul and Kaeaeb, 2005); All glaciers are classified in the main processing stage wit",30,European Alps,University of Zurich-Irchel,0,0,9,11,1,None,G008781E46817N,"Paul, Frank","Paul, Frank",2003,GRIES,
glac_bound,335354,G012037E47073N,2010-06-01T00:00:00,0.014,0.01439,0.0,0.0,0,2855,2909,2934,2003-08-24T00:00:00,okay,"Griesbachjoch Kees N2,",None,None,exists,None,0,593,2016-02-01T09:00:00,"All glaciers are classified in the main processing stage with a thresholded ratio image and an additional threshold to provide the classification in shadow regions (e.g. Paul and Kaeaeb, 2005); All glaciers are classified in the main processing stage wit",30,European Alps,University of Zurich-Irchel,0,0,9,11,1,None,G012043E47064N,"Paul, Frank","Paul, Frank",2003,GRIES,
glac_bound,332919,G008592E46792N,2010-06-01T00:00:00,0.004,0.003603,0.0,0.0,0,2256,2258,2262,2003-08-06T00:00:00,okay,Griesbrawen,None,A51G/01,exists,None,0,593,2016-02-01T09:00:00,"All glaciers are classified in the main processing stage with a thresholded ratio image and an additional threshold to provide the classification in shadow regions (e.g. Paul and Kaeaeb, 2005); All glaciers are classified in the main processing stage wit",30,European Alps,University of Zurich-Irchel,0,0,9,11,1,None,None,"Paul, Frank","Paul, Frank",2003,GRIES,
glac_bound,332368,G008319E46431N,2010-06-01T00:00:00,5.286,5.29007,0.0,0.0,0,2423,2882,3286,2003-08-06T00:00:00,okay,Griesgletscher,None,B45/04,exists,None,0,593,2016-02-01T09:00:00,"All glaciers are classified in the main processing stage with a thresholded ratio image and an additional threshold to provide the classification in shadow regions (e.g. Paul and Kaeaeb, 2005); All glaciers are classified in the main processing stage wit",30,European Alps,University of Zurich-Irchel,0,0,9,11,1,None,G008319E46431N,"Paul, Frank","Paul, Frank",2003,GRIES,
glac_bound,332853,G008522E46792N,2010-06-01T00:00:00,0.009,0.009009,0.0,0.0,0,2609,2639,2666,2003-08-06T00:00:00,okay,Griesshubel,None,A51H/06,exists,None,0,593,2016-02-01T09:00:00,"All glaciers are classified in the main processing stage with a thresholded ratio image and an additional threshold to provide the classification in shadow regions (e.g. Paul and Kaeaeb, 2005); All glaciers are classified in the main processing stage wit",30,European Alps,University of Zurich-Irchel,0,0,9,11,1,None,G008522E46792N,"Paul, Frank","Paul, Frank",2003,GRIES,
glac_bound,333039,G008806E46826N,2010-06-01T00:00:00,0.271,0.271161,0.0,0.0,0,2378,2551,2723,2003-08-06T00:00:00,okay,Griessegen,None,A51C/05,exists,None,0,593,2016-02-01T09:00:00,"All glaciers are classified in the main processing stage with a thresholded ratio image and an additional threshold to provide the classification in shadow regions (e.g. Paul and Kaeaeb, 2005); All glaciers are classified in the main processing stage wit",30,European Alps,University of Zurich-Irchel,0,0,9,11,1,None,None,"Paul, Frank","Paul, Frank",2003,GRIES,
glac_bound,333113,G008868E46852N,2010-06-01T00:00:00,1.046,1.04728,0.0,0.0,0,2106,2262,2714,2003-08-06T00:00:00,okay,Im Griess,None,A50J/06,exists,None,0,593,2016-02-01T09:00:00,"All glaciers are classified in the main processing stage with a thresholded ratio image and an additional threshold to provide the classification in shadow regions (e.g. Paul and Kaeaeb, 2005); All glaciers are classified in the main processing stage wit",30,European Alps,University of Zurich-Irchel,0,0,9,11,1,None,G008868E46852N,"Paul, Frank","Paul, Frank",2003,GRIES,
glac_bound,333082,G008836E46834N,2010-06-01T00:00:00,0.573,0.573308,0.0,0.0,0,2535,2831,3128,2003-08-06T00:00:00,okay,Griessgletscher (Unterschächen),None,A51C/01,exists,None,0,593,2016-02-01T09:00:00,"All glaciers are classified in the main processing stage with a thresholded ratio image and an additional threshold to provide the classification in shadow regions (e.g. Paul and Kaeaeb, 2005); All glaciers are classified in the main processing stage wit",30,European Alps,University of Zurich-Irchel,0,0,9,11,1,None,G008836E46834N,"Paul, Frank","Paul, Frank",2003,GRIES,
glac_bound,333042,G008816E46833N,2010-06-01T00:00:00,0.363,0.362985,0.0,0.0,0,2346,2460,2630,2003-08-06T00:00:00,okay,Griessgletscher (Unterschächen),None,A51C/02,exists,None,0,593,2016-02-01T09:00:00,"All glaciers are classified in the main processing stage with a thresholded ratio image and an additional threshold to provide the classification in shadow regions (e.g. Paul and Kaeaeb, 2005); All glaciers are classified in the main processing stage wit",30,European Alps,University of Zurich-Irchel,0,0,9,11,1,None,G008816E46833N,"Paul, Frank","Paul, Frank",2003,GRIES,
glac_bound,331351,G007997E46193N,2010-06-01T00:00:00,0.287,0.287297,0.0,0.0,0,2671,2798,3018,2003-08-06T00:00:00,okay,Griessernugletscher,None,C02/06,exists,None,0,593,2016-02-01T09:00:00,"All glaciers are classified in the main processing stage with a thresholded ratio image and an additional threshold to provide the classification in shadow regions (e.g. Paul and Kaeaeb, 2005); All glaciers are classified in the main processing stage wit",30,European Alps,University of Zurich-Irchel,0,0,9,11,1,None,G007997E46193N,"Paul, Frank","Paul, Frank",2003,GRIES,
glac_bound,335737,G012684E47158N,2010-06-01T00:00:00,0.293,0.293071,0.0,0.0,0,2666,2805,3012,2003-08-24T00:00:00,okay,Griesskogel Kees,None,None,exists,None,0,593,2016-02-01T09:00:00,"All glaciers are classified in the main processing stage with a thresholded ratio image and an additional threshold to provide the classification in shadow regions (e.g. Paul and Kaeaeb, 2005); All glaciers are classified in the main processing stage wit",30,European Alps,University of Zurich-Irchel,0,0,9,11,1,None,None,"Paul, Frank","Paul, Frank",2003,GRIES,
glac_bound,332785,G008482E46726N,2010-06-01T00:00:00,0.201,0.200993,0.0,0.0,0,2417,2607,2826,2003-08-06T00:00:00,okay,Griessenfirn,None,A51F/35,exists,None,0,593,2016-02-01T09:00:00,"All glaciers are classified in the main processing stage with a thresholded ratio image and an additional threshold to provide the classification in shadow regions (e.g. Paul and Kaeaeb, 2005); All glaciers are classified in the main processing stage wit",30,European Alps,University of Zurich-Irchel,0,0,9,11,1,None,None,"Paul, Frank","Paul, Frank",2003,GRIES,
glac_bound,337814,G008522E46792N,1992-06-01T00:00:00,390083.0,0.390076,0.0,0.0,0,0,0,0,1850-09-01T00:00:00,okay,Griesshubel,None,A51H/06,exists,None,0,595,2016-02-01T09:00:00,"Field and aerial photo reconstruction + Siegfried map, transfer to topographic map (1:25000). Manual digitization from transparent paper with topo map in bakcground, using ArcInfo and ArcGIS, Swiss coordinate system; Field and aerial photo reconstruction",30,European Alps,University of Zurich-Irchel,0,0,9,11,1,None,G008522E46792N,"Paul, Frank","Maisch, Max",1850,GRIES,
glac_bound,338023,G008816E46833N,1992-06-01T00:00:00,1811440.0,1.81141,0.0,0.0,0,0,0,0,1850-09-01T00:00:00,okay,Griessgletscher (Unterschächen),None,A51C/02,exists,None,0,595,2016-02-01T09:00:00,"Field and aerial photo reconstruction + Siegfried map, transfer to topographic map (1:25000). Manual digitization from transparent paper with topo map in bakcground, using ArcInfo and ArcGIS, Swiss coordinate system; Field and aerial photo reconstruction",30,European Alps,University of Zurich-Irchel,0,0,9,11,1,None,G008816E46833N,"Paul, Frank","Maisch, Max",1850,GRIES,
glac_bound,337537,G008319E46431N,1992-06-01T00:00:00,8431470.0,8.43068,0.0,0.0,0,0,0,0,1850-09-01T00:00:00,okay,Griesgletscher,None,B45/04,exists,None,0,595,2016-02-01T09:00:00,"Field and aerial photo reconstruction + Siegfried map, transfer to topographic map (1:25000). Manual digitization from transparent paper with topo map in bakcground, using ArcInfo and ArcGIS, Swiss coordinate system; Field and aerial photo reconstruction",30,European Alps,University of Zurich-Irchel,0,0,9,11,1,None,G008319E46431N,"Paul, Frank","Maisch, Max",1850,GRIES,
glac_bound,337753,G008482E46726N,1992-06-01T00:00:00,533316.0,0.5333,0.0,0.0,0,0,0,0,1850-09-01T00:00:00,okay,Griessenfirn,None,A51F/35,exists,None,0,595,2016-02-01T09:00:00,"Field and aerial photo reconstruction + Siegfried map, transfer to topographic map (1:25000). Manual digitization from transparent paper with topo map in bakcground, using ArcInfo and ArcGIS, Swiss coordinate system; Field and aerial photo reconstruction",30,European Alps,University of Zurich-Irchel,0,0,9,11,1,None,None,"Paul, Frank","Maisch, Max",1850,GRIES,
glac_bound,338004,G008806E46826N,1992-06-01T00:00:00,481413.0,0.481404,0.0,0.0,0,0,0,0,1850-09-01T00:00:00,okay,Griessegen,None,A51C/05,exists,None,0,595,2016-02-01T09:00:00,"Field and aerial photo reconstruction + Siegfried map, transfer to topographic map (1:25000). Manual digitization from transparent paper with topo map in bakcground, using ArcInfo and ArcGIS, Swiss coordinate system; Field and aerial photo reconstruction",30,European Alps,University of Zurich-Irchel,0,0,9,11,1,None,None,"Paul, Frank","Maisch, Max",1850,GRIES,
glac_bound,338032,G008836E46834N,1992-06-01T00:00:00,1786660.0,1.78661,0.0,0.0,0,0,0,0,1850-09-01T00:00:00,okay,Griessgletscher (Unterschächen),None,A51C/01,exists,None,0,595,2016-02-01T09:00:00,"Field and aerial photo reconstruction + Siegfried map, transfer to topographic map (1:25000). Manual digitization from transparent paper with topo map in bakcground, using ArcInfo and ArcGIS, Swiss coordinate system; Field and aerial photo reconstruction",30,European Alps,University of Zurich-Irchel,0,0,9,11,1,None,G008836E46834N,"Paul, Frank","Maisch, Max",1850,GRIES,
glac_bound,337767,G008500E46841N,1992-06-01T00:00:00,2767490.0,2.76741,0.0,0.0,0,0,0,0,1850-09-01T00:00:00,okay,Griessengletscher (Engelberg),None,A51H/02,exists,None,0,595,2016-02-01T09:00:00,"Field and aerial photo reconstruction + Siegfried map, transfer to topographic map (1:25000). Manual digitization from transparent paper with topo map in bakcground, using ArcInfo and ArcGIS, Swiss coordinate system; Field and aerial photo reconstruction",30,European Alps,University of Zurich-Irchel,0,0,9,11,1,None,G008500E46841N,"Paul, Frank","Maisch, Max",1850,GRIES,
glac_bound,337270,G007992E46205N,1992-06-01T00:00:00,648770.0,0.648649,0.0,0.0,0,0,0,0,1850-09-01T00:00:00,okay,Griessernuhorn,None,C03/04,exists,None,0,595,2016-02-01T09:00:00,"Field and aerial photo reconstruction + Siegfried map, transfer to topographic map (1:25000). Manual digitization from transparent paper with topo map in bakcground, using ArcInfo and ArcGIS, Swiss coordinate system; Field and aerial photo reconstruction",30,European Alps,University of Zurich-Irchel,0,0,9,11,1,None,G007992E46205N,"Paul, Frank","Maisch, Max",1850,GRIES,
glac_bound,337273,G007997E46193N,1992-06-01T00:00:00,695238.0,0.695099,0.0,0.0,0,0,0,0,1850-09-01T00:00:00,okay,Griessernugletscher,None,C02/06,exists,None,0,595,2016-02-01T09:00:00,"Field and aerial photo reconstruction + Siegfried map, transfer to topographic map (1:25000). Manual digitization from transparent paper with topo map in bakcground, using ArcInfo and ArcGIS, Swiss coordinate system; Field and aerial photo reconstruction",30,European Alps,University of Zurich-Irchel,0,0,9,11,1,None,G007997E46193N,"Paul, Frank","Maisch, Max",1850,GRIES,
glac_bound,337985,G008781E46817N,1992-06-01T00:00:00,104506.0,0.104505,0.0,0.0,0,0,0,0,1850-09-01T00:00:00,okay,Griessgletscher,None,A51C/08,exists,None,0,595,2016-02-01T09:00:00,"Field and aerial photo reconstruction + Siegfried map, transfer to topographic map (1:25000). Manual digitization from transparent paper with topo map in bakcground, using ArcInfo and ArcGIS, Swiss coordinate system; Field and aerial photo reconstruction",30,European Alps,University of Zurich-Irchel,0,0,9,11,1,None,G008781E46817N,"Paul, Frank","Maisch, Max",1850,GRIES,
glac_bound,338054,G008868E46852N,1992-06-01T00:00:00,2281130.0,2.28108,0.0,0.0,0,0,0,0,1850-09-01T00:00:00,okay,Im Griess,None,A50J/06,exists,None,0,595,2016-02-01T09:00:00,"Field and aerial photo reconstruction + Siegfried map, transfer to topographic map (1:25000). Manual digitization from transparent paper with topo map in bakcground, using ArcInfo and ArcGIS, Swiss coordinate system; Field and aerial photo reconstruction",30,European Alps,University of Zurich-Irchel,0,0,9,11,1,None,G008868E46852N,"Paul, Frank","Maisch, Max",1850,GRIES,
glac_bound,337872,G008592E46792N,1992-06-01T00:00:00,288518.0,0.288525,0.0,0.0,0,0,0,0,1850-09-01T00:00:00,okay,Griesbrawen,None,A51G/01,exists,None,0,595,2016-02-01T09:00:00,"Field and aerial photo reconstruction + Siegfried map, transfer to topographic map (1:25000). Manual digitization from transparent paper with topo map in bakcground, using ArcInfo and ArcGIS, Swiss coordinate system; Field and aerial photo reconstruction",30,European Alps,University of Zurich-Irchel,0,0,9,11,1,None,None,"Paul, Frank","Maisch, Max",1850,GRIES,
glac_bound,340147,G008482E46726N,2008-01-01T00:00:00,0.212236,0.212235,0.0,0.0,0,2359,0,2753,2008-09-30T00:00:00,okay,Griessenfirn,None,A51F/35,exists,None,0,596,2016-02-01T09:00:00,Glacier outlines were digitized manually in ArcGIS based on SWISSIMAGE Level 2. Glacier polygons were coded and named according the outlines of 1973.; Glacier outlines were digitized manually in ArcGIS based on SWISSIMAGE Level 2 (swisstopo) imagery.,571,Swiss Alps,University of Fribourg,0,0,9,11,1,None,None,"Fischer, Mauro","Fischer, Mauro",2008,GRIES,
glac_bound,340195,G008522E46792N,2008-01-01T00:00:00,0.031294,0.015367,0.0,0.0,0,2567,0,2759,2008-09-30T00:00:00,okay,Griesshubel,None,A51H/06,exists,None,0,596,2016-02-01T09:00:00,Glacier outlines were digitized manually in ArcGIS based on SWISSIMAGE Level 2. Glacier polygons were coded and named according the outlines of 1973.; Glacier outlines were digitized manually in ArcGIS based on SWISSIMAGE Level 2 (swisstopo) imagery.,571,Swiss Alps,University of Fribourg,0,0,9,11,1,None,G008522E46792N,"Fischer, Mauro","Fischer, Mauro",2008,GRIES,
glac_bound,339652,G007997E46193N,2008-01-01T00:00:00,0.174969,0.138772,0.0,0.0,0,2699,0,2976,2008-09-30T00:00:00,okay,Griessernugletscher,None,C02/06,exists,None,0,596,2016-02-01T09:00:00,Glacier outlines were digitized manually in ArcGIS based on SWISSIMAGE Level 2. Glacier polygons were coded and named according the outlines of 1973.; Glacier outlines were digitized manually in ArcGIS based on SWISSIMAGE Level 2 (swisstopo) imagery.,571,Swiss Alps,University of Fribourg,0,0,9,11,1,None,G007997E46193N,"Fischer, Mauro","Fischer, Mauro",2008,GRIES,
glac_bound,340399,G008836E46834N,2008-01-01T00:00:00,0.651661,0.520139,0.0,0.0,0,2270,0,2994,2008-09-30T00:00:00,okay,Griessgletscher (Unterschächen),None,A51C/01,exists,None,0,596,2016-02-01T09:00:00,Glacier outlines were digitized manually in ArcGIS based on SWISSIMAGE Level 2. Glacier polygons were coded and named according the outlines of 1973.; Glacier outlines were digitized manually in ArcGIS based on SWISSIMAGE Level 2 (swisstopo) imagery.,571,Swiss Alps,University of Fribourg,0,0,9,11,1,None,G008836E46834N,"Fischer, Mauro","Fischer, Mauro",2008,GRIES,
glac_bound,340373,G008806E46826N,2008-01-01T00:00:00,0.27327,0.273256,0.0,0.0,0,2338,0,2743,2008-09-30T00:00:00,okay,Griessegen,None,A51C/05,exists,None,0,596,2016-02-01T09:00:00,Glacier outlines were digitized manually in ArcGIS based on SWISSIMAGE Level 2. Glacier polygons were coded and named according the outlines of 1973.; Glacier outlines were digitized manually in ArcGIS based on SWISSIMAGE Level 2 (swisstopo) imagery.,571,Swiss Alps,University of Fribourg,0,0,9,11,1,None,None,"Fischer, Mauro","Fischer, Mauro",2008,GRIES,
glac_bound,339964,G008319E46431N,2008-01-01T00:00:00,4.78576,4.78534,0.0,0.0,0,2422,0,3299,2008-09-30T00:00:00,okay,Griesgletscher,None,B45/04,exists,None,0,596,2016-02-01T09:00:00,Glacier outlines were digitized manually in ArcGIS based on SWISSIMAGE Level 2. Glacier polygons were coded and named according the outlines of 1973.; Glacier outlines were digitized manually in ArcGIS based on SWISSIMAGE Level 2 (swisstopo) imagery.,571,Swiss Alps,University of Fribourg,0,0,9,11,1,None,G008319E46431N,"Fischer, Mauro","Fischer, Mauro",2008,GRIES,
glac_bound,340166,G008500E46841N,2008-01-01T00:00:00,0.865026,0.865021,0.0,0.0,0,2479,0,2830,2008-09-30T00:00:00,okay,Griessengletscher (Engelberg),None,A51H/02,exists,None,0,596,2016-02-01T09:00:00,Glacier outlines were digitized manually in ArcGIS based on SWISSIMAGE Level 2. Glacier polygons were coded and named according the outlines of 1973.; Glacier outlines were digitized manually in ArcGIS based on SWISSIMAGE Level 2 (swisstopo) imagery.,571,Swiss Alps,University of Fribourg,0,0,9,11,1,None,G008500E46841N,"Fischer, Mauro","Fischer, Mauro",2008,GRIES,
glac_bound,340242,G008592E46792N,2008-01-01T00:00:00,0.034436,0.017045,0.0,0.0,0,2226,0,2436,2008-09-30T00:00:00,okay,Griesbrawen,None,A51G/01,exists,None,0,596,2016-02-01T09:00:00,Glacier outlines were digitized manually in ArcGIS based on SWISSIMAGE Level 2. Glacier polygons were coded and named according the outlines of 1973.; Glacier outlines were digitized manually in ArcGIS based on SWISSIMAGE Level 2 (swisstopo) imagery.,571,Swiss Alps,University of Fribourg,0,0,9,11,1,None,None,"Fischer, Mauro","Fischer, Mauro",2008,GRIES,
glac_bound,340357,G008781E46817N,2008-01-01T00:00:00,0.049172,0.049177,0.0,0.0,0,2004,0,2389,2008-09-30T00:00:00,okay,Griessgletscher,None,A51C/08,exists,None,0,596,2016-02-01T09:00:00,Glacier outlines were digitized manually in ArcGIS based on SWISSIMAGE Level 2. Glacier polygons were coded and named according the outlines of 1973.; Glacier outlines were digitized manually in ArcGIS based on SWISSIMAGE Level 2 (swisstopo) imagery.,571,Swiss Alps,University of Fribourg,0,0,9,11,1,None,G008781E46817N,"Fischer, Mauro","Fischer, Mauro",2008,GRIES,
glac_bound,340419,G008868E46852N,2008-01-01T00:00:00,1.11729,1.02852,0.0,0.0,0,2101,0,2691,2008-09-30T00:00:00,okay,Im Griess,None,A50J/06,exists,None,0,596,2016-02-01T09:00:00,Glacier outlines were digitized manually in ArcGIS based on SWISSIMAGE Level 2. Glacier polygons were coded and named according the outlines of 1973.; Glacier outlines were digitized manually in ArcGIS based on SWISSIMAGE Level 2 (swisstopo) imagery.,571,Swiss Alps,University of Fribourg,0,0,9,11,1,None,G008868E46852N,"Fischer, Mauro","Fischer, Mauro",2008,GRIES,
glac_bound,343232,G008836E46834N,1995-06-01T00:00:00,0.000178,1.51024,0.0,0.0,0,0,0,0,1973-09-01T00:00:00,okay,Griessgletscher (Unterschächen),None,A51C/01,exists,None,0,599,2016-02-01T09:00:00,Southwest Switzerland: outlines were directly transferred from aerial photography to 1:25000 topo maps.; The outlines were directly transferred and digitized from aerial photography to 1:25000 topo maps. In September 1973 favorable conditions for glacier,30,European Alps,University of Zurich-Irchel,0,0,9,11,1,None,G008836E46834N,"Maisch, Max","Benz, Christof; Wipf, Andreas",1973,GRIES,
glac_bound,343217,G008806E46826N,1995-06-01T00:00:00,4.2e-05,0.358382,0.0,0.0,0,0,0,0,1973-09-01T00:00:00,okay,Griessegen,None,A51C/05,exists,None,0,599,2016-02-01T09:00:00,Southwest Switzerland: outlines were directly transferred from aerial photography to 1:25000 topo maps.; The outlines were directly transferred and digitized from aerial photography to 1:25000 topo maps. In September 1973 favorable conditions for glacier,30,European Alps,University of Zurich-Irchel,0,0,9,11,1,None,None,"Maisch, Max","Benz, Christof; Wipf, Andreas",1973,GRIES,
glac_bound,343067,G008500E46841N,1995-06-01T00:00:00,0.000151,1.28402,0.0,0.0,0,0,0,0,1973-09-01T00:00:00,okay,Griessengletscher (Engelberg),None,A51H/02,exists,None,0,599,2016-02-01T09:00:00,Southwest Switzerland: outlines were directly transferred from aerial photography to 1:25000 topo maps.; The outlines were directly transferred and digitized from aerial photography to 1:25000 topo maps. In September 1973 favorable conditions for glacier,30,European Alps,University of Zurich-Irchel,0,0,9,11,1,None,G008500E46841N,"Maisch, Max","Benz, Christof; Wipf, Andreas",1973,GRIES,
glac_bound,343038,G008482E46726N,1995-06-01T00:00:00,3.9e-05,0.328502,0.0,0.0,0,0,0,0,1973-09-01T00:00:00,okay,Griessenfirn,None,A51F/35,exists,None,0,599,2016-02-01T09:00:00,Southwest Switzerland: outlines were directly transferred from aerial photography to 1:25000 topo maps.; The outlines were directly transferred and digitized from aerial photography to 1:25000 topo maps. In September 1973 favorable conditions for glacier,30,European Alps,University of Zurich-Irchel,0,0,9,11,1,None,None,"Maisch, Max","Benz, Christof; Wipf, Andreas",1973,GRIES,
glac_bound,343133,G008592E46792N,1995-06-01T00:00:00,4e-06,0.033036,0.0,0.0,0,0,0,0,1973-09-01T00:00:00,okay,Griesbrawen,None,A51G/01,exists,None,0,599,2016-02-01T09:00:00,Southwest Switzerland: outlines were directly transferred from aerial photography to 1:25000 topo maps.; The outlines were directly transferred and digitized from aerial photography to 1:25000 topo maps. In September 1973 favorable conditions for glacier,30,European Alps,University of Zurich-Irchel,0,0,9,11,1,None,None,"Maisch, Max","Benz, Christof; Wipf, Andreas",1973,GRIES,
glac_bound,343090,G008522E46792N,1995-06-01T00:00:00,1.7e-05,0.14028,0.0,0.0,0,0,0,0,1973-09-01T00:00:00,okay,Griesshubel,None,A51H/06,exists,None,0,599,2016-02-01T09:00:00,Southwest Switzerland: outlines were directly transferred from aerial photography to 1:25000 topo maps.; The outlines were directly transferred and digitized from aerial photography to 1:25000 topo maps. In September 1973 favorable conditions for glacier,30,European Alps,University of Zurich-Irchel,0,0,9,11,1,None,G008522E46792N,"Maisch, Max","Benz, Christof; Wipf, Andreas",1973,GRIES,
glac_bound,342491,G007997E46193N,1995-06-01T00:00:00,5.2e-05,0.44778,0.0,0.0,0,0,0,0,1973-09-01T00:00:00,okay,Griessernugletscher,None,C02/06,exists,None,0,599,2016-02-01T09:00:00,Southwest Switzerland: outlines were directly transferred from aerial photography to 1:25000 topo maps.; The outlines were directly transferred and digitized from aerial photography to 1:25000 topo maps. In September 1973 favorable conditions for glacier,30,European Alps,University of Zurich-Irchel,0,0,9,11,1,None,G007997E46193N,"Maisch, Max","Benz, Christof; Wipf, Andreas",1973,GRIES,
glac_bound,343203,G008781E46817N,1995-06-01T00:00:00,7e-06,0.058222,0.0,0.0,0,0,0,0,1973-09-01T00:00:00,okay,Griessgletscher,None,A51C/08,exists,None,0,599,2016-02-01T09:00:00,Southwest Switzerland: outlines were directly transferred from aerial photography to 1:25000 topo maps.; The outlines were directly transferred and digitized from aerial photography to 1:25000 topo maps. In September 1973 favorable conditions for glacier,30,European Alps,University of Zurich-Irchel,0,0,9,11,1,None,G008781E46817N,"Maisch, Max","Benz, Christof; Wipf, Andreas",1973,GRIES,
glac_bound,343243,G008868E46852N,1995-06-01T00:00:00,0.000218,1.84617,0.0,0.0,0,0,0,0,1973-09-01T00:00:00,okay,Im Griess,None,A50J/06,exists,None,0,599,2016-02-01T09:00:00,Southwest Switzerland: outlines were directly transferred from aerial photography to 1:25000 topo maps.; The outlines were directly transferred and digitized from aerial photography to 1:25000 topo maps. In September 1973 favorable conditions for glacier,30,European Alps,University of Zurich-Irchel,0,0,9,11,1,None,G008868E46852N,"Maisch, Max","Benz, Christof; Wipf, Andreas",1973,GRIES,
glac_bound,343223,G008816E46833N,1995-06-01T00:00:00,0.000104,0.885976,0.0,0.0,0,0,0,0,1973-09-01T00:00:00,okay,Griessgletscher (Unterschächen),None,A51C/02,exists,None,0,599,2016-02-01T09:00:00,Southwest Switzerland: outlines were directly transferred from aerial photography to 1:25000 topo maps.; The outlines were directly transferred and digitized from aerial photography to 1:25000 topo maps. In September 1973 favorable conditions for glacier,30,European Alps,University of Zurich-Irchel,0,0,9,11,1,None,G008816E46833N,"Maisch, Max","Benz, Christof; Wipf, Andreas",1973,GRIES,
glac_bound,342494,G007992E46205N,1995-06-01T00:00:00,2e-05,0.173485,0.0,0.0,0,0,0,0,1973-09-01T00:00:00,okay,Griessernuhorn,None,C03/04,exists,None,0,599,2016-02-01T09:00:00,Southwest Switzerland: outlines were directly transferred from aerial photography to 1:25000 topo maps.; The outlines were directly transferred and digitized from aerial photography to 1:25000 topo maps. In September 1973 favorable conditions for glacier,30,European Alps,University of Zurich-Irchel,0,0,9,11,1,None,G007992E46205N,"Maisch, Max","Benz, Christof; Wipf, Andreas",1973,GRIES,
glac_bound,342871,G008319E46431N,1995-06-01T00:00:00,0.000752,6.42564,0.0,0.0,0,0,0,0,1973-09-01T00:00:00,okay,Griesgletscher,None,B45/04,exists,None,0,599,2016-02-01T09:00:00,Southwest Switzerland: outlines were directly transferred from aerial photography to 1:25000 topo maps.; The outlines were directly transferred and digitized from aerial photography to 1:25000 topo maps. In September 1973 favorable conditions for glacier,30,European Alps,University of Zurich-Irchel,0,0,9,11,1,None,G008319E46431N,"Maisch, Max","Benz, Christof; Wipf, Andreas",1973,GRIES,
glac_bound,345036,G012684E47158N,2007-01-01T00:00:00,0.0,0.369837,0.0,0.0,0,0,0,0,1969-06-30T00:00:00,okay,Griesskogel Kees,None,None,exists,None,0,601,2016-03-07T09:00:00,The glacier areas have been delineated manually: i.e. perennial snow patches directly attached to the glacier have been mapped as glacier areas.; Lambrecht and Kuhn (2007) used orthophotos between 1996 and 2002 to update the glacier inventory 1969 (GI 1),34,Austrian Alps,Universitaet Innsbruck,0,0,9,11,1,None,None,"Fischer, Andrea","Fischer, Andrea; Kuhn, Michael; Lambrecht, Astrid",1969,GRIES,
glac_bound,344833,G012037E47073N,2007-01-01T00:00:00,0.0,0.072881,0.0,0.0,0,0,0,0,1969-06-30T00:00:00,okay,"Griesbachjoch Kees N2,",None,None,exists,None,0,601,2016-03-07T09:00:00,The glacier areas have been delineated manually: i.e. perennial snow patches directly attached to the glacier have been mapped as glacier areas.; Lambrecht and Kuhn (2007) used orthophotos between 1996 and 2002 to update the glacier inventory 1969 (GI 1),34,Austrian Alps,Universitaet Innsbruck,0,0,9,11,1,None,G012043E47064N,"Fischer, Andrea","Fischer, Andrea; Kuhn, Michael; Lambrecht, Astrid",1969,GRIES,
glac_bound,344642,G011063E47133N,2007-01-01T00:00:00,0.0,0.165275,0.0,0.0,0,0,0,0,1969-06-30T00:00:00,okay,Griesskogel Ferner W,None,None,exists,None,0,601,2016-03-07T09:00:00,The glacier areas have been delineated manually: i.e. perennial snow patches directly attached to the glacier have been mapped as glacier areas.; Lambrecht and Kuhn (2007) used orthophotos between 1996 and 2002 to update the glacier inventory 1969 (GI 1),34,Austrian Alps,Universitaet Innsbruck,0,0,9,11,1,None,G011063E47133N,"Fischer, Andrea","Fischer, Andrea; Kuhn, Michael; Lambrecht, Astrid",1969,GRIES,
glac_bound,344617,G011032E47105N,2007-01-01T00:00:00,0.0,0.464831,0.0,0.0,0,0,0,0,1969-06-30T00:00:00,okay,Griesskogel Ferner,None,None,exists,None,0,601,2016-03-07T09:00:00,The glacier areas have been delineated manually: i.e. perennial snow patches directly attached to the glacier have been mapped as glacier areas.; Lambrecht and Kuhn (2007) used orthophotos between 1996 and 2002 to update the glacier inventory 1969 (GI 1),34,Austrian Alps,Universitaet Innsbruck,0,0,9,11,1,None,G011032E47105N,"Fischer, Andrea","Fischer, Andrea; Kuhn, Michael; Lambrecht, Astrid",1969,GRIES,
glac_bound,344651,G011068E47135N,2007-01-01T00:00:00,0.0,0.044238,0.0,0.0,0,0,0,0,1969-06-30T00:00:00,okay,"Griesskogel Ferner E,",None,None,exists,None,0,601,2016-03-07T09:00:00,The glacier areas have been delineated manually: i.e. perennial snow patches directly attached to the glacier have been mapped as glacier areas.; Lambrecht and Kuhn (2007) used orthophotos between 1996 and 2002 to update the glacier inventory 1969 (GI 1),34,Austrian Alps,Universitaet Innsbruck,0,0,9,11,1,None,None,"Fischer, Andrea","Fischer, Andrea; Kuhn, Michael; Lambrecht, Astrid",1969,GRIES,
glac_bound,344835,G012043E47064N,2007-01-01T00:00:00,0.0,0.598261,0.0,0.0,0,0,0,0,1969-06-30T00:00:00,okay,Griesbachjoch Kees N1,None,None,exists,None,0,601,2016-03-07T09:00:00,The glacier areas have been delineated manually: i.e. perennial snow patches directly attached to the glacier have been mapped as glacier areas.; Lambrecht and Kuhn (2007) used orthophotos between 1996 and 2002 to update the glacier inventory 1969 (GI 1),34,Austrian Alps,Universitaet Innsbruck,0,0,9,11,1,None,G012043E47064N,"Fischer, Andrea","Fischer, Andrea; Kuhn, Michael; Lambrecht, Astrid",1969,GRIES,
glac_bound,344834,G012040E47071N,2007-01-01T00:00:00,0.0,0.166685,0.0,0.0,0,0,0,0,1969-06-30T00:00:00,okay,"Griesbachjoch Kees N1,",None,None,exists,None,0,601,2016-03-07T09:00:00,The glacier areas have been delineated manually: i.e. perennial snow patches directly attached to the glacier have been mapped as glacier areas.; Lambrecht and Kuhn (2007) used orthophotos between 1996 and 2002 to update the glacier inventory 1969 (GI 1),34,Austrian Alps,Universitaet Innsbruck,0,0,9,11,1,None,G012040E47071N,"Fischer, Andrea","Fischer, Andrea; Kuhn, Michael; Lambrecht, Astrid",1969,GRIES,
glac_bound,345702,G012043E47064N,2007-06-30T00:00:00,0.0,0.395803,0.0,0.0,0,0,0,0,1998-06-30T00:00:00,okay,Griesbachjoch Kees N1,None,None,exists,None,0,602,2016-03-07T09:00:00,"GI2 dates are from 1996/2002, since different flight campaigns were necessary to acquire cloud-free orthophotos with a minimum snow cover. The main part of the glaciers were covered during 1997 and 1998 (Fischer et al. 2015); For the Australian Alsp, gla",34,Austrian Alps,Universitaet Innsbruck,0,0,9,11,1,None,G012043E47064N,"Fischer, Andrea","Fischer, Andrea; Kuhn, Michael; Lambrecht, Astrid",1998,GRIES,
glac_bound,345922,G012684E47158N,2007-06-30T00:00:00,0.0,0.357824,0.0,0.0,0,0,0,0,1998-06-30T00:00:00,okay,Griesskogel Kees,None,None,exists,None,0,602,2016-03-07T09:00:00,"GI2 dates are from 1996/2002, since different flight campaigns were necessary to acquire cloud-free orthophotos with a minimum snow cover. The main part of the glaciers were covered during 1997 and 1998 (Fischer et al. 2015); For the Australian Alsp, gla",34,Austrian Alps,Universitaet Innsbruck,0,0,9,11,1,None,None,"Fischer, Andrea","Fischer, Andrea; Kuhn, Michael; Lambrecht, Astrid",1998,GRIES,
glac_bound,345700,G012037E47073N,2007-06-30T00:00:00,0.0,0.048,0.0,0.0,0,0,0,0,1998-06-30T00:00:00,okay,"Griesbachjoch Kees N2,",None,None,exists,None,0,602,2016-03-07T09:00:00,"GI2 dates are from 1996/2002, since different flight campaigns were necessary to acquire cloud-free orthophotos with a minimum snow cover. The main part of the glaciers were covered during 1997 and 1998 (Fischer et al. 2015); For the Australian Alsp, gla",34,Austrian Alps,Universitaet Innsbruck,0,0,9,11,1,None,G012043E47064N,"Fischer, Andrea","Fischer, Andrea; Kuhn, Michael; Lambrecht, Astrid",1998,GRIES,
glac_bound,346604,G012037E47073N,2012-06-30T00:00:00,0.0,0.042487,0.0,0.0,0,0,0,0,2012-06-30T00:00:00,okay,"Griesbachjoch Kees N2,",None,None,exists,None,0,603,2016-03-07T09:00:00,"Where no lidar data were available,the GI 2 glacier boundaries have been updated with orthophotos.; GI 3 glacier extent was mapped from lidar DEMs and orthophotos dating from 2004 to 2012. Lidar hillshade of glaciers in the Oetztal Alps were from 2006 wi",34,Austrian Alps,Universitaet Innsbruck,0,0,9,11,1,None,G012043E47064N,"Fischer, Andrea","Fischer, Andrea",2012,GRIES,
glac_bound,346606,G012043E47064N,2012-06-30T00:00:00,0.0,0.364296,0.0,0.0,0,0,0,0,2012-06-30T00:00:00,okay,Griesbachjoch Kees N1,None,None,exists,None,0,603,2016-03-07T09:00:00,"Where no lidar data were available,the GI 2 glacier boundaries have been updated with orthophotos.; GI 3 glacier extent was mapped from lidar DEMs and orthophotos dating from 2004 to 2012. Lidar hillshade of glaciers in the Oetztal Alps were from 2006 wi",34,Austrian Alps,Universitaet Innsbruck,0,0,9,11,1,None,G012043E47064N,"Fischer, Andrea","Fischer, Andrea",2012,GRIES,
glac_bound,346823,G012684E47158N,2012-06-30T00:00:00,0.0,0.310143,0.0,0.0,0,0,0,0,2012-06-30T00:00:00,okay,Griesskogel Kees,None,None,exists,None,0,603,2016-03-07T09:00:00,"Where no lidar data were available,the GI 2 glacier boundaries have been updated with orthophotos.; GI 3 glacier extent was mapped from lidar DEMs and orthophotos dating from 2004 to 2012. Lidar hillshade of glaciers in the Oetztal Alps were from 2006 wi",34,Austrian Alps,Universitaet Innsbruck,0,0,9,11,1,None,None,"Fischer, Andrea","Fischer, Andrea",2012,GRIES,
glac_bound,346389,G011032E47105N,2012-06-30T00:00:00,0.0,0.412526,0.0,0.0,0,0,0,0,2012-06-30T00:00:00,okay,Griesskogel Ferner,None,None,exists,None,0,603,2016-03-07T09:00:00,"Where no lidar data were available,the GI 2 glacier boundaries have been updated with orthophotos.; GI 3 glacier extent was mapped from lidar DEMs and orthophotos dating from 2004 to 2012. Lidar hillshade of glaciers in the Oetztal Alps were from 2006 wi",34,Austrian Alps,Universitaet Innsbruck,0,0,9,11,1,None,G011032E47105N,"Fischer, Andrea","Fischer, Andrea",2012,GRIES,
glac_bound,357228,G012043E47064N,2014-01-01T00:00:00,0.0,1.90047,0.0,0.0,0,0,0,0,1850-01-01T00:00:00,okay,Griesbachjoch Kees N1,None,None,exists,None,0,613,2016-03-07T09:00:00,"; The LIA maximum extents were mapped based on previous mappings by Gross (1987) and Patzelt (1973), which were adapted to fit the moraine positions recorded in modern LiDAR DEMs and orthophotos. Gross and Patzel mapped 85% of the Austrian glaciers based",34,Austrian Alps,Universitaet Innsbruck,0,0,9,11,1,None,G012043E47064N,"Fischer, Andrea","Fischer, Andrea",1850,GRIES,
glac_bound,357368,G012684E47158N,2014-01-01T00:00:00,0.0,0.725927,0.0,0.0,0,0,0,0,1850-01-01T00:00:00,okay,Griesskogel Kees,None,None,exists,None,0,613,2016-03-07T09:00:00,"; The LIA maximum extents were mapped based on previous mappings by Gross (1987) and Patzelt (1973), which were adapted to fit the moraine positions recorded in modern LiDAR DEMs and orthophotos. Gross and Patzel mapped 85% of the Austrian glaciers based",34,Austrian Alps,Universitaet Innsbruck,0,0,9,11,1,None,None,"Fischer, Andrea","Fischer, Andrea",1850,GRIES,
glac_bound,357081,G011063E47133N,2014-01-01T00:00:00,0.0,0.588997,0.0,0.0,0,0,0,0,1850-01-01T00:00:00,okay,Griesskogel Ferner W,None,None,exists,None,0,613,2016-03-07T09:00:00,"; The LIA maximum extents were mapped based on previous mappings by Gross (1987) and Patzelt (1973), which were adapted to fit the moraine positions recorded in modern LiDAR DEMs and orthophotos. Gross and Patzel mapped 85% of the Austrian glaciers based",34,Austrian Alps,Universitaet Innsbruck,0,0,9,11,1,None,G011063E47133N,"Fischer, Andrea","Fischer, Andrea",1850,GRIES,
glac_bound,357065,G011032E47105N,2014-01-01T00:00:00,0.0,0.663222,0.0,0.0,0,0,0,0,1850-01-01T00:00:00,okay,Griesskogel Ferner,None,None,exists,None,0,613,2016-03-07T09:00:00,"; The LIA maximum extents were mapped based on previous mappings by Gross (1987) and Patzelt (1973), which were adapted to fit the moraine positions recorded in modern LiDAR DEMs and orthophotos. Gross and Patzel mapped 85% of the Austrian glaciers based",34,Austrian Alps,Universitaet Innsbruck,0,0,9,11,1,None,G011032E47105N,"Fischer, Andrea","Fischer, Andrea",1850,GRIES,
glac_bound,363406,G011718E46982N,2015-06-30T00:00:00,272249.0,0.272179,0.0,0.0,0,2625,3144,3393,2011-09-30T00:00:00,okay,Gran Vedretta Est / Griess,None,None,exists,None,0,615,2017-02-28T09:00:00,The color orthophotos have been used as base layer in GIS to detect and map glacier boundaries.; The main source of information are high resolution orthophotos. Color orthophotos have been analyzed to mark glacier boundaries. In a few cases satellite ima,511,Italy,Università degli Studi di Milano,0,0,9,11,1,None,None,"Smiraglia, Claudio","Smiraglia, Claudio",2011,GRIES,
glac_bound,363405,G011718E46979N,2015-06-30T00:00:00,10200.0,0.010199,0.0,0.0,0,3312,3374,3438,2011-09-30T00:00:00,okay,Gran Vedretta Est I / Griess I,None,None,exists,None,0,615,2017-02-28T09:00:00,The color orthophotos have been used as base layer in GIS to detect and map glacier boundaries.; The main source of information are high resolution orthophotos. Color orthophotos have been analyzed to mark glacier boundaries. In a few cases satellite ima,511,Italy,Università degli Studi di Milano,0,0,9,11,1,None,None,"Smiraglia, Claudio","Smiraglia, Claudio",2011,GRIES,
glac_bound,86382,G007997E46193N,2009-04-04T00:00:00,0.281365,0.281301,0.0,0.0,0,0,0,0,1998-08-31T00:00:00,okay,Griessernugletscher,None,C02/06,exists,None,0,533,2009-04-30T19:18:21,"TM4/TM5 ratio; Glaciers were automatically mapped from TM raw data using two thresholds: TM3/TM5 > 2.1 and TM1 > 53. The glacier map was smoothed with a 3 by 3 median filter. After raster-vector conversion gross errors were manually removed (water, lakes",30,European Alps,University of Zurich-Irchel,0,0,9,11,1,None,G007997E46193N,"Paul, Frank","Paul, Frank",1998,GRIES,
glac_bound,86378,G007992E46205N,2009-04-04T00:00:00,0.01,0.010001,0.0,0.0,0,0,0,0,1998-08-31T00:00:00,okay,Griessernuhorn,None,C03/04,exists,None,0,533,2009-04-30T19:18:21,"TM4/TM5 ratio; Glaciers were automatically mapped from TM raw data using two thresholds: TM3/TM5 > 2.1 and TM1 > 53. The glacier map was smoothed with a 3 by 3 median filter. After raster-vector conversion gross errors were manually removed (water, lakes",30,European Alps,University of Zurich-Irchel,0,0,9,11,1,None,G007992E46205N,"Paul, Frank","Paul, Frank",1998,GRIES,
glac_bound,86379,G007997E46202N,2009-04-04T00:00:00,0.061875,0.061855,0.0,0.0,0,0,0,0,1998-08-31T00:00:00,okay,Griessernuhorn-N,None,464,exists,None,0,533,2009-04-30T19:18:21,"TM4/TM5 ratio; Glaciers were automatically mapped from TM raw data using two thresholds: TM3/TM5 > 2.1 and TM1 > 53. The glacier map was smoothed with a 3 by 3 median filter. After raster-vector conversion gross errors were manually removed (water, lakes",30,European Alps,University of Zurich-Irchel,0,0,9,11,1,None,None,"Paul, Frank","Paul, Frank",1998,GRIES,
glac_bound,86259,G008319E46431N,2009-04-04T00:00:00,5.3644,5.36388,0.0,0.0,0,0,0,0,1998-08-31T00:00:00,okay,Griesgletscher,None,B45/04,exists,None,0,533,2009-04-30T19:18:21,"TM4/TM5 ratio; Glaciers were automatically mapped from TM raw data using two thresholds: TM3/TM5 > 2.1 and TM1 > 53. The glacier map was smoothed with a 3 by 3 median filter. After raster-vector conversion gross errors were manually removed (water, lakes",30,European Alps,University of Zurich-Irchel,0,0,9,11,1,None,G008319E46431N,"Paul, Frank","Paul, Frank",1998,GRIES,
glac_bound,85950,G008487E46722N,2009-04-04T00:00:00,0.01875,0.018752,0.0,0.0,0,0,0,0,1998-08-31T00:00:00,okay,GRIESSENFIRN,None,1112,exists,None,0,533,2009-04-30T19:18:21,"TM4/TM5 ratio; Glaciers were automatically mapped from TM raw data using two thresholds: TM3/TM5 > 2.1 and TM1 > 53. The glacier map was smoothed with a 3 by 3 median filter. After raster-vector conversion gross errors were manually removed (water, lakes",30,European Alps,University of Zurich-Irchel,0,0,9,11,1,None,None,"Paul, Frank","Paul, Frank",1998,GRIES,
glac_bound,85949,G008482E46726N,2009-04-04T00:00:00,0.199725,0.199743,0.0,0.0,0,0,0,0,1998-08-31T00:00:00,okay,Griessenfirn,None,A51F/35,exists,None,0,533,2009-04-30T19:18:21,"TM4/TM5 ratio; Glaciers were automatically mapped from TM raw data using two thresholds: TM3/TM5 > 2.1 and TM1 > 53. The glacier map was smoothed with a 3 by 3 median filter. After raster-vector conversion gross errors were manually removed (water, lakes",30,European Alps,University of Zurich-Irchel,0,0,9,11,1,None,None,"Paul, Frank","Paul, Frank",1998,GRIES,
glac_bound,85855,G008500E46841N,2009-04-04T00:00:00,0.973125,0.973105,0.0,0.0,0,0,0,0,1998-08-31T00:00:00,okay,Griessengletscher (Engelberg),None,A51H/02,exists,None,0,533,2009-04-30T19:18:21,"TM4/TM5 ratio; Glaciers were automatically mapped from TM raw data using two thresholds: TM3/TM5 > 2.1 and TM1 > 53. The glacier map was smoothed with a 3 by 3 median filter. After raster-vector conversion gross errors were manually removed (water, lakes",30,European Alps,University of Zurich-Irchel,0,0,9,11,1,None,G008500E46841N,"Paul, Frank","Paul, Frank",1998,GRIES,
glac_bound,85857,G008816E46833N,2009-04-04T00:00:00,0.74392,0.743963,0.0,0.0,0,0,0,0,1998-08-31T00:00:00,okay,Griessgletscher (Unterschächen),None,A51C/02,exists,None,0,533,2009-04-30T19:18:21,"TM4/TM5 ratio; Glaciers were automatically mapped from TM raw data using two thresholds: TM3/TM5 > 2.1 and TM1 > 53. The glacier map was smoothed with a 3 by 3 median filter. After raster-vector conversion gross errors were manually removed (water, lakes",30,European Alps,University of Zurich-Irchel,0,0,9,11,1,None,G008816E46833N,"Paul, Frank","Paul, Frank",1998,GRIES,
glac_bound,85859,G008806E46826N,2009-04-04T00:00:00,0.319375,0.31934,0.0,0.0,0,0,0,0,1998-08-31T00:00:00,okay,Griessegen,None,A51C/05,exists,None,0,533,2009-04-30T19:18:21,"TM4/TM5 ratio; Glaciers were automatically mapped from TM raw data using two thresholds: TM3/TM5 > 2.1 and TM1 > 53. The glacier map was smoothed with a 3 by 3 median filter. After raster-vector conversion gross errors were manually removed (water, lakes",30,European Alps,University of Zurich-Irchel,0,0,9,11,1,None,None,"Paul, Frank","Paul, Frank",1998,GRIES,
glac_bound,85717,G011032E47105N,2006-09-09T00:00:00,0.0,0.557378,0.0,0.0,0,0,0,0,1985-09-30T09:33:04,okay,Griesskogel Ferner,None,None,exists,None,0,532,2008-04-17T07:40:27,"Using imageworks/PCI:manually digitizing of glacier boundaries,adding some attri; 1. terrain corrected geocoding  2. normalized difference snow index (NDSI) to separate clouds, snowfree terrain and snow and ice surfaces  3. manual editing of glacierized",34,Austrian Alps,Universitaet Innsbruck,0,0,9,11,1,None,G011032E47105N,"Rott, Helmut","Schicker, Irene; Schwaizer (nee Bippus), Gabriele",1985,GRIES,
glac_bound,85648,G011063E47133N,2006-09-09T00:00:00,0.0,0.002248,0.0,0.0,0,0,0,0,2003-08-23T10:20:53,okay,Griesskogel Ferner W,None,None,exists,None,0,531,2008-04-17T07:40:27,"Using imageworks/PCI:manually digitizing of glacier boundaries,adding some attri; 1. terrain corrected geocoding  2. normalized difference snow index (NDSI) to separate clouds, snowfree terrain and snow and ice surfaces  3. manual editing of glacierized",34,Austrian Alps,Universitaet Innsbruck,0,0,9,11,1,None,G011063E47133N,"Rott, Helmut","Rott, Helmut; Schicker, Irene; Schwaizer (nee Bippus), Gabriele",2003,GRIES,
glac_bound,519464,G011062E47132N,2017-05-20T00:00:00,0.0,0.002549,0.0,0.0,0,0,0,0,2015-08-26T00:00:00,okay,Griesskogel Ferner W,None,None,exists,None,0,663,2019-02-15T00:00:00,"Advanced atmospheric and topographic correction of S2A scenes, automated pre-classification of glacier areas, manual correction of minor misclassifications and in debris covered areas;",34,Austrian Alps,Universitaet Innsbruck,0,0,9,11,1,None,G011063E47133N,"Schwaizer (nee Bippus), Gabriele","Nemec, Johanna; Schwaizer (nee Bippus), Gabriele",2015,GRIES,
glac_bound,519431,G011032E47105N,2017-05-20T00:00:00,0.0,0.252035,0.0,0.0,0,0,0,0,2015-08-26T00:00:00,okay,Griesskogel Ferner,None,None,exists,None,0,663,2019-02-15T00:00:00,"Advanced atmospheric and topographic correction of S2A scenes, automated pre-classification of glacier areas, manual correction of minor misclassifications and in debris covered areas;",34,Austrian Alps,Universitaet Innsbruck,0,0,9,11,1,None,G011032E47105N,"Schwaizer (nee Bippus), Gabriele","Nemec, Johanna; Schwaizer (nee Bippus), Gabriele",2015,GRIES,
glac_bound,519471,G011063E47133N,2017-05-20T00:00:00,0.0,0.008653,0.0,0.0,0,0,0,0,2015-08-26T00:00:00,okay,Griesskogel Ferner W,None,None,exists,None,0,663,2019-02-15T00:00:00,"Advanced atmospheric and topographic correction of S2A scenes, automated pre-classification of glacier areas, manual correction of minor misclassifications and in debris covered areas;",34,Austrian Alps,Universitaet Innsbruck,0,0,9,11,1,None,G011063E47133N,"Schwaizer (nee Bippus), Gabriele","Nemec, Johanna; Schwaizer (nee Bippus), Gabriele",2015,GRIES,
glac_bound,519446,G011037E47106N,2017-05-20T00:00:00,0.0,0.003827,0.0,0.0,0,0,0,0,2015-08-26T00:00:00,okay,Griesskogel Ferner,None,None,exists,None,0,663,2019-02-15T00:00:00,"Advanced atmospheric and topographic correction of S2A scenes, automated pre-classification of glacier areas, manual correction of minor misclassifications and in debris covered areas;",34,Austrian Alps,Universitaet Innsbruck,0,0,9,11,1,None,G011032E47105N,"Schwaizer (nee Bippus), Gabriele","Nemec, Johanna; Schwaizer (nee Bippus), Gabriele",2015,GRIES,
glac_bound,519462,G011061E47132N,2017-05-20T00:00:00,0.0,0.003026,0.0,0.0,0,0,0,0,2015-08-26T00:00:00,okay,Griesskogel Ferner W,None,None,exists,None,0,663,2019-02-15T00:00:00,"Advanced atmospheric and topographic correction of S2A scenes, automated pre-classification of glacier areas, manual correction of minor misclassifications and in debris covered areas;",34,Austrian Alps,Universitaet Innsbruck,0,0,9,11,1,None,G011063E47133N,"Schwaizer (nee Bippus), Gabriele","Nemec, Johanna; Schwaizer (nee Bippus), Gabriele",2015,GRIES,
glac_bound,519839,G012684E47158N,2017-03-16T00:00:00,0.0,0.276873,0.0,0.0,0,0,0,0,2016-08-27T00:00:00,okay,Griesskogel Kees,None,None,exists,None,0,665,2019-02-15T00:00:00,"Advanced atmospheric and topographic correction of S2A scenes, automated pre-classification of glacier areas, manual correction of minor misclassifications and in debris covered areas;",34,Austrian Alps,Universitaet Innsbruck,0,0,9,11,1,None,None,"Schwaizer (nee Bippus), Gabriele","Nemec, Johanna; Schwaizer (nee Bippus), Gabriele",2016,GRIES,
glac_bound,520312,G012040E47072N,2017-03-16T00:00:00,0.0,0.044412,0.0,0.0,0,0,0,0,2016-08-27T00:00:00,okay,Griesbachjoch Kees N1,None,None,exists,None,0,667,2019-02-15T00:00:00,"Advanced atmospheric and topographic correction of S2A scenes, automated pre-classification of glacier areas, manual correction of minor misclassifications and in debris covered areas;",34,Austrian Alps,Universitaet Innsbruck,0,0,9,11,1,None,G012043E47064N,"Schwaizer (nee Bippus), Gabriele","Nemec, Johanna; Schwaizer (nee Bippus), Gabriele",2016,GRIES,
glac_bound,520316,G012052E47062N,2017-03-16T00:00:00,0.0,0.003958,0.0,0.0,0,0,0,0,2016-08-27T00:00:00,okay,Griesbachjoch Kees S,None,None,exists,None,0,667,2019-02-15T00:00:00,"Advanced atmospheric and topographic correction of S2A scenes, automated pre-classification of glacier areas, manual correction of minor misclassifications and in debris covered areas;",34,Austrian Alps,Universitaet Innsbruck,0,0,9,11,1,None,G012043E47064N,"Schwaizer (nee Bippus), Gabriele","Nemec, Johanna; Schwaizer (nee Bippus), Gabriele",2016,GRIES,
glac_bound,520313,G012040E47074N,2017-03-16T00:00:00,0.0,0.008063,0.0,0.0,0,0,0,0,2016-08-27T00:00:00,okay,Griesbachjoch Kees N1,None,None,exists,None,0,667,2019-02-15T00:00:00,"Advanced atmospheric and topographic correction of S2A scenes, automated pre-classification of glacier areas, manual correction of minor misclassifications and in debris covered areas;",34,Austrian Alps,Universitaet Innsbruck,0,0,9,11,1,None,G012043E47064N,"Schwaizer (nee Bippus), Gabriele","Nemec, Johanna; Schwaizer (nee Bippus), Gabriele",2016,GRIES,
glac_bound,520314,G012051E47064N,2017-03-16T00:00:00,0.0,0.008541,0.0,0.0,0,0,0,0,2016-08-27T00:00:00,okay,Griesbachjoch Kees S,None,None,exists,None,0,667,2019-02-15T00:00:00,"Advanced atmospheric and topographic correction of S2A scenes, automated pre-classification of glacier areas, manual correction of minor misclassifications and in debris covered areas;",34,Austrian Alps,Universitaet Innsbruck,0,0,9,11,1,None,G012043E47064N,"Schwaizer (nee Bippus), Gabriele","Nemec, Johanna; Schwaizer (nee Bippus), Gabriele",2016,GRIES,
glac_bound,520317,G012054E47062N,2017-03-16T00:00:00,0.0,0.037343,0.0,0.0,0,0,0,0,2016-08-27T00:00:00,okay,Griesbachjoch Kees S,None,None,exists,None,0,667,2019-02-15T00:00:00,"Advanced atmospheric and topographic correction of S2A scenes, automated pre-classification of glacier areas, manual correction of minor misclassifications and in debris covered areas;",34,Austrian Alps,Universitaet Innsbruck,0,0,9,11,1,None,G012043E47064N,"Schwaizer (nee Bippus), Gabriele","Nemec, Johanna; Schwaizer (nee Bippus), Gabriele",2016,GRIES,
glac_bound,708668,G008500E46841N,2019-04-15T00:00:00,0.56001,0.560441,0.0,0.0,0,2500,2622,2793,2015-08-29T00:00:00,okay,Griessengletscher (Engelberg),None,A51H/02,exists,None,0,710,2019-04-15T09:00:00,Semi-automated glacier classification; The outlines are derived from 8 Sentinel 2 MSI tiles acquired in Aug. 2015.  Topographic information was derived semi-automatically from the 30 m ALOS AW3D30 DEM.,561,Various (GlobGlacier),University of Zurich-Irchel,0,0,9,11,1,None,G008500E46841N,"Paul, Frank","Azzoni, R.S.; Fugazza, D.; Le Bris, Raymond; Nemec, J.; Paul, Frank; Rabatel, Antoine; Ramusovic, M.; Rastner, Philipp; Schaub, Yvonne; Schwaizer (nee Bippus), Gabriele",2015,GRIES,
glac_bound,710452,G012684E47158N,2019-04-15T00:00:00,0.2772,0.276873,0.0,0.0,0,2641,2777,2954,2016-08-27T00:00:00,okay,Griesskogel Kees,None,None,exists,None,0,710,2019-04-15T09:00:00,Semi-automated glacier classification; The outlines are derived from 8 Sentinel 2 MSI tiles acquired in Aug. 2015.  Topographic information was derived semi-automatically from the 30 m ALOS AW3D30 DEM.,561,Various (GlobGlacier),University of Zurich-Irchel,0,0,9,11,1,None,None,"Paul, Frank","Azzoni, R.S.; Fugazza, D.; Le Bris, Raymond; Nemec, J.; Paul, Frank; Rabatel, Antoine; Ramusovic, M.; Rastner, Philipp; Schaub, Yvonne; Schwaizer (nee Bippus), Gabriele",2016,GRIES,
glac_bound,708214,G007997E46193N,2019-04-15T00:00:00,0.130092,0.130174,0.0,0.0,0,2716,2802,2991,2015-08-29T00:00:00,okay,Griessernugletscher,None,C02/06,exists,None,0,710,2019-04-15T09:00:00,Semi-automated glacier classification; The outlines are derived from 8 Sentinel 2 MSI tiles acquired in Aug. 2015.  Topographic information was derived semi-automatically from the 30 m ALOS AW3D30 DEM.,561,Various (GlobGlacier),University of Zurich-Irchel,0,0,9,11,1,None,G007997E46193N,"Paul, Frank","Azzoni, R.S.; Fugazza, D.; Le Bris, Raymond; Nemec, J.; Paul, Frank; Rabatel, Antoine; Ramusovic, M.; Rastner, Philipp; Schaub, Yvonne; Schwaizer (nee Bippus), Gabriele",2015,GRIES,
glac_bound,708805,G008806E46826N,2019-04-15T00:00:00,0.217548,0.217725,0.0,0.0,0,2389,2549,2755,2015-08-29T00:00:00,okay,Griessegen,None,A51C/05,exists,None,0,710,2019-04-15T09:00:00,Semi-automated glacier classification; The outlines are derived from 8 Sentinel 2 MSI tiles acquired in Aug. 2015.  Topographic information was derived semi-automatically from the 30 m ALOS AW3D30 DEM.,561,Various (GlobGlacier),University of Zurich-Irchel,0,0,9,11,1,None,None,"Paul, Frank","Azzoni, R.S.; Fugazza, D.; Le Bris, Raymond; Nemec, J.; Paul, Frank; Rabatel, Antoine; Ramusovic, M.; Rastner, Philipp; Schaub, Yvonne; Schwaizer (nee Bippus), Gabriele",2015,GRIES,
glac_bound,708672,G008499E46846N,2019-04-15T00:00:00,0.164932,0.165056,0.0,0.0,0,2534,2658,2815,2015-08-29T00:00:00,okay,Griessengletscher (Engelberg),None,None,exists,None,0,710,2019-04-15T09:00:00,Semi-automated glacier classification; The outlines are derived from 8 Sentinel 2 MSI tiles acquired in Aug. 2015.  Topographic information was derived semi-automatically from the 30 m ALOS AW3D30 DEM.,561,Various (GlobGlacier),University of Zurich-Irchel,0,0,9,11,1,None,G008500E46841N,"Paul, Frank","Azzoni, R.S.; Fugazza, D.; Le Bris, Raymond; Nemec, J.; Paul, Frank; Rabatel, Antoine; Ramusovic, M.; Rastner, Philipp; Schaub, Yvonne; Schwaizer (nee Bippus), Gabriele",2015,GRIES,
glac_bound,708728,G008592E46792N,2019-04-15T00:00:00,0.011836,0.011847,0.0,0.0,0,2258,2282,2308,2015-08-29T00:00:00,okay,Griesbrawen,None,A51G/01,exists,None,0,710,2019-04-15T09:00:00,Semi-automated glacier classification; The outlines are derived from 8 Sentinel 2 MSI tiles acquired in Aug. 2015.  Topographic information was derived semi-automatically from the 30 m ALOS AW3D30 DEM.,561,Various (GlobGlacier),University of Zurich-Irchel,0,0,9,11,1,None,None,"Paul, Frank","Azzoni, R.S.; Fugazza, D.; Le Bris, Raymond; Nemec, J.; Paul, Frank; Rabatel, Antoine; Ramusovic, M.; Rastner, Philipp; Schaub, Yvonne; Schwaizer (nee Bippus), Gabriele",2015,GRIES,
glac_bound,708494,G008319E46431N,2019-04-15T00:00:00,4.35788,4.36108,0.0,0.0,0,2469,2913,3343,2015-08-29T00:00:00,okay,Griesgletscher,None,B45/04,exists,None,0,710,2019-04-15T09:00:00,Semi-automated glacier classification; The outlines are derived from 8 Sentinel 2 MSI tiles acquired in Aug. 2015.  Topographic information was derived semi-automatically from the 30 m ALOS AW3D30 DEM.,561,Various (GlobGlacier),University of Zurich-Irchel,0,0,9,11,1,None,G008319E46431N,"Paul, Frank","Azzoni, R.S.; Fugazza, D.; Le Bris, Raymond; Nemec, J.; Paul, Frank; Rabatel, Antoine; Ramusovic, M.; Rastner, Philipp; Schaub, Yvonne; Schwaizer (nee Bippus), Gabriele",2015,GRIES,
glac_bound,708826,G008836E46834N,2019-04-15T00:00:00,0.4649,0.465268,0.0,0.0,0,2570,2850,3084,2015-08-29T00:00:00,okay,Griessgletscher (Unterschächen),None,A51C/01,exists,None,0,710,2019-04-15T09:00:00,Semi-automated glacier classification; The outlines are derived from 8 Sentinel 2 MSI tiles acquired in Aug. 2015.  Topographic information was derived semi-automatically from the 30 m ALOS AW3D30 DEM.,561,Various (GlobGlacier),University of Zurich-Irchel,0,0,9,11,1,None,G008836E46834N,"Paul, Frank","Azzoni, R.S.; Fugazza, D.; Le Bris, Raymond; Nemec, J.; Paul, Frank; Rabatel, Antoine; Ramusovic, M.; Rastner, Philipp; Schaub, Yvonne; Schwaizer (nee Bippus), Gabriele",2015,GRIES,
glac_bound,710150,G012040E47072N,2019-04-15T00:00:00,0.044192,0.044173,0.0,0.0,0,2679,2781,2879,2016-08-27T00:00:00,okay,Griesbachjoch Kees N1,None,None,exists,None,0,710,2019-04-15T09:00:00,Semi-automated glacier classification; The outlines are derived from 8 Sentinel 2 MSI tiles acquired in Aug. 2015.  Topographic information was derived semi-automatically from the 30 m ALOS AW3D30 DEM.,561,Various (GlobGlacier),University of Zurich-Irchel,0,0,9,11,1,None,G012043E47064N,"Paul, Frank","Azzoni, R.S.; Fugazza, D.; Le Bris, Raymond; Nemec, J.; Paul, Frank; Rabatel, Antoine; Ramusovic, M.; Rastner, Philipp; Schaub, Yvonne; Schwaizer (nee Bippus), Gabriele",2016,GRIES,
glac_bound,710147,G012037E47073N,2019-04-15T00:00:00,0.028804,0.028789,0.0,0.0,0,2752,2838,2914,2016-08-27T00:00:00,okay,"Griesbachjoch Kees N2,",None,None,exists,None,0,710,2019-04-15T09:00:00,Semi-automated glacier classification; The outlines are derived from 8 Sentinel 2 MSI tiles acquired in Aug. 2015.  Topographic information was derived semi-automatically from the 30 m ALOS AW3D30 DEM.,561,Various (GlobGlacier),University of Zurich-Irchel,0,0,9,11,1,None,G012043E47064N,"Paul, Frank","Azzoni, R.S.; Fugazza, D.; Le Bris, Raymond; Nemec, J.; Paul, Frank; Rabatel, Antoine; Ramusovic, M.; Rastner, Philipp; Schaub, Yvonne; Schwaizer (nee Bippus), Gabriele",2016,GRIES,
glac_bound,709825,G011032E47105N,2019-04-15T00:00:00,0.251993,0.252035,0.0,0.0,0,2925,3056,3249,2015-08-26T00:00:00,okay,Griesskogel Ferner,None,None,exists,None,0,710,2019-04-15T09:00:00,Semi-automated glacier classification; The outlines are derived from 8 Sentinel 2 MSI tiles acquired in Aug. 2015.  Topographic information was derived semi-automatically from the 30 m ALOS AW3D30 DEM.,561,Various (GlobGlacier),University of Zurich-Irchel,0,0,9,11,1,None,G011032E47105N,"Paul, Frank","Azzoni, R.S.; Fugazza, D.; Le Bris, Raymond; Nemec, J.; Paul, Frank; Rabatel, Antoine; Ramusovic, M.; Rastner, Philipp; Schaub, Yvonne; Schwaizer (nee Bippus), Gabriele",2015,GRIES,
glac_bound,708793,G008781E46817N,2019-04-15T00:00:00,0.032569,0.032607,0.0,0.0,0,2042,2155,2374,2015-08-29T00:00:00,okay,Griessgletscher,None,A51C/08,exists,None,0,710,2019-04-15T09:00:00,Semi-automated glacier classification; The outlines are derived from 8 Sentinel 2 MSI tiles acquired in Aug. 2015.  Topographic information was derived semi-automatically from the 30 m ALOS AW3D30 DEM.,561,Various (GlobGlacier),University of Zurich-Irchel,0,0,9,11,1,None,G008781E46817N,"Paul, Frank","Azzoni, R.S.; Fugazza, D.; Le Bris, Raymond; Nemec, J.; Paul, Frank; Rabatel, Antoine; Ramusovic, M.; Rastner, Philipp; Schaub, Yvonne; Schwaizer (nee Bippus), Gabriele",2015,GRIES,
glac_bound,710026,G011718E46982N,2019-04-15T00:00:00,0.220409,0.220364,0.0,0.0,0,2743,3201,3365,2016-08-27T00:00:00,okay,Gran Vedretta Est / Griess,None,None,exists,None,0,710,2019-04-15T09:00:00,Semi-automated glacier classification; The outlines are derived from 8 Sentinel 2 MSI tiles acquired in Aug. 2015.  Topographic information was derived semi-automatically from the 30 m ALOS AW3D30 DEM.,561,Various (GlobGlacier),University of Zurich-Irchel,0,0,9,11,1,None,None,"Paul, Frank","Azzoni, R.S.; Fugazza, D.; Le Bris, Raymond; Nemec, J.; Paul, Frank; Rabatel, Antoine; Ramusovic, M.; Rastner, Philipp; Schaub, Yvonne; Schwaizer (nee Bippus), Gabriele",2016,GRIES,
glac_bound,708652,G008482E46726N,2019-04-15T00:00:00,0.153599,0.153716,0.0,0.0,0,2379,2591,2810,2015-08-29T00:00:00,okay,Griessenfirn,None,A51F/35,exists,None,0,710,2019-04-15T09:00:00,Semi-automated glacier classification; The outlines are derived from 8 Sentinel 2 MSI tiles acquired in Aug. 2015.  Topographic information was derived semi-automatically from the 30 m ALOS AW3D30 DEM.,561,Various (GlobGlacier),University of Zurich-Irchel,0,0,9,11,1,None,None,"Paul, Frank","Azzoni, R.S.; Fugazza, D.; Le Bris, Raymond; Nemec, J.; Paul, Frank; Rabatel, Antoine; Ramusovic, M.; Rastner, Philipp; Schaub, Yvonne; Schwaizer (nee Bippus), Gabriele",2015,GRIES,
glac_bound,754579,G008781E46817N,2021-09-01T00:00:00,0.035197,0.035229,0.0,0.0,0,2064,2153,2338,2003-08-13T00:00:00,okay,Griessgletscher,None,A51C/08,exists,None,0,731,2021-10-09T09:00:00,Semi-automated glacier classification; The outlines are derived from 11 Landsat scenes acquired in 2003.,30,European Alps,University of Zurich-Irchel,0,0,9,11,1,None,G008781E46817N,"Paul, Frank","Frey, Holger; Le Bris, Raymond; Paul, Frank; Rastner, Philipp",2003,GRIES,
glac_bound,754625,G008868E46852N,2021-09-01T00:00:00,1.04644,1.04728,0.0,0.0,0,2102,2262,2619,2003-08-13T00:00:00,okay,Im Griess,None,A50J/06,exists,None,0,731,2021-10-09T09:00:00,Semi-automated glacier classification; The outlines are derived from 11 Landsat scenes acquired in 2003.,30,European Alps,University of Zurich-Irchel,0,0,9,11,1,None,G008868E46852N,"Paul, Frank","Frey, Holger; Le Bris, Raymond; Paul, Frank; Rastner, Philipp",2003,GRIES,
glac_bound,754467,G008482E46726N,2021-09-01T00:00:00,0.200847,0.200993,0.0,0.0,0,2431,2612,2875,2003-08-13T00:00:00,okay,Griessenfirn,None,A51F/35,exists,None,0,731,2021-10-09T09:00:00,Semi-automated glacier classification; The outlines are derived from 11 Landsat scenes acquired in 2003.,30,European Alps,University of Zurich-Irchel,0,0,9,11,1,None,None,"Paul, Frank","Frey, Holger; Le Bris, Raymond; Paul, Frank; Rastner, Philipp",2003,GRIES,
glac_bound,755908,G011718E46982N,2021-09-01T00:00:00,0.251364,0.251313,0.0,0.0,0,2644,3157,3366,2003-08-24T00:00:00,okay,Gran Vedretta Est / Griess,None,None,exists,None,0,731,2021-10-09T09:00:00,Semi-automated glacier classification; The outlines are derived from 11 Landsat scenes acquired in 2003.,30,European Alps,University of Zurich-Irchel,0,0,9,11,1,None,None,"Paul, Frank","Frey, Holger; Le Bris, Raymond; Paul, Frank; Rastner, Philipp",2003,GRIES,
glac_bound,754613,G008836E46834N,2021-09-01T00:00:00,0.572865,0.573308,0.0,0.0,0,2558,2835,3147,2003-08-13T00:00:00,okay,Griessgletscher (Unterschächen),None,A51C/01,exists,None,0,731,2021-10-09T09:00:00,Semi-automated glacier classification; The outlines are derived from 11 Landsat scenes acquired in 2003.,30,European Alps,University of Zurich-Irchel,0,0,9,11,1,None,G008836E46834N,"Paul, Frank","Frey, Holger; Le Bris, Raymond; Paul, Frank; Rastner, Philipp",2003,GRIES,
glac_bound,754291,G008319E46431N,2021-09-01T00:00:00,5.42981,5.43379,0.0,0.0,0,2411,2884,3344,2003-08-13T00:00:00,okay,Griesgletscher,None,B45/04,exists,None,0,731,2021-10-09T09:00:00,Semi-automated glacier classification; The outlines are derived from 11 Landsat scenes acquired in 2003.,30,European Alps,University of Zurich-Irchel,0,0,9,11,1,None,G008319E46431N,"Paul, Frank","Frey, Holger; Le Bris, Raymond; Paul, Frank; Rastner, Philipp",2003,GRIES,
glac_bound,756019,G012043E47064N,2021-09-01T00:00:00,0.257853,0.257707,0.0,0.0,0,2745,2871,3046,2003-08-24T00:00:00,okay,Griesbachjoch Kees N1,None,None,exists,None,0,731,2021-10-09T09:00:00,Semi-automated glacier classification; The outlines are derived from 11 Landsat scenes acquired in 2003.,30,European Alps,University of Zurich-Irchel,0,0,9,11,1,None,G012043E47064N,"Paul, Frank","Frey, Holger; Le Bris, Raymond; Paul, Frank; Rastner, Philipp",2003,GRIES,
glac_bound,756273,G012684E47158N,2021-09-01T00:00:00,0.2934,0.293071,0.0,0.0,0,2665,2792,2968,2003-08-24T00:00:00,okay,Griesskogel Kees,None,None,exists,None,0,731,2021-10-09T09:00:00,Semi-automated glacier classification; The outlines are derived from 11 Landsat scenes acquired in 2003.,30,European Alps,University of Zurich-Irchel,0,0,9,11,1,None,None,"Paul, Frank","Frey, Holger; Le Bris, Raymond; Paul, Frank; Rastner, Philipp",2003,GRIES,
glac_bound,754603,G008816E46833N,2021-09-01T00:00:00,0.996519,0.99732,0.0,0.0,0,2216,2383,2659,2003-08-13T00:00:00,okay,Griessgletscher (Unterschächen),None,A51C/02,exists,None,0,731,2021-10-09T09:00:00,Semi-automated glacier classification; The outlines are derived from 11 Landsat scenes acquired in 2003.,30,European Alps,University of Zurich-Irchel,0,0,9,11,1,None,G008816E46833N,"Paul, Frank","Frey, Holger; Le Bris, Raymond; Paul, Frank; Rastner, Philipp",2003,GRIES,
glac_bound,754592,G008806E46826N,2021-09-01T00:00:00,0.270937,0.271161,0.0,0.0,0,2387,2550,2756,2003-08-13T00:00:00,okay,Griessegen,None,A51C/05,exists,None,0,731,2021-10-09T09:00:00,Semi-automated glacier classification; The outlines are derived from 11 Landsat scenes acquired in 2003.,30,European Alps,University of Zurich-Irchel,0,0,9,11,1,None,None,"Paul, Frank","Frey, Holger; Le Bris, Raymond; Paul, Frank; Rastner, Philipp",2003,GRIES,
glac_bound,753983,G007997E46193N,2021-09-01T00:00:00,0.2871,0.287298,0.0,0.0,0,2666,2785,2945,2003-08-13T00:00:00,okay,Griessernugletscher,None,C02/06,exists,None,0,731,2021-10-09T09:00:00,Semi-automated glacier classification; The outlines are derived from 11 Landsat scenes acquired in 2003.,30,European Alps,University of Zurich-Irchel,0,0,9,11,1,None,G007997E46193N,"Paul, Frank","Frey, Holger; Le Bris, Raymond; Paul, Frank; Rastner, Philipp",2003,GRIES,
glac_bound,753985,G007992E46205N,2021-09-01T00:00:00,0.066513,0.066554,0.0,0.0,0,2850,2934,3019,2003-08-13T00:00:00,okay,Griessernuhorn,None,C03/04,exists,None,0,731,2021-10-09T09:00:00,Semi-automated glacier classification; The outlines are derived from 11 Landsat scenes acquired in 2003.,30,European Alps,University of Zurich-Irchel,0,0,9,11,1,None,G007992E46205N,"Paul, Frank","Frey, Holger; Le Bris, Raymond; Paul, Frank; Rastner, Philipp",2003,GRIES,
glac_bound,756014,G012037E47073N,2021-09-01T00:00:00,0.0144,0.01439,0.0,0.0,0,2845,2895,2939,2003-08-24T00:00:00,okay,"Griesbachjoch Kees N2,",None,None,exists,None,0,731,2021-10-09T09:00:00,Semi-automated glacier classification; The outlines are derived from 11 Landsat scenes acquired in 2003.,30,European Alps,University of Zurich-Irchel,0,0,9,11,1,None,G012043E47064N,"Paul, Frank","Frey, Holger; Le Bris, Raymond; Paul, Frank; Rastner, Philipp",2003,GRIES,
glac_bound,756018,G012040E47071N,2021-09-01T00:00:00,0.0387,0.038678,0.0,0.0,0,2737,2804,2902,2003-08-24T00:00:00,okay,"Griesbachjoch Kees N1,",None,None,exists,None,0,731,2021-10-09T09:00:00,Semi-automated glacier classification; The outlines are derived from 11 Landsat scenes acquired in 2003.,30,European Alps,University of Zurich-Irchel,0,0,9,11,1,None,G012040E47071N,"Paul, Frank","Frey, Holger; Le Bris, Raymond; Paul, Frank; Rastner, Philipp",2003,GRIES,
glac_bound,755745,G011032E47105N,2021-09-01T00:00:00,0.280294,0.280352,0.0,0.0,0,2905,3052,3246,2003-07-30T00:00:00,okay,Griesskogel Ferner,None,None,exists,None,0,731,2021-10-09T09:00:00,Semi-automated glacier classification; The outlines are derived from 11 Landsat scenes acquired in 2003.,30,European Alps,University of Zurich-Irchel,0,0,9,11,1,None,G011032E47105N,"Paul, Frank","Frey, Holger; Le Bris, Raymond; Paul, Frank; Rastner, Philipp",2003,GRIES,
glac_bound,754484,G008500E46841N,2021-09-01T00:00:00,0.9693,0.970045,0.0,0.0,0,2485,2617,2853,2003-08-13T00:00:00,okay,Griessengletscher (Engelberg),None,A51H/02,exists,None,0,731,2021-10-09T09:00:00,Semi-automated glacier classification; The outlines are derived from 11 Landsat scenes acquired in 2003.,30,European Alps,University of Zurich-Irchel,0,0,9,11,1,None,G008500E46841N,"Paul, Frank","Frey, Holger; Le Bris, Raymond; Paul, Frank; Rastner, Philipp",2003,GRIES,
glac_bound,1030577,G008482E46726N,2022-10-15T00:00:00,0.0,0.253673,0.0,0.0,0,0,0,0,1999-09-03T00:00:00,okay,Griessenfirn,None,A51F/35,exists,None,0,818,2022-11-28T09:00:00,Semi-automated glacier classification.; Semi-automatic mapping from Landsat satellite images.,585,European Alps,Friedrich-Alexander University (FAU),0,0,9,11,1,None,None,"Bajracharya, Samjwal","Braun, Matthias H.; Lippl, Stefan; Malz, Philipp; Seehaus, Thorsten C.; Sommer, Christian; Zemp, Michael",1999,GRIES,
glac_bound,1030146,G007992E46205N,2022-10-15T00:00:00,0.0,0.072145,0.0,0.0,0,0,0,0,1999-09-12T00:00:00,okay,Griessernuhorn,None,C03/04,exists,None,0,818,2022-11-28T09:00:00,Semi-automated glacier classification.; Semi-automatic mapping from Landsat satellite images.,585,European Alps,Friedrich-Alexander University (FAU),0,0,9,11,1,None,G007992E46205N,"Bajracharya, Samjwal","Braun, Matthias H.; Lippl, Stefan; Malz, Philipp; Seehaus, Thorsten C.; Sommer, Christian; Zemp, Michael",1999,GRIES,
glac_bound,1030687,G008806E46826N,2022-10-15T00:00:00,0.0,0.280439,0.0,0.0,0,0,0,0,1999-09-12T00:00:00,okay,Griessegen,None,A51C/05,exists,None,0,818,2022-11-28T09:00:00,Semi-automated glacier classification.; Semi-automatic mapping from Landsat satellite images.,585,European Alps,Friedrich-Alexander University (FAU),0,0,9,11,1,None,None,"Bajracharya, Samjwal","Braun, Matthias H.; Lippl, Stefan; Malz, Philipp; Seehaus, Thorsten C.; Sommer, Christian; Zemp, Michael",1999,GRIES,
glac_bound,1031700,G011032E47105N,2022-10-15T00:00:00,0.0,0.294671,0.0,0.0,0,0,0,0,2001-08-01T00:00:00,okay,Griesskogel Ferner,None,None,exists,None,0,818,2022-11-28T09:00:00,Semi-automated glacier classification.; Semi-automatic mapping from Landsat satellite images.,585,European Alps,Friedrich-Alexander University (FAU),0,0,9,11,1,None,G011032E47105N,"Bajracharya, Samjwal","Braun, Matthias H.; Lippl, Stefan; Malz, Philipp; Seehaus, Thorsten C.; Sommer, Christian; Zemp, Michael",2001,GRIES,
glac_bound,1031939,G012043E47064N,2022-10-15T00:00:00,0.0,0.324501,0.0,0.0,0,0,0,0,1999-09-14T00:00:00,okay,Griesbachjoch Kees N1,None,None,exists,None,0,818,2022-11-28T09:00:00,Semi-automated glacier classification.; Semi-automatic mapping from Landsat satellite images.,585,European Alps,Friedrich-Alexander University (FAU),0,0,9,11,1,None,G012043E47064N,"Bajracharya, Samjwal","Braun, Matthias H.; Lippl, Stefan; Malz, Philipp; Seehaus, Thorsten C.; Sommer, Christian; Zemp, Michael",1999,GRIES,
glac_bound,1030706,G008836E46834N,2022-10-15T00:00:00,0.0,0.563858,0.0,0.0,0,0,0,0,1999-09-12T00:00:00,okay,Griessgletscher (Unterschächen),None,A51C/01,exists,None,0,818,2022-11-28T09:00:00,Semi-automated glacier classification.; Semi-automatic mapping from Landsat satellite images.,585,European Alps,Friedrich-Alexander University (FAU),0,0,9,11,1,None,G008836E46834N,"Bajracharya, Samjwal","Braun, Matthias H.; Lippl, Stefan; Malz, Philipp; Seehaus, Thorsten C.; Sommer, Christian; Zemp, Michael",1999,GRIES,
glac_bound,1031935,G012037E47073N,2022-10-15T00:00:00,0.0,0.038417,0.0,0.0,0,0,0,0,1999-09-14T00:00:00,okay,"Griesbachjoch Kees N2,",None,None,exists,None,0,818,2022-11-28T09:00:00,Semi-automated glacier classification.; Semi-automatic mapping from Landsat satellite images.,585,European Alps,Friedrich-Alexander University (FAU),0,0,9,11,1,None,G012043E47064N,"Bajracharya, Samjwal","Braun, Matthias H.; Lippl, Stefan; Malz, Philipp; Seehaus, Thorsten C.; Sommer, Christian; Zemp, Michael",1999,GRIES,
glac_bound,1030717,G008868E46852N,2022-10-15T00:00:00,0.0,1.11926,0.0,0.0,0,0,0,0,1999-09-03T00:00:00,okay,Im Griess,None,A50J/06,exists,None,0,818,2022-11-28T09:00:00,Semi-automated glacier classification.; Semi-automatic mapping from Landsat satellite images.,585,European Alps,Friedrich-Alexander University (FAU),0,0,9,11,1,None,G008868E46852N,"Bajracharya, Samjwal","Braun, Matthias H.; Lippl, Stefan; Malz, Philipp; Seehaus, Thorsten C.; Sommer, Christian; Zemp, Michael",1999,GRIES,
glac_bound,1030699,G008816E46833N,2022-10-15T00:00:00,0.0,0.543729,0.0,0.0,0,0,0,0,1999-09-03T00:00:00,okay,Griessgletscher (Unterschächen),None,A51C/02,exists,None,0,818,2022-11-28T09:00:00,Semi-automated glacier classification.; Semi-automatic mapping from Landsat satellite images.,585,European Alps,Friedrich-Alexander University (FAU),0,0,9,11,1,None,G008816E46833N,"Bajracharya, Samjwal","Braun, Matthias H.; Lippl, Stefan; Malz, Philipp; Seehaus, Thorsten C.; Sommer, Christian; Zemp, Michael",1999,GRIES,
glac_bound,1030729,G008867E46851N,2022-10-15T00:00:00,0.0,0.17686,0.0,0.0,0,0,0,0,1999-09-12T00:00:00,okay,Im Griess,None,None,exists,None,0,818,2022-11-28T09:00:00,Semi-automated glacier classification.; Semi-automatic mapping from Landsat satellite images.,585,European Alps,Friedrich-Alexander University (FAU),0,0,9,11,1,None,None,"Bajracharya, Samjwal","Braun, Matthias H.; Lippl, Stefan; Malz, Philipp; Seehaus, Thorsten C.; Sommer, Christian; Zemp, Michael",1999,GRIES,
glac_bound,1032163,G012684E47158N,2022-10-15T00:00:00,0.0,0.335593,0.0,0.0,0,0,0,0,1999-09-14T00:00:00,okay,Griesskogel Kees,None,None,exists,None,0,818,2022-11-28T09:00:00,Semi-automated glacier classification.; Semi-automatic mapping from Landsat satellite images.,585,European Alps,Friedrich-Alexander University (FAU),0,0,9,11,1,None,None,"Bajracharya, Samjwal","Braun, Matthias H.; Lippl, Stefan; Malz, Philipp; Seehaus, Thorsten C.; Sommer, Christian; Zemp, Michael",1999,GRIES,
glac_bound,1035599,G012684E47158N,2022-10-15T00:00:00,0.0,0.269252,0.0,0.0,0,0,0,0,2011-08-23T00:00:00,okay,Griesskogel Kees,None,None,exists,None,0,819,2022-11-28T09:00:00,Semi-automated glacier classification.; Semi-automatic mapping from Landsat satellite images.,585,European Alps,Friedrich-Alexander University (FAU),0,0,9,11,1,None,None,"Bajracharya, Samjwal","Braun, Matthias H.; Lippl, Stefan; Malz, Philipp; Seehaus, Thorsten C.; Sommer, Christian; Zemp, Michael",2011,GRIES,
glac_bound,1031853,G011718E46982N,2022-10-15T00:00:00,0.0,0.250775,0.0,0.0,0,0,0,0,1999-09-14T00:00:00,okay,Gran Vedretta Est / Griess,None,None,exists,None,0,818,2022-11-28T09:00:00,Semi-automated glacier classification.; Semi-automatic mapping from Landsat satellite images.,585,European Alps,Friedrich-Alexander University (FAU),0,0,9,11,1,None,None,"Bajracharya, Samjwal","Braun, Matthias H.; Lippl, Stefan; Malz, Philipp; Seehaus, Thorsten C.; Sommer, Christian; Zemp, Michael",1999,GRIES,
glac_bound,1030590,G008500E46841N,2022-10-15T00:00:00,0.0,1.04539,0.0,0.0,0,0,0,0,1999-09-12T00:00:00,okay,Griessengletscher (Engelberg),None,A51H/02,exists,None,0,818,2022-11-28T09:00:00,Semi-automated glacier classification.; Semi-automatic mapping from Landsat satellite images.,585,European Alps,Friedrich-Alexander University (FAU),0,0,9,11,1,None,G008500E46841N,"Bajracharya, Samjwal","Braun, Matthias H.; Lippl, Stefan; Malz, Philipp; Seehaus, Thorsten C.; Sommer, Christian; Zemp, Michael",1999,GRIES,
glac_bound,1030148,G007997E46193N,2022-10-15T00:00:00,0.0,0.373965,0.0,0.0,0,0,0,0,1999-09-12T00:00:00,okay,Griessernugletscher,None,C02/06,exists,None,0,818,2022-11-28T09:00:00,Semi-automated glacier classification.; Semi-automatic mapping from Landsat satellite images.,585,European Alps,Friedrich-Alexander University (FAU),0,0,9,11,1,None,G007997E46193N,"Bajracharya, Samjwal","Braun, Matthias H.; Lippl, Stefan; Malz, Philipp; Seehaus, Thorsten C.; Sommer, Christian; Zemp, Michael",1999,GRIES,
glac_bound,1030418,G008319E46431N,2022-10-15T00:00:00,0.0,5.33434,0.0,0.0,0,0,0,0,1999-09-12T00:00:00,okay,Griesgletscher,None,B45/04,exists,None,0,818,2022-11-28T09:00:00,Semi-automated glacier classification.; Semi-automatic mapping from Landsat satellite images.,585,European Alps,Friedrich-Alexander University (FAU),0,0,9,11,1,None,G008319E46431N,"Bajracharya, Samjwal","Braun, Matthias H.; Lippl, Stefan; Malz, Philipp; Seehaus, Thorsten C.; Sommer, Christian; Zemp, Michael",1999,GRIES,
glac_bound,1034201,G008836E46834N,2022-10-15T00:00:00,0.0,0.479323,0.0,0.0,0,0,0,0,2011-09-13T00:00:00,okay,Griessgletscher (Unterschächen),None,A51C/01,exists,None,0,819,2022-11-28T09:00:00,Semi-automated glacier classification.; Semi-automatic mapping from Landsat satellite images.,585,European Alps,Friedrich-Alexander University (FAU),0,0,9,11,1,None,G008836E46834N,"Bajracharya, Samjwal","Braun, Matthias H.; Lippl, Stefan; Malz, Philipp; Seehaus, Thorsten C.; Sommer, Christian; Zemp, Michael",2011,GRIES,
glac_bound,1035313,G011718E46982N,2022-10-15T00:00:00,0.0,0.27542,0.0,0.0,0,0,0,0,2011-08-14T00:00:00,okay,Gran Vedretta Est / Griess,None,None,exists,None,0,819,2022-11-28T09:00:00,Semi-automated glacier classification.; Semi-automatic mapping from Landsat satellite images.,585,European Alps,Friedrich-Alexander University (FAU),0,0,9,11,1,None,None,"Bajracharya, Samjwal","Braun, Matthias H.; Lippl, Stefan; Malz, Philipp; Seehaus, Thorsten C.; Sommer, Christian; Zemp, Michael",2011,GRIES,
glac_bound,1034073,G008482E46726N,2022-10-15T00:00:00,0.0,0.041961,0.0,0.0,0,0,0,0,2011-09-13T00:00:00,okay,Griessenfirn,None,A51F/35,exists,None,0,819,2022-11-28T09:00:00,Semi-automated glacier classification.; Semi-automatic mapping from Landsat satellite images.,585,European Alps,Friedrich-Alexander University (FAU),0,0,9,11,1,None,None,"Bajracharya, Samjwal","Braun, Matthias H.; Lippl, Stefan; Malz, Philipp; Seehaus, Thorsten C.; Sommer, Christian; Zemp, Michael",2011,GRIES,
glac_bound,1034211,G008868E46852N,2022-10-15T00:00:00,0.0,0.473796,0.0,0.0,0,0,0,0,2011-09-13T00:00:00,okay,Im Griess,None,A50J/06,exists,None,0,819,2022-11-28T09:00:00,Semi-automated glacier classification.; Semi-automatic mapping from Landsat satellite images.,585,European Alps,Friedrich-Alexander University (FAU),0,0,9,11,1,None,G008868E46852N,"Bajracharya, Samjwal","Braun, Matthias H.; Lippl, Stefan; Malz, Philipp; Seehaus, Thorsten C.; Sommer, Christian; Zemp, Michael",2011,GRIES,
glac_bound,1034186,G008816E46833N,2022-10-15T00:00:00,0.0,0.184793,0.0,0.0,0,0,0,0,2011-09-13T00:00:00,okay,Griessgletscher (Unterschächen),None,A51C/02,exists,None,0,819,2022-11-28T09:00:00,Semi-automated glacier classification.; Semi-automatic mapping from Landsat satellite images.,585,European Alps,Friedrich-Alexander University (FAU),0,0,9,11,1,None,G008816E46833N,"Bajracharya, Samjwal","Braun, Matthias H.; Lippl, Stefan; Malz, Philipp; Seehaus, Thorsten C.; Sommer, Christian; Zemp, Michael",2011,GRIES,
glac_bound,1035390,G012037E47073N,2022-10-15T00:00:00,0.0,0.016286,0.0,0.0,0,0,0,0,2011-08-14T00:00:00,okay,"Griesbachjoch Kees N2,",None,None,exists,None,0,819,2022-11-28T09:00:00,Semi-automated glacier classification.; Semi-automatic mapping from Landsat satellite images.,585,European Alps,Friedrich-Alexander University (FAU),0,0,9,11,1,None,G012043E47064N,"Bajracharya, Samjwal","Braun, Matthias H.; Lippl, Stefan; Malz, Philipp; Seehaus, Thorsten C.; Sommer, Christian; Zemp, Michael",2011,GRIES,
glac_bound,1035162,G011032E47105N,2022-10-15T00:00:00,0.0,0.229329,0.0,0.0,0,0,0,0,2011-09-06T00:00:00,okay,Griesskogel Ferner,None,None,exists,None,0,819,2022-11-28T09:00:00,Semi-automated glacier classification.; Semi-automatic mapping from Landsat satellite images.,585,European Alps,Friedrich-Alexander University (FAU),0,0,9,11,1,None,G011032E47105N,"Bajracharya, Samjwal","Braun, Matthias H.; Lippl, Stefan; Malz, Philipp; Seehaus, Thorsten C.; Sommer, Christian; Zemp, Michael",2011,GRIES,
glac_bound,1033647,G007997E46193N,2022-10-15T00:00:00,0.0,0.012573,0.0,0.0,0,0,0,0,2011-09-13T00:00:00,okay,Griessernugletscher,None,C02/06,exists,None,0,819,2022-11-28T09:00:00,Semi-automated glacier classification.; Semi-automatic mapping from Landsat satellite images.,585,European Alps,Friedrich-Alexander University (FAU),0,0,9,11,1,None,G007997E46193N,"Bajracharya, Samjwal","Braun, Matthias H.; Lippl, Stefan; Malz, Philipp; Seehaus, Thorsten C.; Sommer, Christian; Zemp, Michael",2011,GRIES,
glac_bound,1035394,G012043E47064N,2022-10-15T00:00:00,0.0,0.142025,0.0,0.0,0,0,0,0,2011-08-21T00:00:00,okay,Griesbachjoch Kees N1,None,None,exists,None,0,819,2022-11-28T09:00:00,Semi-automated glacier classification.; Semi-automatic mapping from Landsat satellite images.,585,European Alps,Friedrich-Alexander University (FAU),0,0,9,11,1,None,G012043E47064N,"Bajracharya, Samjwal","Braun, Matthias H.; Lippl, Stefan; Malz, Philipp; Seehaus, Thorsten C.; Sommer, Christian; Zemp, Michael",2011,GRIES,
glac_bound,1034086,G008500E46841N,2022-10-15T00:00:00,0.0,0.684995,0.0,0.0,0,0,0,0,2011-09-13T00:00:00,okay,Griessengletscher (Engelberg),None,A51H/02,exists,None,0,819,2022-11-28T09:00:00,Semi-automated glacier classification.; Semi-automatic mapping from Landsat satellite images.,585,European Alps,Friedrich-Alexander University (FAU),0,0,9,11,1,None,G008500E46841N,"Bajracharya, Samjwal","Braun, Matthias H.; Lippl, Stefan; Malz, Philipp; Seehaus, Thorsten C.; Sommer, Christian; Zemp, Michael",2011,GRIES,
glac_bound,1033916,G008319E46431N,2022-10-15T00:00:00,0.0,4.39041,0.0,0.0,0,0,0,0,2011-09-13T00:00:00,okay,Griesgletscher,None,B45/04,exists,None,0,819,2022-11-28T09:00:00,Semi-automated glacier classification.; Semi-automatic mapping from Landsat satellite images.,585,European Alps,Friedrich-Alexander University (FAU),0,0,9,11,1,None,G008319E46431N,"Bajracharya, Samjwal","Braun, Matthias H.; Lippl, Stefan; Malz, Philipp; Seehaus, Thorsten C.; Sommer, Christian; Zemp, Michael",2011,GRIES,
glac_bound,1033644,G007992E46205N,2022-10-15T00:00:00,0.0,0.051616,0.0,0.0,0,0,0,0,2011-09-13T00:00:00,okay,Griessernuhorn,None,C03/04,exists,None,0,819,2022-11-28T09:00:00,Semi-automated glacier classification.; Semi-automatic mapping from Landsat satellite images.,585,European Alps,Friedrich-Alexander University (FAU),0,0,9,11,1,None,G007992E46205N,"Bajracharya, Samjwal","Braun, Matthias H.; Lippl, Stefan; Malz, Philipp; Seehaus, Thorsten C.; Sommer, Christian; Zemp, Michael",2011,GRIES,
glac_bound,1034222,G008867E46851N,2022-10-15T00:00:00,0.0,0.141553,0.0,0.0,0,0,0,0,2011-08-28T00:00:00,okay,Im Griess,None,None,exists,None,0,819,2022-11-28T09:00:00,Semi-automated glacier classification.; Semi-automatic mapping from Landsat satellite images.,585,European Alps,Friedrich-Alexander University (FAU),0,0,9,11,1,None,None,"Bajracharya, Samjwal","Braun, Matthias H.; Lippl, Stefan; Malz, Philipp; Seehaus, Thorsten C.; Sommer, Christian; Zemp, Michael",2011,GRIES,
glac_bound,1034183,G008806E46826N,2022-10-15T00:00:00,0.0,0.243262,0.0,0.0,0,0,0,0,2011-09-13T00:00:00,okay,Griessegen,None,A51C/05,exists,None,0,819,2022-11-28T09:00:00,Semi-automated glacier classification.; Semi-automatic mapping from Landsat satellite images.,585,European Alps,Friedrich-Alexander University (FAU),0,0,9,11,1,None,None,"Bajracharya, Samjwal","Braun, Matthias H.; Lippl, Stefan; Malz, Philipp; Seehaus, Thorsten C.; Sommer, Christian; Zemp, Michael",2011,GRIES,
glac_bound,1037566,G008867E46851N,2022-10-15T00:00:00,0.0,0.050361,0.0,0.0,0,0,0,0,2013-08-01T00:00:00,okay,Im Griess,None,None,exists,None,0,820,2022-11-28T09:00:00,Semi-automated glacier classification.; Semi-automatic mapping from Landsat satellite images.,585,European Alps,Friedrich-Alexander University (FAU),0,0,9,11,1,None,None,"Bajracharya, Samjwal","Braun, Matthias H.; Lippl, Stefan; Malz, Philipp; Seehaus, Thorsten C.; Sommer, Christian; Zemp, Michael",2013,GRIES,
glac_bound,1037026,G007997E46193N,2022-10-15T00:00:00,0.0,0.056917,0.0,0.0,0,0,0,0,2013-08-01T00:00:00,okay,Griessernugletscher,None,C02/06,exists,None,0,820,2022-11-28T09:00:00,Semi-automated glacier classification.; Semi-automatic mapping from Landsat satellite images.,585,European Alps,Friedrich-Alexander University (FAU),0,0,9,11,1,None,G007997E46193N,"Bajracharya, Samjwal","Braun, Matthias H.; Lippl, Stefan; Malz, Philipp; Seehaus, Thorsten C.; Sommer, Christian; Zemp, Michael",2013,GRIES,
glac_bound,1037543,G008836E46834N,2022-10-15T00:00:00,0.0,0.463556,0.0,0.0,0,0,0,0,2013-08-01T00:00:00,okay,Griessgletscher (Unterschächen),None,A51C/01,exists,None,0,820,2022-11-28T09:00:00,Semi-automated glacier classification.; Semi-automatic mapping from Landsat satellite images.,585,European Alps,Friedrich-Alexander University (FAU),0,0,9,11,1,None,G008836E46834N,"Bajracharya, Samjwal","Braun, Matthias H.; Lippl, Stefan; Malz, Philipp; Seehaus, Thorsten C.; Sommer, Christian; Zemp, Michael",2013,GRIES,
glac_bound,1038967,G012684E47158N,2022-10-15T00:00:00,0.0,0.227621,0.0,0.0,0,0,0,0,2015-08-09T00:00:00,okay,Griesskogel Kees,None,None,exists,None,0,820,2022-11-28T09:00:00,Semi-automated glacier classification.; Semi-automatic mapping from Landsat satellite images.,585,European Alps,Friedrich-Alexander University (FAU),0,0,9,11,1,None,None,"Bajracharya, Samjwal","Braun, Matthias H.; Lippl, Stefan; Malz, Philipp; Seehaus, Thorsten C.; Sommer, Christian; Zemp, Michael",2015,GRIES,
glac_bound,1037024,G007992E46205N,2022-10-15T00:00:00,0.0,0.023828,0.0,0.0,0,0,0,0,2014-09-12T00:00:00,okay,Griessernuhorn,None,C03/04,exists,None,0,820,2022-11-28T09:00:00,Semi-automated glacier classification.; Semi-automatic mapping from Landsat satellite images.,585,European Alps,Friedrich-Alexander University (FAU),0,0,9,11,1,None,G007992E46205N,"Bajracharya, Samjwal","Braun, Matthias H.; Lippl, Stefan; Malz, Philipp; Seehaus, Thorsten C.; Sommer, Christian; Zemp, Michael",2014,GRIES,
glac_bound,1038745,G012043E47064N,2022-10-15T00:00:00,0.0,0.07948,0.0,0.0,0,0,0,0,2015-09-01T00:00:00,okay,Griesbachjoch Kees N1,None,None,exists,None,0,820,2022-11-28T09:00:00,Semi-automated glacier classification.; Semi-automatic mapping from Landsat satellite images.,585,European Alps,Friedrich-Alexander University (FAU),0,0,9,11,1,None,G012043E47064N,"Bajracharya, Samjwal","Braun, Matthias H.; Lippl, Stefan; Malz, Philipp; Seehaus, Thorsten C.; Sommer, Christian; Zemp, Michael",2015,GRIES,
glac_bound,1038512,G011032E47105N,2022-10-15T00:00:00,0.0,0.175942,0.0,0.0,0,0,0,0,2015-09-01T00:00:00,okay,Griesskogel Ferner,None,None,exists,None,0,820,2022-11-28T09:00:00,Semi-automated glacier classification.; Semi-automatic mapping from Landsat satellite images.,585,European Alps,Friedrich-Alexander University (FAU),0,0,9,11,1,None,G011032E47105N,"Bajracharya, Samjwal","Braun, Matthias H.; Lippl, Stefan; Malz, Philipp; Seehaus, Thorsten C.; Sommer, Christian; Zemp, Michael",2015,GRIES,
glac_bound,1037528,G008816E46833N,2022-10-15T00:00:00,0.0,0.035327,0.0,0.0,0,0,0,0,2015-08-30T00:00:00,okay,Griessgletscher (Unterschächen),None,A51C/02,exists,None,0,820,2022-11-28T09:00:00,Semi-automated glacier classification.; Semi-automatic mapping from Landsat satellite images.,585,European Alps,Friedrich-Alexander University (FAU),0,0,9,11,1,None,G008816E46833N,"Bajracharya, Samjwal","Braun, Matthias H.; Lippl, Stefan; Malz, Philipp; Seehaus, Thorsten C.; Sommer, Christian; Zemp, Michael",2015,GRIES,
glac_bound,1038741,G012037E47073N,2022-10-15T00:00:00,0.0,0.014328,0.0,0.0,0,0,0,0,2013-09-04T00:00:00,okay,"Griesbachjoch Kees N2,",None,None,exists,None,0,820,2022-11-28T09:00:00,Semi-automated glacier classification.; Semi-automatic mapping from Landsat satellite images.,585,European Alps,Friedrich-Alexander University (FAU),0,0,9,11,1,None,G012043E47064N,"Bajracharya, Samjwal","Braun, Matthias H.; Lippl, Stefan; Malz, Philipp; Seehaus, Thorsten C.; Sommer, Christian; Zemp, Michael",2013,GRIES,
glac_bound,1037554,G008868E46852N,2022-10-15T00:00:00,0.0,0.452592,0.0,0.0,0,0,0,0,2014-07-03T00:00:00,okay,Im Griess,None,A50J/06,exists,None,0,820,2022-11-28T09:00:00,Semi-automated glacier classification.; Semi-automatic mapping from Landsat satellite images.,585,European Alps,Friedrich-Alexander University (FAU),0,0,9,11,1,None,G008868E46852N,"Bajracharya, Samjwal","Braun, Matthias H.; Lippl, Stefan; Malz, Philipp; Seehaus, Thorsten C.; Sommer, Christian; Zemp, Michael",2014,GRIES,
glac_bound,1037428,G008500E46841N,2022-10-15T00:00:00,0.0,0.75713,0.0,0.0,0,0,0,0,2014-07-03T00:00:00,okay,Griessengletscher (Engelberg),None,A51H/02,exists,None,0,820,2022-11-28T09:00:00,Semi-automated glacier classification.; Semi-automatic mapping from Landsat satellite images.,585,European Alps,Friedrich-Alexander University (FAU),0,0,9,11,1,None,G008500E46841N,"Bajracharya, Samjwal","Braun, Matthias H.; Lippl, Stefan; Malz, Philipp; Seehaus, Thorsten C.; Sommer, Christian; Zemp, Michael",2014,GRIES,
glac_bound,1038659,G011718E46982N,2022-10-15T00:00:00,0.0,0.204837,0.0,0.0,0,0,0,0,2013-08-03T00:00:00,okay,Gran Vedretta Est / Griess,None,None,exists,None,0,820,2022-11-28T09:00:00,Semi-automated glacier classification.; Semi-automatic mapping from Landsat satellite images.,585,European Alps,Friedrich-Alexander University (FAU),0,0,9,11,1,None,None,"Bajracharya, Samjwal","Braun, Matthias H.; Lippl, Stefan; Malz, Philipp; Seehaus, Thorsten C.; Sommer, Christian; Zemp, Michael",2013,GRIES,
glac_bound,1037259,G008319E46431N,2022-10-15T00:00:00,0.0,4.85687,0.0,0.0,0,0,0,0,2013-08-01T00:00:00,okay,Griesgletscher,None,B45/04,exists,None,0,820,2022-11-28T09:00:00,Semi-automated glacier classification.; Semi-automatic mapping from Landsat satellite images.,585,European Alps,Friedrich-Alexander University (FAU),0,0,9,11,1,None,G008319E46431N,"Bajracharya, Samjwal","Braun, Matthias H.; Lippl, Stefan; Malz, Philipp; Seehaus, Thorsten C.; Sommer, Christian; Zemp, Michael",2013,GRIES,
glac_bound,1037525,G008806E46826N,2022-10-15T00:00:00,0.0,0.201466,0.0,0.0,0,0,0,0,2014-07-03T00:00:00,okay,Griessegen,None,A51C/05,exists,None,0,820,2022-11-28T09:00:00,Semi-automated glacier classification.; Semi-automatic mapping from Landsat satellite images.,585,European Alps,Friedrich-Alexander University (FAU),0,0,9,11,1,None,None,"Bajracharya, Samjwal","Braun, Matthias H.; Lippl, Stefan; Malz, Philipp; Seehaus, Thorsten C.; Sommer, Christian; Zemp, Michael",2014,GRIES,
glac_bound,1079417,G007997E46193N,2013-05-28T00:00:00,0.17594,0.036163,0.0,587.0,0,2699,2803,2976,2009-09-15T00:00:00,okay,Griessernugletscher,None,C02/06,exists,None,0,579,2013-06-03T11:00:00,"SwissImage L2 aerial orthophotos, manual digitization; Glacier outlines were digitized manually from high-resolution aerial photography (swissimage level 2; 50cm resolution) acquired in september 2008 (34 glaciers); 2009(354 glaciers); 2010 (708 glaciers",571,Swiss Alps,University of Fribourg,0,0,9,11,1,None,G007997E46193N,"Fischer, Mauro","Fischer, Mauro",2009,GRIES,
glac_bound,1079418,G007997E46193N,2013-05-28T00:00:00,0.17594,0.138783,0.0,587.0,0,2699,2803,2976,2009-09-15T00:00:00,okay,Griessernugletscher,None,C02/06,exists,None,0,579,2013-06-03T11:00:00,"SwissImage L2 aerial orthophotos, manual digitization; Glacier outlines were digitized manually from high-resolution aerial photography (swissimage level 2; 50cm resolution) acquired in september 2008 (34 glaciers); 2009(354 glaciers); 2010 (708 glaciers",571,Swiss Alps,University of Fribourg,0,0,9,11,1,None,G007997E46193N,"Fischer, Mauro","Fischer, Mauro",2009,GRIES,
glac_bound,1079420,G008592E46792N,2013-05-28T00:00:00,0.0344,0.017037,0.0,249.0,0,2226,2299,2436,2009-09-15T00:00:00,okay,Griesbrawen,None,A51G/01,exists,None,0,579,2013-06-03T11:00:00,"SwissImage L2 aerial orthophotos, manual digitization; Glacier outlines were digitized manually from high-resolution aerial photography (swissimage level 2; 50cm resolution) acquired in september 2008 (34 glaciers); 2009(354 glaciers); 2010 (708 glaciers",571,Swiss Alps,University of Fribourg,0,0,9,11,1,None,None,"Fischer, Mauro","Fischer, Mauro",2009,GRIES,
glac_bound,1079679,G008836E46834N,2013-05-28T00:00:00,0.65266,0.520152,0.0,900.0,0,2270,2732,2994,2009-09-15T00:00:00,okay,Griessgletscher (Unterschächen),None,A51C/01,exists,None,0,579,2013-06-03T11:00:00,"SwissImage L2 aerial orthophotos, manual digitization; Glacier outlines were digitized manually from high-resolution aerial photography (swissimage level 2; 50cm resolution) acquired in september 2008 (34 glaciers); 2009(354 glaciers); 2010 (708 glaciers",571,Swiss Alps,University of Fribourg,0,0,9,11,1,None,G008836E46834N,"Fischer, Mauro","Fischer, Mauro",2009,GRIES,
glac_bound,1079703,G007992E46205N,2013-05-28T00:00:00,0.07833,0.064213,0.0,253.0,0,2778,2918,3022,2009-09-15T00:00:00,okay,Griessernuhorn,None,C03/04,exists,None,0,579,2013-06-03T11:00:00,"SwissImage L2 aerial orthophotos, manual digitization; Glacier outlines were digitized manually from high-resolution aerial photography (swissimage level 2; 50cm resolution) acquired in september 2008 (34 glaciers); 2009(354 glaciers); 2010 (708 glaciers",571,Swiss Alps,University of Fribourg,0,0,9,11,1,None,G007992E46205N,"Fischer, Mauro","Fischer, Mauro",2009,GRIES,
glac_bound,1079704,G007992E46205N,2013-05-28T00:00:00,0.07833,0.014006,0.0,253.0,0,2778,2918,3022,2009-09-15T00:00:00,okay,Griessernuhorn,None,C03/04,exists,None,0,579,2013-06-03T11:00:00,"SwissImage L2 aerial orthophotos, manual digitization; Glacier outlines were digitized manually from high-resolution aerial photography (swissimage level 2; 50cm resolution) acquired in september 2008 (34 glaciers); 2009(354 glaciers); 2010 (708 glaciers",571,Swiss Alps,University of Fribourg,0,0,9,11,1,None,G007992E46205N,"Fischer, Mauro","Fischer, Mauro",2009,GRIES,
glac_bound,1079796,G008868E46852N,2013-05-28T00:00:00,1.11938,1.02853,0.0,1701.0,0,2101,2283,2691,2009-09-15T00:00:00,okay,Im Griess,None,A50J/06,exists,None,0,579,2013-06-03T11:00:00,"SwissImage L2 aerial orthophotos, manual digitization; Glacier outlines were digitized manually from high-resolution aerial photography (swissimage level 2; 50cm resolution) acquired in september 2008 (34 glaciers); 2009(354 glaciers); 2010 (708 glaciers",571,Swiss Alps,University of Fribourg,0,0,9,11,1,None,G008868E46852N,"Fischer, Mauro","Fischer, Mauro",2009,GRIES,
glac_bound,1079868,G008522E46792N,2013-05-28T00:00:00,0.03138,0.015364,0.0,175.0,0,2567,2654,2759,2009-09-15T00:00:00,okay,Griesshubel,None,A51H/06,exists,None,0,579,2013-06-03T11:00:00,"SwissImage L2 aerial orthophotos, manual digitization; Glacier outlines were digitized manually from high-resolution aerial photography (swissimage level 2; 50cm resolution) acquired in september 2008 (34 glaciers); 2009(354 glaciers); 2010 (708 glaciers",571,Swiss Alps,University of Fribourg,0,0,9,11,1,None,G008522E46792N,"Fischer, Mauro","Fischer, Mauro",2009,GRIES,
glac_bound,1080206,G007992E46205N,2010-06-01T00:00:00,0.005,0.005405,0.0,0.0,0,2796,2821,2849,2003-08-06T00:00:00,okay,Griessernuhorn,None,C03/04,exists,None,0,593,2016-02-01T09:00:00,"All glaciers are classified in the main processing stage with a thresholded ratio image and an additional threshold to provide the classification in shadow regions (e.g. Paul and Kaeaeb, 2005); All glaciers are classified in the main processing stage wit",30,European Alps,University of Zurich-Irchel,0,0,9,11,1,None,G007992E46205N,"Paul, Frank","Paul, Frank",2003,GRIES,
glac_bound,1080207,G007992E46205N,2010-06-01T00:00:00,0.005,0.066554,0.0,0.0,0,2796,2821,2849,2003-08-06T00:00:00,okay,Griessernuhorn,None,C03/04,exists,None,0,593,2016-02-01T09:00:00,"All glaciers are classified in the main processing stage with a thresholded ratio image and an additional threshold to provide the classification in shadow regions (e.g. Paul and Kaeaeb, 2005); All glaciers are classified in the main processing stage wit",30,European Alps,University of Zurich-Irchel,0,0,9,11,1,None,G007992E46205N,"Paul, Frank","Paul, Frank",2003,GRIES,
glac_bound,1080265,G007992E46205N,2008-01-01T00:00:00,0.078228,0.014007,0.0,0.0,0,2778,0,3022,2008-09-30T00:00:00,okay,Griessernuhorn,None,C03/04,exists,None,0,596,2016-02-01T09:00:00,Glacier outlines were digitized manually in ArcGIS based on SWISSIMAGE Level 2. Glacier polygons were coded and named according the outlines of 1973.; Glacier outlines were digitized manually in ArcGIS based on SWISSIMAGE Level 2 (swisstopo) imagery.,571,Swiss Alps,University of Fribourg,0,0,9,11,1,None,G007992E46205N,"Fischer, Mauro","Fischer, Mauro",2008,GRIES,
glac_bound,1080266,G007992E46205N,2008-01-01T00:00:00,0.078228,0.064205,0.0,0.0,0,2778,0,3022,2008-09-30T00:00:00,okay,Griessernuhorn,None,C03/04,exists,None,0,596,2016-02-01T09:00:00,Glacier outlines were digitized manually in ArcGIS based on SWISSIMAGE Level 2. Glacier polygons were coded and named according the outlines of 1973.; Glacier outlines were digitized manually in ArcGIS based on SWISSIMAGE Level 2 (swisstopo) imagery.,571,Swiss Alps,University of Fribourg,0,0,9,11,1,None,G007992E46205N,"Fischer, Mauro","Fischer, Mauro",2008,GRIES,
glac_bound,1080545,G012043E47064N,2007-06-30T00:00:00,0.0,0.004955,0.0,0.0,0,0,0,0,1998-06-30T00:00:00,okay,Griesbachjoch Kees N1,None,None,exists,None,0,602,2016-03-07T09:00:00,"GI2 dates are from 1996/2002, since different flight campaigns were necessary to acquire cloud-free orthophotos with a minimum snow cover. The main part of the glaciers were covered during 1997 and 1998 (Fischer et al. 2015); For the Australian Alsp, gla",34,Austrian Alps,Universitaet Innsbruck,0,0,9,11,1,None,G012043E47064N,"Fischer, Andrea","Fischer, Andrea; Kuhn, Michael; Lambrecht, Astrid",1998,GRIES,
glac_bound,1080544,G012043E47064N,2007-06-30T00:00:00,0.0,0.010736,0.0,0.0,0,0,0,0,1998-06-30T00:00:00,okay,Griesbachjoch Kees N1,None,None,exists,None,0,602,2016-03-07T09:00:00,"GI2 dates are from 1996/2002, since different flight campaigns were necessary to acquire cloud-free orthophotos with a minimum snow cover. The main part of the glaciers were covered during 1997 and 1998 (Fischer et al. 2015); For the Australian Alsp, gla",34,Austrian Alps,Universitaet Innsbruck,0,0,9,11,1,None,G012043E47064N,"Fischer, Andrea","Fischer, Andrea; Kuhn, Michael; Lambrecht, Astrid",1998,GRIES,
glac_bound,1080887,G011032E47105N,2007-06-30T00:00:00,0.0,0.426854,0.0,0.0,0,0,0,0,1998-06-30T00:00:00,okay,Griesskogel Ferner,None,None,exists,None,0,602,2016-03-07T09:00:00,"GI2 dates are from 1996/2002, since different flight campaigns were necessary to acquire cloud-free orthophotos with a minimum snow cover. The main part of the glaciers were covered during 1997 and 1998 (Fischer et al. 2015); For the Australian Alsp, gla",34,Austrian Alps,Universitaet Innsbruck,0,0,9,11,1,None,G011032E47105N,"Fischer, Andrea","Fischer, Andrea; Kuhn, Michael; Lambrecht, Astrid",1998,GRIES,
glac_bound,1080888,G011032E47105N,2007-06-30T00:00:00,0.0,0.002132,0.0,0.0,0,0,0,0,1998-06-30T00:00:00,okay,Griesskogel Ferner,None,None,exists,None,0,602,2016-03-07T09:00:00,"GI2 dates are from 1996/2002, since different flight campaigns were necessary to acquire cloud-free orthophotos with a minimum snow cover. The main part of the glaciers were covered during 1997 and 1998 (Fischer et al. 2015); For the Australian Alsp, gla",34,Austrian Alps,Universitaet Innsbruck,0,0,9,11,1,None,G011032E47105N,"Fischer, Andrea","Fischer, Andrea; Kuhn, Michael; Lambrecht, Astrid",1998,GRIES,
glac_bound,1080879,G011063E47133N,2007-06-30T00:00:00,0.0,0.039802,0.0,0.0,0,0,0,0,1998-06-30T00:00:00,okay,Griesskogel Ferner W,None,None,exists,None,0,602,2016-03-07T09:00:00,"GI2 dates are from 1996/2002, since different flight campaigns were necessary to acquire cloud-free orthophotos with a minimum snow cover. The main part of the glaciers were covered during 1997 and 1998 (Fischer et al. 2015); For the Australian Alsp, gla",34,Austrian Alps,Universitaet Innsbruck,0,0,9,11,1,None,G011063E47133N,"Fischer, Andrea","Fischer, Andrea; Kuhn, Michael; Lambrecht, Astrid",1998,GRIES,
glac_bound,1080880,G011063E47133N,2007-06-30T00:00:00,0.0,0.03143,0.0,0.0,0,0,0,0,1998-06-30T00:00:00,okay,Griesskogel Ferner W,None,None,exists,None,0,602,2016-03-07T09:00:00,"GI2 dates are from 1996/2002, since different flight campaigns were necessary to acquire cloud-free orthophotos with a minimum snow cover. The main part of the glaciers were covered during 1997 and 1998 (Fischer et al. 2015); For the Australian Alsp, gla",34,Austrian Alps,Universitaet Innsbruck,0,0,9,11,1,None,G011063E47133N,"Fischer, Andrea","Fischer, Andrea; Kuhn, Michael; Lambrecht, Astrid",1998,GRIES,
glac_bound,1080881,G011063E47133N,2007-06-30T00:00:00,0.0,0.012813,0.0,0.0,0,0,0,0,1998-06-30T00:00:00,okay,Griesskogel Ferner W,None,None,exists,None,0,602,2016-03-07T09:00:00,"GI2 dates are from 1996/2002, since different flight campaigns were necessary to acquire cloud-free orthophotos with a minimum snow cover. The main part of the glaciers were covered during 1997 and 1998 (Fischer et al. 2015); For the Australian Alsp, gla",34,Austrian Alps,Universitaet Innsbruck,0,0,9,11,1,None,G011063E47133N,"Fischer, Andrea","Fischer, Andrea; Kuhn, Michael; Lambrecht, Astrid",1998,GRIES,
glac_bound,1080882,G011063E47133N,2007-06-30T00:00:00,0.0,0.006703,0.0,0.0,0,0,0,0,1998-06-30T00:00:00,okay,Griesskogel Ferner W,None,None,exists,None,0,602,2016-03-07T09:00:00,"GI2 dates are from 1996/2002, since different flight campaigns were necessary to acquire cloud-free orthophotos with a minimum snow cover. The main part of the glaciers were covered during 1997 and 1998 (Fischer et al. 2015); For the Australian Alsp, gla",34,Austrian Alps,Universitaet Innsbruck,0,0,9,11,1,None,G011063E47133N,"Fischer, Andrea","Fischer, Andrea; Kuhn, Michael; Lambrecht, Astrid",1998,GRIES,
glac_bound,1080897,G011063E47133N,2007-06-30T00:00:00,0.0,0.001455,0.0,0.0,0,0,0,0,1998-06-30T00:00:00,okay,Griesskogel Ferner W,None,None,exists,None,0,602,2016-03-07T09:00:00,"GI2 dates are from 1996/2002, since different flight campaigns were necessary to acquire cloud-free orthophotos with a minimum snow cover. The main part of the glaciers were covered during 1997 and 1998 (Fischer et al. 2015); For the Australian Alsp, gla",34,Austrian Alps,Universitaet Innsbruck,0,0,9,11,1,None,G011063E47133N,"Fischer, Andrea","Fischer, Andrea; Kuhn, Michael; Lambrecht, Astrid",1998,GRIES,
glac_bound,1080898,G011063E47133N,2007-06-30T00:00:00,0.0,0.004002,0.0,0.0,0,0,0,0,1998-06-30T00:00:00,okay,Griesskogel Ferner W,None,None,exists,None,0,602,2016-03-07T09:00:00,"GI2 dates are from 1996/2002, since different flight campaigns were necessary to acquire cloud-free orthophotos with a minimum snow cover. The main part of the glaciers were covered during 1997 and 1998 (Fischer et al. 2015); For the Australian Alsp, gla",34,Austrian Alps,Universitaet Innsbruck,0,0,9,11,1,None,G011063E47133N,"Fischer, Andrea","Fischer, Andrea; Kuhn, Michael; Lambrecht, Astrid",1998,GRIES,
glac_bound,1080899,G011068E47135N,2007-06-30T00:00:00,0.0,0.025086,0.0,0.0,0,0,0,0,1998-06-30T00:00:00,okay,"Griesskogel Ferner E,",None,None,exists,None,0,602,2016-03-07T09:00:00,"GI2 dates are from 1996/2002, since different flight campaigns were necessary to acquire cloud-free orthophotos with a minimum snow cover. The main part of the glaciers were covered during 1997 and 1998 (Fischer et al. 2015); For the Australian Alsp, gla",34,Austrian Alps,Universitaet Innsbruck,0,0,9,11,1,None,None,"Fischer, Andrea","Fischer, Andrea; Kuhn, Michael; Lambrecht, Astrid",1998,GRIES,
glac_bound,1080962,G012040E47071N,2007-06-30T00:00:00,0.0,0.016516,0.0,0.0,0,0,0,0,1998-06-30T00:00:00,okay,"Griesbachjoch Kees N1,",None,None,exists,None,0,602,2016-03-07T09:00:00,"GI2 dates are from 1996/2002, since different flight campaigns were necessary to acquire cloud-free orthophotos with a minimum snow cover. The main part of the glaciers were covered during 1997 and 1998 (Fischer et al. 2015); For the Australian Alsp, gla",34,Austrian Alps,Universitaet Innsbruck,0,0,9,11,1,None,G012040E47071N,"Fischer, Andrea","Fischer, Andrea; Kuhn, Michael; Lambrecht, Astrid",1998,GRIES,
glac_bound,1080963,G012040E47071N,2007-06-30T00:00:00,0.0,0.003022,0.0,0.0,0,0,0,0,1998-06-30T00:00:00,okay,"Griesbachjoch Kees N1,",None,None,exists,None,0,602,2016-03-07T09:00:00,"GI2 dates are from 1996/2002, since different flight campaigns were necessary to acquire cloud-free orthophotos with a minimum snow cover. The main part of the glaciers were covered during 1997 and 1998 (Fischer et al. 2015); For the Australian Alsp, gla",34,Austrian Alps,Universitaet Innsbruck,0,0,9,11,1,None,G012040E47071N,"Fischer, Andrea","Fischer, Andrea; Kuhn, Michael; Lambrecht, Astrid",1998,GRIES,
glac_bound,1080964,G012043E47064N,2007-06-30T00:00:00,0.0,0.065676,0.0,0.0,0,0,0,0,1998-06-30T00:00:00,okay,Griesbachjoch Kees N1,None,None,exists,None,0,602,2016-03-07T09:00:00,"GI2 dates are from 1996/2002, since different flight campaigns were necessary to acquire cloud-free orthophotos with a minimum snow cover. The main part of the glaciers were covered during 1997 and 1998 (Fischer et al. 2015); For the Australian Alsp, gla",34,Austrian Alps,Universitaet Innsbruck,0,0,9,11,1,None,G012043E47064N,"Fischer, Andrea","Fischer, Andrea; Kuhn, Michael; Lambrecht, Astrid",1998,GRIES,
glac_bound,1081341,G012040E47071N,2012-06-30T00:00:00,0.0,0.015022,0.0,0.0,0,0,0,0,2012-06-30T00:00:00,okay,"Griesbachjoch Kees N1,",None,None,exists,None,0,603,2016-03-07T09:00:00,"Where no lidar data were available,the GI 2 glacier boundaries have been updated with orthophotos.; GI 3 glacier extent was mapped from lidar DEMs and orthophotos dating from 2004 to 2012. Lidar hillshade of glaciers in the Oetztal Alps were from 2006 wi",34,Austrian Alps,Universitaet Innsbruck,0,0,9,11,1,None,G012040E47071N,"Fischer, Andrea","Fischer, Andrea",2012,GRIES,
glac_bound,1081342,G012040E47071N,2012-06-30T00:00:00,0.0,0.001836,0.0,0.0,0,0,0,0,2012-06-30T00:00:00,okay,"Griesbachjoch Kees N1,",None,None,exists,None,0,603,2016-03-07T09:00:00,"Where no lidar data were available,the GI 2 glacier boundaries have been updated with orthophotos.; GI 3 glacier extent was mapped from lidar DEMs and orthophotos dating from 2004 to 2012. Lidar hillshade of glaciers in the Oetztal Alps were from 2006 wi",34,Austrian Alps,Universitaet Innsbruck,0,0,9,11,1,None,G012040E47071N,"Fischer, Andrea","Fischer, Andrea",2012,GRIES,
glac_bound,1081343,G012043E47064N,2012-06-30T00:00:00,0.0,0.057309,0.0,0.0,0,0,0,0,2012-06-30T00:00:00,okay,Griesbachjoch Kees N1,None,None,exists,None,0,603,2016-03-07T09:00:00,"Where no lidar data were available,the GI 2 glacier boundaries have been updated with orthophotos.; GI 3 glacier extent was mapped from lidar DEMs and orthophotos dating from 2004 to 2012. Lidar hillshade of glaciers in the Oetztal Alps were from 2006 wi",34,Austrian Alps,Universitaet Innsbruck,0,0,9,11,1,None,G012043E47064N,"Fischer, Andrea","Fischer, Andrea",2012,GRIES,
glac_bound,1081344,G011063E47133N,2012-06-30T00:00:00,0.0,0.006703,0.0,0.0,0,0,0,0,2012-06-30T00:00:00,okay,Griesskogel Ferner W,None,None,exists,None,0,603,2016-03-07T09:00:00,"Where no lidar data were available,the GI 2 glacier boundaries have been updated with orthophotos.; GI 3 glacier extent was mapped from lidar DEMs and orthophotos dating from 2004 to 2012. Lidar hillshade of glaciers in the Oetztal Alps were from 2006 wi",34,Austrian Alps,Universitaet Innsbruck,0,0,9,11,1,None,G011063E47133N,"Fischer, Andrea","Fischer, Andrea",2012,GRIES,
glac_bound,1081345,G011063E47133N,2012-06-30T00:00:00,0.0,0.012813,0.0,0.0,0,0,0,0,2012-06-30T00:00:00,okay,Griesskogel Ferner W,None,None,exists,None,0,603,2016-03-07T09:00:00,"Where no lidar data were available,the GI 2 glacier boundaries have been updated with orthophotos.; GI 3 glacier extent was mapped from lidar DEMs and orthophotos dating from 2004 to 2012. Lidar hillshade of glaciers in the Oetztal Alps were from 2006 wi",34,Austrian Alps,Universitaet Innsbruck,0,0,9,11,1,None,G011063E47133N,"Fischer, Andrea","Fischer, Andrea",2012,GRIES,
glac_bound,1081346,G011063E47133N,2012-06-30T00:00:00,0.0,0.031162,0.0,0.0,0,0,0,0,2012-06-30T00:00:00,okay,Griesskogel Ferner W,None,None,exists,None,0,603,2016-03-07T09:00:00,"Where no lidar data were available,the GI 2 glacier boundaries have been updated with orthophotos.; GI 3 glacier extent was mapped from lidar DEMs and orthophotos dating from 2004 to 2012. Lidar hillshade of glaciers in the Oetztal Alps were from 2006 wi",34,Austrian Alps,Universitaet Innsbruck,0,0,9,11,1,None,G011063E47133N,"Fischer, Andrea","Fischer, Andrea",2012,GRIES,
glac_bound,1081347,G011063E47133N,2012-06-30T00:00:00,0.0,0.026069,0.0,0.0,0,0,0,0,2012-06-30T00:00:00,okay,Griesskogel Ferner W,None,None,exists,None,0,603,2016-03-07T09:00:00,"Where no lidar data were available,the GI 2 glacier boundaries have been updated with orthophotos.; GI 3 glacier extent was mapped from lidar DEMs and orthophotos dating from 2004 to 2012. Lidar hillshade of glaciers in the Oetztal Alps were from 2006 wi",34,Austrian Alps,Universitaet Innsbruck,0,0,9,11,1,None,G011063E47133N,"Fischer, Andrea","Fischer, Andrea",2012,GRIES,
glac_bound,1081717,G012043E47064N,2012-06-30T00:00:00,0.0,0.004662,0.0,0.0,0,0,0,0,2012-06-30T00:00:00,okay,Griesbachjoch Kees N1,None,None,exists,None,0,603,2016-03-07T09:00:00,"Where no lidar data were available,the GI 2 glacier boundaries have been updated with orthophotos.; GI 3 glacier extent was mapped from lidar DEMs and orthophotos dating from 2004 to 2012. Lidar hillshade of glaciers in the Oetztal Alps were from 2006 wi",34,Austrian Alps,Universitaet Innsbruck,0,0,9,11,1,None,G012043E47064N,"Fischer, Andrea","Fischer, Andrea",2012,GRIES,
glac_bound,1081718,G012043E47064N,2012-06-30T00:00:00,0.0,0.009765,0.0,0.0,0,0,0,0,2012-06-30T00:00:00,okay,Griesbachjoch Kees N1,None,None,exists,None,0,603,2016-03-07T09:00:00,"Where no lidar data were available,the GI 2 glacier boundaries have been updated with orthophotos.; GI 3 glacier extent was mapped from lidar DEMs and orthophotos dating from 2004 to 2012. Lidar hillshade of glaciers in the Oetztal Alps were from 2006 wi",34,Austrian Alps,Universitaet Innsbruck,0,0,9,11,1,None,G012043E47064N,"Fischer, Andrea","Fischer, Andrea",2012,GRIES,
glac_bound,1081791,G011063E47133N,2012-06-30T00:00:00,0.0,0.003988,0.0,0.0,0,0,0,0,2012-06-30T00:00:00,okay,Griesskogel Ferner W,None,None,exists,None,0,603,2016-03-07T09:00:00,"Where no lidar data were available,the GI 2 glacier boundaries have been updated with orthophotos.; GI 3 glacier extent was mapped from lidar DEMs and orthophotos dating from 2004 to 2012. Lidar hillshade of glaciers in the Oetztal Alps were from 2006 wi",34,Austrian Alps,Universitaet Innsbruck,0,0,9,11,1,None,G011063E47133N,"Fischer, Andrea","Fischer, Andrea",2012,GRIES,
glac_bound,1081792,G011063E47133N,2012-06-30T00:00:00,0.0,0.017731,0.0,0.0,0,0,0,0,2012-06-30T00:00:00,okay,Griesskogel Ferner W,None,None,exists,None,0,603,2016-03-07T09:00:00,"Where no lidar data were available,the GI 2 glacier boundaries have been updated with orthophotos.; GI 3 glacier extent was mapped from lidar DEMs and orthophotos dating from 2004 to 2012. Lidar hillshade of glaciers in the Oetztal Alps were from 2006 wi",34,Austrian Alps,Universitaet Innsbruck,0,0,9,11,1,None,G011063E47133N,"Fischer, Andrea","Fischer, Andrea",2012,GRIES,
glac_bound,1091374,G011063E47133N,2006-09-09T00:00:00,0.0,0.020005,0.0,0.0,0,0,0,0,1985-09-30T09:33:04,okay,Griesskogel Ferner W,None,None,exists,None,0,532,2008-04-17T07:40:27,"Using imageworks/PCI:manually digitizing of glacier boundaries,adding some attri; 1. terrain corrected geocoding  2. normalized difference snow index (NDSI) to separate clouds, snowfree terrain and snow and ice surfaces  3. manual editing of glacierized",34,Austrian Alps,Universitaet Innsbruck,0,0,9,11,1,None,G011063E47133N,"Rott, Helmut","Schicker, Irene; Schwaizer (nee Bippus), Gabriele",1985,GRIES,
glac_bound,1091375,G011063E47133N,2006-09-09T00:00:00,0.0,0.055575,0.0,0.0,0,0,0,0,1985-09-30T09:33:04,okay,Griesskogel Ferner W,None,None,exists,None,0,532,2008-04-17T07:40:27,"Using imageworks/PCI:manually digitizing of glacier boundaries,adding some attri; 1. terrain corrected geocoding  2. normalized difference snow index (NDSI) to separate clouds, snowfree terrain and snow and ice surfaces  3. manual editing of glacierized",34,Austrian Alps,Universitaet Innsbruck,0,0,9,11,1,None,G011063E47133N,"Rott, Helmut","Schicker, Irene; Schwaizer (nee Bippus), Gabriele",1985,GRIES,
glac_bound,1091378,G011063E47133N,2006-09-09T00:00:00,0.0,0.082928,0.0,0.0,0,0,0,0,1985-09-30T09:33:04,okay,Griesskogel Ferner W,None,None,exists,None,0,532,2008-04-17T07:40:27,"Using imageworks/PCI:manually digitizing of glacier boundaries,adding some attri; 1. terrain corrected geocoding  2. normalized difference snow index (NDSI) to separate clouds, snowfree terrain and snow and ice surfaces  3. manual editing of glacierized",34,Austrian Alps,Universitaet Innsbruck,0,0,9,11,1,None,G011063E47133N,"Rott, Helmut","Schicker, Irene; Schwaizer (nee Bippus), Gabriele",1985,GRIES,
glac_bound,1091379,G011063E47133N,2006-09-09T00:00:00,0.0,0.008245,0.0,0.0,0,0,0,0,1985-09-30T09:33:04,okay,Griesskogel Ferner W,None,None,exists,None,0,532,2008-04-17T07:40:27,"Using imageworks/PCI:manually digitizing of glacier boundaries,adding some attri; 1. terrain corrected geocoding  2. normalized difference snow index (NDSI) to separate clouds, snowfree terrain and snow and ice surfaces  3. manual editing of glacierized",34,Austrian Alps,Universitaet Innsbruck,0,0,9,11,1,None,G011063E47133N,"Rott, Helmut","Schicker, Irene; Schwaizer (nee Bippus), Gabriele",1985,GRIES,
glac_bound,1091380,G011063E47133N,2006-09-09T00:00:00,0.0,0.047242,0.0,0.0,0,0,0,0,1985-09-30T09:33:04,okay,Griesskogel Ferner W,None,None,exists,None,0,532,2008-04-17T07:40:27,"Using imageworks/PCI:manually digitizing of glacier boundaries,adding some attri; 1. terrain corrected geocoding  2. normalized difference snow index (NDSI) to separate clouds, snowfree terrain and snow and ice surfaces  3. manual editing of glacierized",34,Austrian Alps,Universitaet Innsbruck,0,0,9,11,1,None,G011063E47133N,"Rott, Helmut","Schicker, Irene; Schwaizer (nee Bippus), Gabriele",1985,GRIES,
glac_bound,1091402,G011032E47105N,2006-09-09T00:00:00,0.0,0.285543,0.0,0.0,0,0,0,0,2003-08-23T10:20:53,okay,Griesskogel Ferner,None,None,exists,None,0,531,2008-04-17T07:40:27,"Using imageworks/PCI:manually digitizing of glacier boundaries,adding some attri; 1. terrain corrected geocoding  2. normalized difference snow index (NDSI) to separate clouds, snowfree terrain and snow and ice surfaces  3. manual editing of glacierized",34,Austrian Alps,Universitaet Innsbruck,0,0,9,11,1,None,G011032E47105N,"Rott, Helmut","Rott, Helmut; Schicker, Irene; Schwaizer (nee Bippus), Gabriele",2003,GRIES,
glac_bound,1091403,G011032E47105N,2006-09-09T00:00:00,0.0,0.006872,0.0,0.0,0,0,0,0,2003-08-23T10:20:53,okay,Griesskogel Ferner,None,None,exists,None,0,531,2008-04-17T07:40:27,"Using imageworks/PCI:manually digitizing of glacier boundaries,adding some attri; 1. terrain corrected geocoding  2. normalized difference snow index (NDSI) to separate clouds, snowfree terrain and snow and ice surfaces  3. manual editing of glacierized",34,Austrian Alps,Universitaet Innsbruck,0,0,9,11,1,None,G011032E47105N,"Rott, Helmut","Rott, Helmut; Schicker, Irene; Schwaizer (nee Bippus), Gabriele",2003,GRIES,
glac_bound,1091404,G011032E47105N,2006-09-09T00:00:00,0.0,0.018003,0.0,0.0,0,0,0,0,2003-08-23T10:20:53,okay,Griesskogel Ferner,None,None,exists,None,0,531,2008-04-17T07:40:27,"Using imageworks/PCI:manually digitizing of glacier boundaries,adding some attri; 1. terrain corrected geocoding  2. normalized difference snow index (NDSI) to separate clouds, snowfree terrain and snow and ice surfaces  3. manual editing of glacierized",34,Austrian Alps,Universitaet Innsbruck,0,0,9,11,1,None,G011032E47105N,"Rott, Helmut","Rott, Helmut; Schicker, Irene; Schwaizer (nee Bippus), Gabriele",2003,GRIES,
glac_bound,1093461,G012037E47073N,2017-03-16T00:00:00,0.0,0.028789,0.0,0.0,0,0,0,0,2016-08-27T00:00:00,okay,"Griesbachjoch Kees N2,",None,None,exists,None,0,667,2019-02-15T00:00:00,"Advanced atmospheric and topographic correction of S2A scenes, automated pre-classification of glacier areas, manual correction of minor misclassifications and in debris covered areas;",34,Austrian Alps,Universitaet Innsbruck,0,0,9,11,1,None,G012043E47064N,"Schwaizer (nee Bippus), Gabriele","Nemec, Johanna; Schwaizer (nee Bippus), Gabriele",2016,GRIES,
glac_bound,1093460,G012040E47071N,2017-03-16T00:00:00,0.0,0.011293,0.0,0.0,0,0,0,0,2016-08-27T00:00:00,okay,"Griesbachjoch Kees N1,",None,None,exists,None,0,667,2019-02-15T00:00:00,"Advanced atmospheric and topographic correction of S2A scenes, automated pre-classification of glacier areas, manual correction of minor misclassifications and in debris covered areas;",34,Austrian Alps,Universitaet Innsbruck,0,0,9,11,1,None,G012040E47071N,"Schwaizer (nee Bippus), Gabriele","Nemec, Johanna; Schwaizer (nee Bippus), Gabriele",2016,GRIES,
glac_bound,1093462,G012043E47064N,2017-03-16T00:00:00,0.0,0.285353,0.0,0.0,0,0,0,0,2016-08-27T00:00:00,okay,Griesbachjoch Kees N1,None,None,exists,None,0,667,2019-02-15T00:00:00,"Advanced atmospheric and topographic correction of S2A scenes, automated pre-classification of glacier areas, manual correction of minor misclassifications and in debris covered areas;",34,Austrian Alps,Universitaet Innsbruck,0,0,9,11,1,None,G012043E47064N,"Schwaizer (nee Bippus), Gabriele","Nemec, Johanna; Schwaizer (nee Bippus), Gabriele",2016,GRIES,
glac_bound,1096066,G008868E46852N,2019-04-15T00:00:00,0.842341,0.843036,0.0,0.0,0,2137,2286,2609,2015-08-29T00:00:00,okay,Im Griess,None,A50J/06,exists,None,0,710,2019-04-15T09:00:00,Semi-automated glacier classification; The outlines are derived from 8 Sentinel 2 MSI tiles acquired in Aug. 2015.  Topographic information was derived semi-automatically from the 30 m ALOS AW3D30 DEM.,561,Various (GlobGlacier),University of Zurich-Irchel,0,0,9,11,1,None,G008868E46852N,"Paul, Frank","Azzoni, R.S.; Fugazza, D.; Le Bris, Raymond; Nemec, J.; Paul, Frank; Rabatel, Antoine; Ramusovic, M.; Rastner, Philipp; Schaub, Yvonne; Schwaizer (nee Bippus), Gabriele",2015,GRIES,
glac_bound,1096067,G008868E46852N,2019-04-15T00:00:00,0.842341,0.074413,0.0,0.0,0,2137,2286,2609,2015-08-29T00:00:00,okay,Im Griess,None,A50J/06,exists,None,0,710,2019-04-15T09:00:00,Semi-automated glacier classification; The outlines are derived from 8 Sentinel 2 MSI tiles acquired in Aug. 2015.  Topographic information was derived semi-automatically from the 30 m ALOS AW3D30 DEM.,561,Various (GlobGlacier),University of Zurich-Irchel,0,0,9,11,1,None,G008868E46852N,"Paul, Frank","Azzoni, R.S.; Fugazza, D.; Le Bris, Raymond; Nemec, J.; Paul, Frank; Rabatel, Antoine; Ramusovic, M.; Rastner, Philipp; Schaub, Yvonne; Schwaizer (nee Bippus), Gabriele",2015,GRIES,
glac_bound,1096458,G012040E47071N,2019-04-15T00:00:00,0.0113,0.011293,0.0,0.0,0,2865,2913,2961,2016-08-27T00:00:00,okay,"Griesbachjoch Kees N1,",None,None,exists,None,0,710,2019-04-15T09:00:00,Semi-automated glacier classification; The outlines are derived from 8 Sentinel 2 MSI tiles acquired in Aug. 2015.  Topographic information was derived semi-automatically from the 30 m ALOS AW3D30 DEM.,561,Various (GlobGlacier),University of Zurich-Irchel,0,0,9,11,1,None,G012040E47071N,"Paul, Frank","Azzoni, R.S.; Fugazza, D.; Le Bris, Raymond; Nemec, J.; Paul, Frank; Rabatel, Antoine; Ramusovic, M.; Rastner, Philipp; Schaub, Yvonne; Schwaizer (nee Bippus), Gabriele",2016,GRIES,
glac_bound,1096460,G012043E47064N,2019-04-15T00:00:00,0.0113,0.277247,0.0,0.0,0,2865,2913,2961,2016-08-27T00:00:00,okay,Griesbachjoch Kees N1,None,None,exists,None,0,710,2019-04-15T09:00:00,Semi-automated glacier classification; The outlines are derived from 8 Sentinel 2 MSI tiles acquired in Aug. 2015.  Topographic information was derived semi-automatically from the 30 m ALOS AW3D30 DEM.,561,Various (GlobGlacier),University of Zurich-Irchel,0,0,9,11,1,None,G012043E47064N,"Paul, Frank","Azzoni, R.S.; Fugazza, D.; Le Bris, Raymond; Nemec, J.; Paul, Frank; Rabatel, Antoine; Ramusovic, M.; Rastner, Philipp; Schaub, Yvonne; Schwaizer (nee Bippus), Gabriele",2016,GRIES,
glac_bound,1096757,G008816E46833N,2019-04-15T00:00:00,0.402484,0.116739,0.0,0.0,0,2269,2412,2578,2015-08-29T00:00:00,okay,Griessgletscher (Unterschächen),None,A51C/02,exists,None,0,710,2019-04-15T09:00:00,Semi-automated glacier classification; The outlines are derived from 8 Sentinel 2 MSI tiles acquired in Aug. 2015.  Topographic information was derived semi-automatically from the 30 m ALOS AW3D30 DEM.,561,Various (GlobGlacier),University of Zurich-Irchel,0,0,9,11,1,None,G008816E46833N,"Paul, Frank","Azzoni, R.S.; Fugazza, D.; Le Bris, Raymond; Nemec, J.; Paul, Frank; Rabatel, Antoine; Ramusovic, M.; Rastner, Philipp; Schaub, Yvonne; Schwaizer (nee Bippus), Gabriele",2015,GRIES,
glac_bound,1096758,G008816E46833N,2019-04-15T00:00:00,0.402484,0.402806,0.0,0.0,0,2269,2412,2578,2015-08-29T00:00:00,okay,Griessgletscher (Unterschächen),None,A51C/02,exists,None,0,710,2019-04-15T09:00:00,Semi-automated glacier classification; The outlines are derived from 8 Sentinel 2 MSI tiles acquired in Aug. 2015.  Topographic information was derived semi-automatically from the 30 m ALOS AW3D30 DEM.,561,Various (GlobGlacier),University of Zurich-Irchel,0,0,9,11,1,None,G008816E46833N,"Paul, Frank","Azzoni, R.S.; Fugazza, D.; Le Bris, Raymond; Nemec, J.; Paul, Frank; Rabatel, Antoine; Ramusovic, M.; Rastner, Philipp; Schaub, Yvonne; Schwaizer (nee Bippus), Gabriele",2015,GRIES,
glac_bound,1096854,G007992E46205N,2019-04-15T00:00:00,0.0128,0.012803,0.0,0.0,0,2779,2828,2877,2015-08-29T00:00:00,okay,Griessernuhorn,None,C03/04,exists,None,0,710,2019-04-15T09:00:00,Semi-automated glacier classification; The outlines are derived from 8 Sentinel 2 MSI tiles acquired in Aug. 2015.  Topographic information was derived semi-automatically from the 30 m ALOS AW3D30 DEM.,561,Various (GlobGlacier),University of Zurich-Irchel,0,0,9,11,1,None,G007992E46205N,"Paul, Frank","Azzoni, R.S.; Fugazza, D.; Le Bris, Raymond; Nemec, J.; Paul, Frank; Rabatel, Antoine; Ramusovic, M.; Rastner, Philipp; Schaub, Yvonne; Schwaizer (nee Bippus), Gabriele",2015,GRIES,
glac_bound,1096855,G007992E46205N,2019-04-15T00:00:00,0.0128,0.056345,0.0,0.0,0,2779,2828,2877,2015-08-29T00:00:00,okay,Griessernuhorn,None,C03/04,exists,None,0,710,2019-04-15T09:00:00,Semi-automated glacier classification; The outlines are derived from 8 Sentinel 2 MSI tiles acquired in Aug. 2015.  Topographic information was derived semi-automatically from the 30 m ALOS AW3D30 DEM.,561,Various (GlobGlacier),University of Zurich-Irchel,0,0,9,11,1,None,G007992E46205N,"Paul, Frank","Azzoni, R.S.; Fugazza, D.; Le Bris, Raymond; Nemec, J.; Paul, Frank; Rabatel, Antoine; Ramusovic, M.; Rastner, Philipp; Schaub, Yvonne; Schwaizer (nee Bippus), Gabriele",2015,GRIES,
glac_bound,1100653,G008816E46833N,2022-10-15T00:00:00,0.0,0.017006,0.0,0.0,0,0,0,0,2015-08-07T00:00:00,okay,Griessgletscher (Unterschächen),None,A51C/02,exists,None,0,820,2022-11-28T09:00:00,Semi-automated glacier classification.; Semi-automatic mapping from Landsat satellite images.,585,European Alps,Friedrich-Alexander University (FAU),0,0,9,11,1,None,G008816E46833N,"Bajracharya, Samjwal","Braun, Matthias H.; Lippl, Stefan; Malz, Philipp; Seehaus, Thorsten C.; Sommer, Christian; Zemp, Michael",2015,GRIES,
glac_bound,1100654,G008816E46833N,2022-10-15T00:00:00,0.0,0.015038,0.0,0.0,0,0,0,0,2015-08-07T00:00:00,okay,Griessgletscher (Unterschächen),None,A51C/02,exists,None,0,820,2022-11-28T09:00:00,Semi-automated glacier classification.; Semi-automatic mapping from Landsat satellite images.,585,European Alps,Friedrich-Alexander University (FAU),0,0,9,11,1,None,G008816E46833N,"Bajracharya, Samjwal","Braun, Matthias H.; Lippl, Stefan; Malz, Philipp; Seehaus, Thorsten C.; Sommer, Christian; Zemp, Michael",2015,GRIES,
glac_bound,1121715,G007992E46205N,2022-06-02T00:00:00,0.0,0.353874,0.0,0.0,0,0,0,0,1929-08-23T00:00:00,okay,Griessernuhorn,None,C03/04,exists,None,0,868,2022-06-02T09:00:00,Digitization from LK50 maps; see https://tc.copernicus.org/articles/16/3249/2022/,593,swiss alps,GLAMOS (Glacier Monitoring Switzerland),0,0,0,11,1,None,G007992E46205N,"Hodel, Elias","Hodel, Elias; Mannerfelt, Erik Schytt",1929,GRIES,
glac_bound,1121730,G007997E46193N,2022-06-02T00:00:00,0.0,0.679803,0.0,0.0,0,0,0,0,1929-08-23T00:00:00,okay,Griessernugletscher,None,C02/06,exists,None,0,868,2022-06-02T09:00:00,Digitization from LK50 maps; see https://tc.copernicus.org/articles/16/3249/2022/,593,swiss alps,GLAMOS (Glacier Monitoring Switzerland),0,0,0,11,1,None,G007997E46193N,"Hodel, Elias","Hodel, Elias; Mannerfelt, Erik Schytt",1929,GRIES,
glac_bound,1122198,G008319E46431N,2022-06-02T00:00:00,0.0,7.54138,0.0,0.0,0,0,0,0,1919-08-13T00:00:00,okay,Griesgletscher,None,B45/04,exists,None,0,868,2022-06-02T09:00:00,Digitization from LK50 maps; see https://tc.copernicus.org/articles/16/3249/2022/,593,swiss alps,GLAMOS (Glacier Monitoring Switzerland),0,0,0,11,1,None,G008319E46431N,"Hodel, Elias","Hodel, Elias; Mannerfelt, Erik Schytt",1919,GRIES,
glac_bound,1122374,G008482E46726N,2022-06-02T00:00:00,0.0,0.376195,0.0,0.0,0,0,0,0,1931-10-11T00:00:00,okay,Griessenfirn,None,A51F/35,exists,None,0,868,2022-06-02T09:00:00,Digitization from LK50 maps; see https://tc.copernicus.org/articles/16/3249/2022/,593,swiss alps,GLAMOS (Glacier Monitoring Switzerland),0,0,0,11,1,None,None,"Hodel, Elias","Hodel, Elias; Mannerfelt, Erik Schytt",1931,GRIES,
glac_bound,1122389,G008500E46841N,2022-06-02T00:00:00,0.0,1.64106,0.0,0.0,0,0,0,0,1940-10-24T00:00:00,okay,Griessengletscher (Engelberg),None,A51H/02,exists,None,0,868,2022-06-02T09:00:00,Digitization from LK50 maps; see https://tc.copernicus.org/articles/16/3249/2022/,593,swiss alps,GLAMOS (Glacier Monitoring Switzerland),0,0,0,11,1,None,G008500E46841N,"Hodel, Elias","Hodel, Elias; Mannerfelt, Erik Schytt",1940,GRIES,
glac_bound,1122423,G008522E46792N,2022-06-02T00:00:00,0.0,0.176768,0.0,0.0,0,0,0,0,1940-08-26T00:00:00,okay,Griesshubel,None,A51H/06,exists,None,0,868,2022-06-02T09:00:00,Digitization from LK50 maps; see https://tc.copernicus.org/articles/16/3249/2022/,593,swiss alps,GLAMOS (Glacier Monitoring Switzerland),0,0,0,11,1,None,G008522E46792N,"Hodel, Elias","Hodel, Elias; Mannerfelt, Erik Schytt",1940,GRIES,
glac_bound,1122477,G008592E46792N,2022-06-02T00:00:00,0.0,0.13248,0.0,0.0,0,0,0,0,1933-09-28T00:00:00,okay,Griesbrawen,None,A51G/01,exists,None,0,868,2022-06-02T09:00:00,Digitization from LK50 maps; see https://tc.copernicus.org/articles/16/3249/2022/,593,swiss alps,GLAMOS (Glacier Monitoring Switzerland),0,0,0,11,1,None,None,"Hodel, Elias","Hodel, Elias; Mannerfelt, Erik Schytt",1933,GRIES,
glac_bound,1122596,G008781E46817N,2022-06-02T00:00:00,0.0,0.058202,0.0,0.0,0,0,0,0,1936-08-31T00:00:00,okay,Griessgletscher,None,A51C/08,exists,None,0,868,2022-06-02T09:00:00,Digitization from LK50 maps; see https://tc.copernicus.org/articles/16/3249/2022/,593,swiss alps,GLAMOS (Glacier Monitoring Switzerland),0,0,0,11,1,None,G008781E46817N,"Hodel, Elias","Hodel, Elias; Mannerfelt, Erik Schytt",1936,GRIES,
glac_bound,1122612,G008806E46826N,2022-06-02T00:00:00,0.0,0.39935,0.0,0.0,0,0,0,0,1936-07-28T00:00:00,okay,Griessegen,None,A51C/05,exists,None,0,868,2022-06-02T09:00:00,Digitization from LK50 maps; see https://tc.copernicus.org/articles/16/3249/2022/,593,swiss alps,GLAMOS (Glacier Monitoring Switzerland),0,0,0,11,1,None,None,"Hodel, Elias","Hodel, Elias; Mannerfelt, Erik Schytt",1936,GRIES,
glac_bound,1122628,G008816E46833N,2022-06-02T00:00:00,0.0,2.99145,0.0,0.0,0,0,0,0,1936-08-27T00:00:00,okay,Griessgletscher (Unterschächen),None,A51C/02,exists,None,0,868,2022-06-02T09:00:00,Digitization from LK50 maps; see https://tc.copernicus.org/articles/16/3249/2022/,593,swiss alps,GLAMOS (Glacier Monitoring Switzerland),0,0,0,11,1,None,G008816E46833N,"Hodel, Elias","Hodel, Elias; Mannerfelt, Erik Schytt",1936,GRIES,
glac_bound,1122652,G008868E46852N,2022-06-02T00:00:00,0.0,1.99493,0.0,0.0,0,0,0,0,1935-07-24T00:00:00,okay,Im Griess,None,A50J/06,exists,None,0,868,2022-06-02T09:00:00,Digitization from LK50 maps; see https://tc.copernicus.org/articles/16/3249/2022/,593,swiss alps,GLAMOS (Glacier Monitoring Switzerland),0,0,0,11,1,None,G008868E46852N,"Hodel, Elias","Hodel, Elias; Mannerfelt, Erik Schytt",1935,GRIES,
glac_bound,1124146,G007991E46204N,2022-06-02T00:00:00,0.0,0.018178,0.0,0.0,0,0,0,0,2017-09-01T00:00:00,okay,Griessernuhorn,None,None,exists,None,0,869,2022-06-02T09:00:00,Digitizaiton of glaciers in aerial imagery;,593,swiss alps,GLAMOS (Glacier Monitoring Switzerland),0,0,0,11,1,None,G007992E46205N,"Hodel, Elias","Bauder, Andreas; Hodel, Elias; Huss, Matthias; Linsbauer, Andreas",2017,GRIES,
glac_bound,1124161,G007997E46193N,2022-06-02T00:00:00,0.0,0.361421,0.0,0.0,0,0,0,0,2017-09-01T00:00:00,okay,Griessernugletscher,None,C02/06,exists,None,0,869,2022-06-02T09:00:00,Digitizaiton of glaciers in aerial imagery;,593,swiss alps,GLAMOS (Glacier Monitoring Switzerland),0,0,0,11,1,None,G007997E46193N,"Hodel, Elias","Bauder, Andreas; Hodel, Elias; Huss, Matthias; Linsbauer, Andreas",2017,GRIES,
glac_bound,1124158,G007992E46205N,2022-06-02T00:00:00,0.0,0.061396,0.0,0.0,0,0,0,0,2017-09-01T00:00:00,okay,Griessernuhorn,None,C03/04,exists,None,0,869,2022-06-02T09:00:00,Digitizaiton of glaciers in aerial imagery;,593,swiss alps,GLAMOS (Glacier Monitoring Switzerland),0,0,0,11,1,None,G007992E46205N,"Hodel, Elias","Bauder, Andreas; Hodel, Elias; Huss, Matthias; Linsbauer, Andreas",2017,GRIES,
glac_bound,1124435,G008306E46433N,2022-06-02T00:00:00,0.0,0.016422,0.0,0.0,0,0,0,0,2017-09-01T00:00:00,okay,Griesgletscher W (Goms),None,None,exists,None,0,869,2022-06-02T09:00:00,Digitizaiton of glaciers in aerial imagery;,593,swiss alps,GLAMOS (Glacier Monitoring Switzerland),0,0,0,11,1,None,G008311E46433N,"Hodel, Elias","Bauder, Andreas; Hodel, Elias; Huss, Matthias; Linsbauer, Andreas",2017,GRIES,
glac_bound,1124451,G008319E46431N,2022-06-02T00:00:00,0.0,4.59567,0.0,0.0,0,0,0,0,2017-09-01T00:00:00,okay,Griesgletscher,None,B45/04,exists,None,0,869,2022-06-02T09:00:00,Digitizaiton of glaciers in aerial imagery;,593,swiss alps,GLAMOS (Glacier Monitoring Switzerland),0,0,0,11,1,None,G008319E46431N,"Hodel, Elias","Bauder, Andreas; Hodel, Elias; Huss, Matthias; Linsbauer, Andreas",2017,GRIES,
glac_bound,1124630,G008482E46726N,2022-06-02T00:00:00,0.0,0.226778,0.0,0.0,0,0,0,0,2016-09-01T00:00:00,okay,Griessenfirn,None,A51F/35,exists,None,0,869,2022-06-02T09:00:00,Digitizaiton of glaciers in aerial imagery;,593,swiss alps,GLAMOS (Glacier Monitoring Switzerland),0,0,0,11,1,None,None,"Hodel, Elias","Bauder, Andreas; Hodel, Elias; Huss, Matthias; Linsbauer, Andreas",2016,GRIES,
glac_bound,1124645,G008500E46841N,2022-06-02T00:00:00,0.0,0.650862,0.0,0.0,0,0,0,0,2013-09-01T00:00:00,okay,Griessengletscher (Engelberg),None,A51H/02,exists,None,0,869,2022-06-02T09:00:00,Digitizaiton of glaciers in aerial imagery;,593,swiss alps,GLAMOS (Glacier Monitoring Switzerland),0,0,0,11,1,None,G008500E46841N,"Hodel, Elias","Bauder, Andreas; Hodel, Elias; Huss, Matthias; Linsbauer, Andreas",2013,GRIES,
glac_bound,1124649,G008499E46846N,2022-06-02T00:00:00,0.0,0.217081,0.0,0.0,0,0,0,0,2013-09-01T00:00:00,okay,Griessengletscher (Engelberg),None,None,exists,None,0,869,2022-06-02T09:00:00,Digitizaiton of glaciers in aerial imagery;,593,swiss alps,GLAMOS (Glacier Monitoring Switzerland),0,0,0,11,1,None,G008500E46841N,"Hodel, Elias","Bauder, Andreas; Hodel, Elias; Huss, Matthias; Linsbauer, Andreas",2013,GRIES,
glac_bound,1124673,G008522E46792N,2022-06-02T00:00:00,0.0,0.036652,0.0,0.0,0,0,0,0,2013-09-01T00:00:00,okay,Griesshubel,None,A51H/06,exists,None,0,869,2022-06-02T09:00:00,Digitizaiton of glaciers in aerial imagery;,593,swiss alps,GLAMOS (Glacier Monitoring Switzerland),0,0,0,11,1,None,G008522E46792N,"Hodel, Elias","Bauder, Andreas; Hodel, Elias; Huss, Matthias; Linsbauer, Andreas",2013,GRIES,
glac_bound,1124708,G008587E46791N,2022-06-02T00:00:00,0.0,0.01445,0.0,0.0,0,0,0,0,2013-09-01T00:00:00,okay,Griesbrawen,None,None,exists,None,0,869,2022-06-02T09:00:00,Digitizaiton of glaciers in aerial imagery;,593,swiss alps,GLAMOS (Glacier Monitoring Switzerland),0,0,0,11,1,None,G008592E46792N,"Hodel, Elias","Bauder, Andreas; Hodel, Elias; Huss, Matthias; Linsbauer, Andreas",2013,GRIES,
glac_bound,1124710,G008592E46792N,2022-06-02T00:00:00,0.0,0.030107,0.0,0.0,0,0,0,0,2013-09-01T00:00:00,okay,Griesbrawen,None,A51G/01,exists,None,0,869,2022-06-02T09:00:00,Digitizaiton of glaciers in aerial imagery;,593,swiss alps,GLAMOS (Glacier Monitoring Switzerland),0,0,0,11,1,None,None,"Hodel, Elias","Bauder, Andreas; Hodel, Elias; Huss, Matthias; Linsbauer, Andreas",2013,GRIES,
glac_bound,1124767,G008781E46817N,2022-06-02T00:00:00,0.0,0.079022,0.0,0.0,0,0,0,0,2013-09-01T00:00:00,okay,Griessgletscher,None,A51C/08,exists,None,0,869,2022-06-02T09:00:00,Digitizaiton of glaciers in aerial imagery;,593,swiss alps,GLAMOS (Glacier Monitoring Switzerland),0,0,0,11,1,None,G008781E46817N,"Hodel, Elias","Bauder, Andreas; Hodel, Elias; Huss, Matthias; Linsbauer, Andreas",2013,GRIES,
glac_bound,1124781,G008806E46826N,2022-06-02T00:00:00,0.0,0.349559,0.0,0.0,0,0,0,0,2013-09-01T00:00:00,okay,Griessegen,None,A51C/05,exists,None,0,869,2022-06-02T09:00:00,Digitizaiton of glaciers in aerial imagery;,593,swiss alps,GLAMOS (Glacier Monitoring Switzerland),0,0,0,11,1,None,None,"Hodel, Elias","Bauder, Andreas; Hodel, Elias; Huss, Matthias; Linsbauer, Andreas",2013,GRIES,
glac_bound,1124787,G008816E46833N,2022-06-02T00:00:00,0.0,0.911089,0.0,0.0,0,0,0,0,2013-09-01T00:00:00,okay,Griessgletscher (Unterschächen),None,A51C/02,exists,None,0,869,2022-06-02T09:00:00,Digitizaiton of glaciers in aerial imagery;,593,swiss alps,GLAMOS (Glacier Monitoring Switzerland),0,0,0,11,1,None,G008816E46833N,"Hodel, Elias","Bauder, Andreas; Hodel, Elias; Huss, Matthias; Linsbauer, Andreas",2013,GRIES,
glac_bound,1124802,G008836E46834N,2022-06-02T00:00:00,0.0,0.591233,0.0,0.0,0,0,0,0,2013-09-01T00:00:00,okay,Griessgletscher (Unterschächen),None,A51C/01,exists,None,0,869,2022-06-02T09:00:00,Digitizaiton of glaciers in aerial imagery;,593,swiss alps,GLAMOS (Glacier Monitoring Switzerland),0,0,0,11,1,None,G008836E46834N,"Hodel, Elias","Bauder, Andreas; Hodel, Elias; Huss, Matthias; Linsbauer, Andreas",2013,GRIES,
glac_bound,1124806,G008835E46833N,2022-06-02T00:00:00,0.0,0.579862,0.0,0.0,0,0,0,0,2013-09-01T00:00:00,okay,Griessgletscher (Unterschächen),None,None,exists,None,0,869,2022-06-02T09:00:00,Digitizaiton of glaciers in aerial imagery;,593,swiss alps,GLAMOS (Glacier Monitoring Switzerland),0,0,0,11,1,None,None,"Hodel, Elias","Bauder, Andreas; Hodel, Elias; Huss, Matthias; Linsbauer, Andreas",2013,GRIES,
glac_bound,1124818,G008868E46852N,2022-06-02T00:00:00,0.0,1.09944,0.0,0.0,0,0,0,0,2013-09-01T00:00:00,okay,Im Griess,None,A50J/06,exists,None,0,869,2022-06-02T09:00:00,Digitizaiton of glaciers in aerial imagery;,593,swiss alps,GLAMOS (Glacier Monitoring Switzerland),0,0,0,11,1,None,G008868E46852N,"Hodel, Elias","Bauder, Andreas; Hodel, Elias; Huss, Matthias; Linsbauer, Andreas",2013,GRIES,
glac_bound,1124827,G008867E46851N,2022-06-02T00:00:00,0.0,0.105688,0.0,0.0,0,0,0,0,2013-09-01T00:00:00,okay,Im Griess,None,None,exists,None,0,869,2022-06-02T09:00:00,Digitizaiton of glaciers in aerial imagery;,593,swiss alps,GLAMOS (Glacier Monitoring Switzerland),0,0,0,11,1,None,None,"Hodel, Elias","Bauder, Andreas; Hodel, Elias; Huss, Matthias; Linsbauer, Andreas",2013,GRIES,
glac_bound,166618,G010084E46850N,2013-05-28T00:00:00,2.67937,2.68279,0.0,3287.0,0,2474,2782,3076,2009-09-15T00:00:00,okay,Silvrettagletscher,None,45,exists,None,0,579,2013-06-03T11:00:00,"SwissImage L2 aerial orthophotos, manual digitization; Glacier outlines were digitized manually from high-resolution aerial photography (swissimage level 2; 50cm resolution) acquired in september 2008 (34 glaciers); 2009(354 glaciers); 2010 (708 glaciers",571,Swiss Alps,University of Fribourg,0,0,9,11,1,None,G010084E46850N,"Fischer, Mauro","Fischer, Mauro",2009,SILVRETTA,
glac_bound,334053,G010084E46850N,2010-06-01T00:00:00,2.878,2.87993,0.0,0.0,0,2478,2786,3104,2003-08-06T00:00:00,okay,Silvrettagletscher,None,45,exists,None,0,593,2016-02-01T09:00:00,"All glaciers are classified in the main processing stage with a thresholded ratio image and an additional threshold to provide the classification in shadow regions (e.g. Paul and Kaeaeb, 2005); All glaciers are classified in the main processing stage wit",30,European Alps,University of Zurich-Irchel,0,0,9,11,1,None,G010084E46850N,"Paul, Frank","Paul, Frank",2003,SILVRETTA,
glac_bound,338775,G010084E46850N,1992-06-01T00:00:00,4575720.0,4.57563,0.0,0.0,0,0,0,0,1850-09-01T00:00:00,okay,Silvrettagletscher,None,45,exists,None,0,595,2016-02-01T09:00:00,"Field and aerial photo reconstruction + Siegfried map, transfer to topographic map (1:25000). Manual digitization from transparent paper with topo map in bakcground, using ArcInfo and ArcGIS, Swiss coordinate system; Field and aerial photo reconstruction",30,European Alps,University of Zurich-Irchel,0,0,9,11,1,None,G010084E46850N,"Paul, Frank","Maisch, Max",1850,SILVRETTA,
glac_bound,340847,G010084E46850N,2008-01-01T00:00:00,2.6828,2.68276,0.0,0.0,0,2474,0,3076,2008-09-30T00:00:00,okay,Silvrettagletscher,None,45,exists,None,0,596,2016-02-01T09:00:00,Glacier outlines were digitized manually in ArcGIS based on SWISSIMAGE Level 2. Glacier polygons were coded and named according the outlines of 1973.; Glacier outlines were digitized manually in ArcGIS based on SWISSIMAGE Level 2 (swisstopo) imagery.,571,Swiss Alps,University of Fribourg,0,0,9,11,1,None,G010084E46850N,"Fischer, Mauro","Fischer, Mauro",2008,SILVRETTA,
glac_bound,341648,G010084E46850N,2000-09-01T00:00:00,0.00035,2.93941,0.0,0.0,0,0,0,0,1999-09-12T00:00:00,okay,Silvrettagletscher,None,45,exists,None,0,598,2016-02-01T09:00:00,The 1999 extents are derived from Landsat imagery (TM4/5 ratio images with manual corrections) and  the 1973 extend used as a guide; The 1999 extents are derived from Landsat imagery TM4/5. Water was removed manually and wrongly classified regions (detac,30,European Alps,University of Zurich-Irchel,0,0,9,11,1,None,G010084E46850N,"Paul, Frank","Paul, Frank",1999,SILVRETTA,
glac_bound,343652,G010084E46850N,1995-06-01T00:00:00,0.000384,3.25368,0.0,0.0,0,0,0,0,1973-09-01T00:00:00,okay,Silvrettagletscher,None,45,exists,None,0,599,2016-02-01T09:00:00,Southwest Switzerland: outlines were directly transferred from aerial photography to 1:25000 topo maps.; The outlines were directly transferred and digitized from aerial photography to 1:25000 topo maps. In September 1973 favorable conditions for glacier,30,European Alps,University of Zurich-Irchel,0,0,9,11,1,None,G010084E46850N,"Maisch, Max","Benz, Christof; Wipf, Andreas",1973,SILVRETTA,
glac_bound,709276,G010084E46850N,2019-04-15T00:00:00,2.51393,2.51552,0.0,0.0,0,2514,2794,3089,2015-08-26T00:00:00,okay,Silvrettagletscher,None,45,exists,None,0,710,2019-04-15T09:00:00,Semi-automated glacier classification; The outlines are derived from 8 Sentinel 2 MSI tiles acquired in Aug. 2015.  Topographic information was derived semi-automatically from the 30 m ALOS AW3D30 DEM.,561,Various (GlobGlacier),University of Zurich-Irchel,0,0,9,11,1,None,G010084E46850N,"Paul, Frank","Azzoni, R.S.; Fugazza, D.; Le Bris, Raymond; Nemec, J.; Paul, Frank; Rabatel, Antoine; Ramusovic, M.; Rastner, Philipp; Schaub, Yvonne; Schwaizer (nee Bippus), Gabriele",2015,SILVRETTA,
glac_bound,755146,G010084E46850N,2021-09-01T00:00:00,2.87809,2.87993,0.0,0.0,0,2489,2788,3121,2003-07-30T00:00:00,okay,Silvrettagletscher,None,45,exists,None,0,731,2021-10-09T09:00:00,Semi-automated glacier classification; The outlines are derived from 11 Landsat scenes acquired in 2003.,30,European Alps,University of Zurich-Irchel,0,0,9,11,1,None,G010084E46850N,"Paul, Frank","Frey, Holger; Le Bris, Raymond; Paul, Frank; Rastner, Philipp",2003,SILVRETTA,
glac_bound,1031157,G010084E46850N,2022-10-15T00:00:00,0.0,2.9542,0.0,0.0,0,0,0,0,1999-09-12T00:00:00,okay,Silvrettagletscher,None,45,exists,None,0,818,2022-11-28T09:00:00,Semi-automated glacier classification.; Semi-automatic mapping from Landsat satellite images.,585,European Alps,Friedrich-Alexander University (FAU),0,0,9,11,1,None,G010084E46850N,"Bajracharya, Samjwal","Braun, Matthias H.; Lippl, Stefan; Malz, Philipp; Seehaus, Thorsten C.; Sommer, Christian; Zemp, Michael",1999,SILVRETTA,
glac_bound,1099867,G010084E46850N,2022-10-15T00:00:00,0.0,2.41379,0.0,0.0,0,0,0,0,2011-08-21T00:00:00,okay,Silvrettagletscher,None,45,exists,None,0,819,2022-11-28T09:00:00,Semi-automated glacier classification.; Semi-automatic mapping from Landsat satellite images.,585,European Alps,Friedrich-Alexander University (FAU),0,0,9,11,1,None,G010084E46850N,"Bajracharya, Samjwal","Braun, Matthias H.; Lippl, Stefan; Malz, Philipp; Seehaus, Thorsten C.; Sommer, Christian; Zemp, Michael",2011,SILVRETTA,
glac_bound,1099868,G010084E46850N,2022-10-15T00:00:00,0.0,0.012422,0.0,0.0,0,0,0,0,2011-08-21T00:00:00,okay,Silvrettagletscher,None,45,exists,None,0,819,2022-11-28T09:00:00,Semi-automated glacier classification.; Semi-automatic mapping from Landsat satellite images.,585,European Alps,Friedrich-Alexander University (FAU),0,0,9,11,1,None,G010084E46850N,"Bajracharya, Samjwal","Braun, Matthias H.; Lippl, Stefan; Malz, Philipp; Seehaus, Thorsten C.; Sommer, Christian; Zemp, Michael",2011,SILVRETTA,
glac_bound,1100642,G010084E46850N,2022-10-15T00:00:00,0.0,2.39905,0.0,0.0,0,0,0,0,2015-08-07T00:00:00,okay,Silvrettagletscher,None,45,exists,None,0,820,2022-11-28T09:00:00,Semi-automated glacier classification.; Semi-automatic mapping from Landsat satellite images.,585,European Alps,Friedrich-Alexander University (FAU),0,0,9,11,1,None,G010084E46850N,"Bajracharya, Samjwal","Braun, Matthias H.; Lippl, Stefan; Malz, Philipp; Seehaus, Thorsten C.; Sommer, Christian; Zemp, Michael",2015,SILVRETTA,
glac_bound,1100643,G010084E46850N,2022-10-15T00:00:00,0.0,0.015688,0.0,0.0,0,0,0,0,2015-08-07T00:00:00,okay,Silvrettagletscher,None,45,exists,None,0,820,2022-11-28T09:00:00,Semi-automated glacier classification.; Semi-automatic mapping from Landsat satellite images.,585,European Alps,Friedrich-Alexander University (FAU),0,0,9,11,1,None,G010084E46850N,"Bajracharya, Samjwal","Braun, Matthias H.; Lippl, Stefan; Malz, Philipp; Seehaus, Thorsten C.; Sommer, Christian; Zemp, Michael",2015,SILVRETTA,
glac_bound,1123300,G010084E46850N,2022-06-02T00:00:00,0.0,3.45539,0.0,0.0,0,0,0,0,1938-08-05T00:00:00,okay,Silvrettagletscher,None,45,exists,None,0,868,2022-06-02T09:00:00,Digitization from LK50 maps; see https://tc.copernicus.org/articles/16/3249/2022/,593,swiss alps,GLAMOS (Glacier Monitoring Switzerland),0,0,0,11,1,None,G010084E46850N,"Hodel, Elias","Hodel, Elias; Mannerfelt, Erik Schytt",1938,SILVRETTA,
glac_bound,1125209,G010084E46850N,2022-06-02T00:00:00,0.0,2.66545,0.0,0.0,0,0,0,0,2014-09-01T00:00:00,okay,Silvrettagletscher,None,45,exists,None,0,869,2022-06-02T09:00:00,Digitizaiton of glaciers in aerial imagery;,593,swiss alps,GLAMOS (Glacier Monitoring Switzerland),0,0,0,11,1,None,G010084E46850N,"Hodel, Elias","Bauder, Andreas; Hodel, Elias; Huss, Matthias; Linsbauer, Andreas",2014,SILVRETTA,
glac_bound,714214,G000632E42652N,2020-05-14T00:00:00,0.061,0.06129,0.0,0.0,0,2956,0,3162,2000-09-09T00:00:00,okay,Maladeta W,None,None,exists,None,0,715,2020-05-27T09:00:00,Manual digitization; Manual digitization of glacier outlines from imagery,35,Pyrenees,Instituto Pirenaico de Ecologia (CSIC); Institute of Pyrenees Ecology,0,0,9,11,2,None,None,"Izagirre, Eñaut","Izagirre, Eñaut",2000,MALADETA,
glac_bound,714213,G000638E42651N,2020-05-14T00:00:00,0.325,0.329335,0.0,0.0,0,2857,0,3193,2000-09-09T00:00:00,okay,Maladeta E,None,None,exists,None,0,715,2020-05-27T09:00:00,Manual digitization; Manual digitization of glacier outlines from imagery,35,Pyrenees,Instituto Pirenaico de Ecologia (CSIC); Institute of Pyrenees Ecology,0,0,9,11,2,None,None,"Izagirre, Eñaut","Izagirre, Eñaut",2000,MALADETA,
glac_bound,121322,G006974E45585N,2013-03-25T00:00:00,0.1566,0.156687,0.0,504.912,0,2883,2929,3004,2003-08-13T00:00:00,okay,de l'Argentière,F4N01144B24,None,exists,None,0,568,2013-12-25T14:08:34,Manual adjustment of the 1985 contour lines for each individual glacier; This submission concerns the glacier outlines in 2003. The shapefiles resulting from the 1985 delineation have been overlaid on the 2003 images displayed with a band combination ass,33,French Alps,Laboratoire de Glaciologie et Géophysique de l'Environnement (LGGE),0,0,9,11,1,None,G006974E45585N,"Rabatel, Antoine","Rabatel, Antoine",2003,ARGENTIÈRE,
glac_bound,121373,G006985E45951N,2013-03-25T00:00:00,13.9383,13.7274,0.0,9201.2,0,1490,2689,3741,2003-08-13T00:00:00,okay,de l'Argentière,F4N01235A08,None,exists,None,0,568,2013-12-25T14:08:34,Manual adjustment of the 1985 contour lines for each individual glacier; This submission concerns the glacier outlines in 2003. The shapefiles resulting from the 1985 delineation have been overlaid on the 2003 images displayed with a band combination ass,33,French Alps,Laboratoire de Glaciologie et Géophysique de l'Environnement (LGGE),0,0,9,11,1,None,G006985E45951N,"Rabatel, Antoine","Rabatel, Antoine",2003,ARGENTIÈRE,
glac_bound,121858,G006974E45585N,2013-03-20T00:00:00,0.291297,0.284721,0.0,628.041,0,2871,2949,3055,1986-10-17T00:00:00,okay,de l'Argentière,F4N01144B24,None,exists,None,0,569,2013-12-25T14:01:59,"Automatic delineation using combination of SWIR, NIR, and GREEN; individual checking and manual corrections when necessary; First, NDSI was calculated on the images.  From the resulting maps, glacier outlines were extracted.  Second, the shapefiles resul",33,French Alps,Laboratoire de Glaciologie et Géophysique de l'Environnement (LGGE),0,0,9,11,1,None,G006974E45585N,"Rabatel, Antoine","Rabatel, Antoine",1986,ARGENTIÈRE,
glac_bound,121704,G006134E45248N,2013-03-20T00:00:00,0.226786,0.226692,0.0,741.431,0,2537,2692,2813,1985-09-28T00:00:00,okay,de l'Argentière,F4N01154E01,None,exists,None,0,569,2013-12-25T14:01:59,"Automatic delineation using combination of SWIR, NIR, and GREEN; individual checking and manual corrections when necessary; First, NDSI was calculated on the images.  From the resulting maps, glacier outlines were extracted.  Second, the shapefiles resul",33,French Alps,Laboratoire de Glaciologie et Géophysique de l'Environnement (LGGE),0,0,9,11,1,None,G006134E45248N,"Rabatel, Antoine","Rabatel, Antoine",1985,ARGENTIÈRE,
glac_bound,121909,G006985E45951N,2013-03-20T00:00:00,14.5914,14.4355,0.0,9368.39,0,1479,2663,3741,1986-10-17T00:00:00,okay,de l'Argentière,F4N01235A08,None,exists,None,0,569,2013-12-25T14:01:59,"Automatic delineation using combination of SWIR, NIR, and GREEN; individual checking and manual corrections when necessary; First, NDSI was calculated on the images.  From the resulting maps, glacier outlines were extracted.  Second, the shapefiles resul",33,French Alps,Laboratoire de Glaciologie et Géophysique de l'Environnement (LGGE),0,0,9,11,1,None,G006985E45951N,"Rabatel, Antoine","Rabatel, Antoine",1986,ARGENTIÈRE,
glac_bound,329359,G006985E45951N,2010-06-01T00:00:00,11.737,11.7392,0.0,0.0,0,1676,2825,4076,2003-08-13T00:00:00,okay,de l'Argentière,F4N01235A08,None,exists,None,0,593,2016-02-01T09:00:00,"All glaciers are classified in the main processing stage with a thresholded ratio image and an additional threshold to provide the classification in shadow regions (e.g. Paul and Kaeaeb, 2005); All glaciers are classified in the main processing stage wit",30,European Alps,University of Zurich-Irchel,0,0,9,11,1,None,G006985E45951N,"Paul, Frank","Paul, Frank",2003,ARGENTIÈRE,
glac_bound,328489,G006134E45248N,2010-06-01T00:00:00,0.067,0.066535,0.0,0.0,0,2609,2701,2765,2003-09-21T00:00:00,okay,de l'Argentière,F4N01154E01,None,exists,None,0,593,2016-02-01T09:00:00,"All glaciers are classified in the main processing stage with a thresholded ratio image and an additional threshold to provide the classification in shadow regions (e.g. Paul and Kaeaeb, 2005); All glaciers are classified in the main processing stage wit",30,European Alps,University of Zurich-Irchel,0,0,9,11,1,None,G006134E45248N,"Paul, Frank","Paul, Frank",2003,ARGENTIÈRE,
glac_bound,329352,G006974E45585N,2010-06-01T00:00:00,0.014,0.014408,0.0,0.0,0,2886,2900,2917,2003-08-13T00:00:00,okay,de l'Argentière,F4N01144B24,None,exists,None,0,593,2016-02-01T09:00:00,"All glaciers are classified in the main processing stage with a thresholded ratio image and an additional threshold to provide the classification in shadow regions (e.g. Paul and Kaeaeb, 2005); All glaciers are classified in the main processing stage wit",30,European Alps,University of Zurich-Irchel,0,0,9,11,1,None,G006974E45585N,"Paul, Frank","Paul, Frank",2003,ARGENTIÈRE,
glac_bound,509070,G006985E45951N,2016-09-01T00:00:00,0.0,15.5889,0.0,0.0,0,1579,0,4095,1967-01-01T00:00:00,okay,de l'Argentière,F4N01235A08,None,exists,None,0,641,2016-07-05T09:00:00,"; The glacier inventory was developed from orthophotos and satellite imagery.  See Gardent, M., A. Rabatel, J.P. Dedieu, P. Deline (2014). Multitemporal glacier inventory of the French Alps from the late 1960s to the late 2000s.  Global and Planetary Cha",33,French Alps,Laboratoire de Glaciologie et Géophysique de l'Environnement (LGGE),0,0,9,11,1,None,G006985E45951N,"Rabatel, Antoine","Antoine, Rabatel",1967,ARGENTIÈRE,
glac_bound,508535,G006974E45585N,2016-09-01T00:00:00,0.0,0.268073,0.0,0.0,0,2875,0,3067,2004-06-25T00:00:00,okay,de l'Argentière,F4N01144B24,None,exists,None,0,640,2016-07-05T09:00:00,"; The glacier inventory was developed from orthophotos and satellite imagery.  See Gardent, M., A. Rabatel, J.P. Dedieu, P. Deline (2014). Multitemporal glacier inventory of the French Alps from the late 1960s to the late 2000s.  Global and Planetary Cha",33,French Alps,Laboratoire de Glaciologie et Géophysique de l'Environnement (LGGE),0,0,9,11,1,None,G006974E45585N,"Rabatel, Antoine","Antoine, Rabatel",2004,ARGENTIÈRE,
glac_bound,508100,G006132E45245N,2016-09-01T00:00:00,0.0,0.019092,0.0,0.0,0,2739,0,2831,2004-06-25T00:00:00,okay,Glacier de  l'Argentière_2,None,None,exists,None,0,640,2016-07-05T09:00:00,"; The glacier inventory was developed from orthophotos and satellite imagery.  See Gardent, M., A. Rabatel, J.P. Dedieu, P. Deline (2014). Multitemporal glacier inventory of the French Alps from the late 1960s to the late 2000s.  Global and Planetary Cha",33,French Alps,Laboratoire de Glaciologie et Géophysique de l'Environnement (LGGE),0,0,9,11,1,None,G006134E45248N,"Rabatel, Antoine","Antoine, Rabatel",2004,ARGENTIÈRE,
glac_bound,508565,G007036E45948N,2016-09-01T00:00:00,0.0,0.026095,0.0,0.0,0,3502,0,3676,2004-06-25T00:00:00,okay,Glacier d'Argentière_2,None,None,exists,None,0,640,2016-07-05T09:00:00,"; The glacier inventory was developed from orthophotos and satellite imagery.  See Gardent, M., A. Rabatel, J.P. Dedieu, P. Deline (2014). Multitemporal glacier inventory of the French Alps from the late 1960s to the late 2000s.  Global and Planetary Cha",33,French Alps,Laboratoire de Glaciologie et Géophysique de l'Environnement (LGGE),0,0,9,11,1,None,G006985E45951N,"Rabatel, Antoine","Antoine, Rabatel",2004,ARGENTIÈRE,
glac_bound,508103,G006134E45248N,2016-09-01T00:00:00,0.0,0.092795,0.0,0.0,0,2571,0,2796,2004-06-25T00:00:00,okay,de l'Argentière,F4N01154E01,None,exists,None,0,640,2016-07-05T09:00:00,"; The glacier inventory was developed from orthophotos and satellite imagery.  See Gardent, M., A. Rabatel, J.P. Dedieu, P. Deline (2014). Multitemporal glacier inventory of the French Alps from the late 1960s to the late 2000s.  Global and Planetary Cha",33,French Alps,Laboratoire de Glaciologie et Géophysique de l'Environnement (LGGE),0,0,9,11,1,None,G006134E45248N,"Rabatel, Antoine","Antoine, Rabatel",2004,ARGENTIÈRE,
glac_bound,508537,G006985E45951N,2016-09-01T00:00:00,0.0,14.0127,0.0,0.0,0,1590,0,4096,2004-06-25T00:00:00,okay,de l'Argentière,F4N01235A08,None,exists,None,0,640,2016-07-05T09:00:00,"; The glacier inventory was developed from orthophotos and satellite imagery.  See Gardent, M., A. Rabatel, J.P. Dedieu, P. Deline (2014). Multitemporal glacier inventory of the French Alps from the late 1960s to the late 2000s.  Global and Planetary Cha",33,French Alps,Laboratoire de Glaciologie et Géophysique de l'Environnement (LGGE),0,0,9,11,1,None,G006985E45951N,"Rabatel, Antoine","Antoine, Rabatel",2004,ARGENTIÈRE,
glac_bound,508657,G006134E45248N,2016-09-01T00:00:00,0.0,0.297759,0.0,0.0,0,2440,0,2854,1970-01-01T00:00:00,okay,de l'Argentière,F4N01154E01,None,exists,None,0,641,2016-07-05T09:00:00,"; The glacier inventory was developed from orthophotos and satellite imagery.  See Gardent, M., A. Rabatel, J.P. Dedieu, P. Deline (2014). Multitemporal glacier inventory of the French Alps from the late 1960s to the late 2000s.  Global and Planetary Cha",33,French Alps,Laboratoire de Glaciologie et Géophysique de l'Environnement (LGGE),0,0,9,11,1,None,G006134E45248N,"Rabatel, Antoine","Antoine, Rabatel",1970,ARGENTIÈRE,
glac_bound,509067,G006974E45585N,2016-09-01T00:00:00,0.0,0.367399,0.0,0.0,0,2853,0,3088,1970-01-01T00:00:00,okay,de l'Argentière,F4N01144B24,None,exists,None,0,641,2016-07-05T09:00:00,"; The glacier inventory was developed from orthophotos and satellite imagery.  See Gardent, M., A. Rabatel, J.P. Dedieu, P. Deline (2014). Multitemporal glacier inventory of the French Alps from the late 1960s to the late 2000s.  Global and Planetary Cha",33,French Alps,Laboratoire de Glaciologie et Géophysique de l'Environnement (LGGE),0,0,9,11,1,None,G006974E45585N,"Rabatel, Antoine","Antoine, Rabatel",1970,ARGENTIÈRE,
glac_bound,706824,G006134E45248N,2019-04-15T00:00:00,0.040719,0.040703,0.0,0.0,0,2636,2728,2785,2015-08-29T00:00:00,okay,de l'Argentière,F4N01154E01,None,exists,None,0,710,2019-04-15T09:00:00,Semi-automated glacier classification; The outlines are derived from 8 Sentinel 2 MSI tiles acquired in Aug. 2015.  Topographic information was derived semi-automatically from the 30 m ALOS AW3D30 DEM.,561,Various (GlobGlacier),University of Zurich-Irchel,0,0,9,11,1,None,G006134E45248N,"Paul, Frank","Azzoni, R.S.; Fugazza, D.; Le Bris, Raymond; Nemec, J.; Paul, Frank; Rabatel, Antoine; Ramusovic, M.; Rastner, Philipp; Schaub, Yvonne; Schwaizer (nee Bippus), Gabriele",2015,ARGENTIÈRE,
glac_bound,707250,G006974E45585N,2019-04-15T00:00:00,0.04682,0.046833,0.0,0.0,0,2868,2919,3011,2015-08-29T00:00:00,okay,de l'Argentière,F4N01144B24,None,exists,None,0,710,2019-04-15T09:00:00,Semi-automated glacier classification; The outlines are derived from 8 Sentinel 2 MSI tiles acquired in Aug. 2015.  Topographic information was derived semi-automatically from the 30 m ALOS AW3D30 DEM.,561,Various (GlobGlacier),University of Zurich-Irchel,0,0,9,11,1,None,G006974E45585N,"Paul, Frank","Azzoni, R.S.; Fugazza, D.; Le Bris, Raymond; Nemec, J.; Paul, Frank; Rabatel, Antoine; Ramusovic, M.; Rastner, Philipp; Schaub, Yvonne; Schwaizer (nee Bippus), Gabriele",2015,ARGENTIÈRE,
glac_bound,753001,G006974E45585N,2021-09-01T00:00:00,0.187742,0.187773,0.0,0.0,0,2849,2898,2983,2003-08-13T00:00:00,okay,de l'Argentière,F4N01144B24,None,exists,None,0,731,2021-10-09T09:00:00,Semi-automated glacier classification; The outlines are derived from 11 Landsat scenes acquired in 2003.,30,European Alps,University of Zurich-Irchel,0,0,9,11,1,None,G006974E45585N,"Paul, Frank","Frey, Holger; Le Bris, Raymond; Paul, Frank; Rastner, Philipp",2003,ARGENTIÈRE,
glac_bound,752429,G006134E45248N,2021-09-01T00:00:00,0.128119,0.128062,0.0,0.0,0,2580,2693,2809,2003-08-13T00:00:00,okay,de l'Argentière,F4N01154E01,None,exists,None,0,731,2021-10-09T09:00:00,Semi-automated glacier classification; The outlines are derived from 11 Landsat scenes acquired in 2003.,30,European Alps,University of Zurich-Irchel,0,0,9,11,1,None,G006134E45248N,"Paul, Frank","Frey, Holger; Le Bris, Raymond; Paul, Frank; Rastner, Philipp",2003,ARGENTIÈRE,
glac_bound,753003,G006985E45951N,2021-09-01T00:00:00,14.2538,14.2568,0.0,0.0,0,1474,2856,4115,2003-08-13T00:00:00,okay,de l'Argentière,F4N01235A08,None,exists,None,0,731,2021-10-09T09:00:00,Semi-automated glacier classification; The outlines are derived from 11 Landsat scenes acquired in 2003.,30,European Alps,University of Zurich-Irchel,0,0,9,11,1,None,G006985E45951N,"Paul, Frank","Frey, Holger; Le Bris, Raymond; Paul, Frank; Rastner, Philipp",2003,ARGENTIÈRE,
glac_bound,1028775,G006134E45248N,2022-10-15T00:00:00,0.0,0.092194,0.0,0.0,0,0,0,0,2000-08-20T00:00:00,okay,de l'Argentière,F4N01154E01,None,exists,None,0,818,2022-11-28T09:00:00,Semi-automated glacier classification.; Semi-automatic mapping from Landsat satellite images.,585,European Alps,Friedrich-Alexander University (FAU),0,0,9,11,1,None,G006134E45248N,"Bajracharya, Samjwal","Braun, Matthias H.; Lippl, Stefan; Malz, Philipp; Seehaus, Thorsten C.; Sommer, Christian; Zemp, Michael",2000,ARGENTIÈRE,
glac_bound,1029266,G006985E45951N,2022-10-15T00:00:00,0.0,14.0729,0.0,0.0,0,0,0,0,2000-08-20T00:00:00,okay,de l'Argentière,F4N01235A08,None,exists,None,0,818,2022-11-28T09:00:00,Semi-automated glacier classification.; Semi-automatic mapping from Landsat satellite images.,585,European Alps,Friedrich-Alexander University (FAU),0,0,9,11,1,None,G006985E45951N,"Bajracharya, Samjwal","Braun, Matthias H.; Lippl, Stefan; Malz, Philipp; Seehaus, Thorsten C.; Sommer, Christian; Zemp, Michael",2000,ARGENTIÈRE,
glac_bound,1032333,G006134E45248N,2022-10-15T00:00:00,0.0,0.026518,0.0,0.0,0,0,0,0,2011-07-02T00:00:00,okay,de l'Argentière,F4N01154E01,None,exists,None,0,819,2022-11-28T09:00:00,Semi-automated glacier classification.; Semi-automatic mapping from Landsat satellite images.,585,European Alps,Friedrich-Alexander University (FAU),0,0,9,11,1,None,G006134E45248N,"Bajracharya, Samjwal","Braun, Matthias H.; Lippl, Stefan; Malz, Philipp; Seehaus, Thorsten C.; Sommer, Christian; Zemp, Michael",2011,ARGENTIÈRE,
glac_bound,1032805,G006974E45585N,2022-10-15T00:00:00,0.0,0.016069,0.0,0.0,0,0,0,0,2011-07-02T00:00:00,okay,de l'Argentière,F4N01144B24,None,exists,None,0,819,2022-11-28T09:00:00,Semi-automated glacier classification.; Semi-automatic mapping from Landsat satellite images.,585,European Alps,Friedrich-Alexander University (FAU),0,0,9,11,1,None,G006974E45585N,"Bajracharya, Samjwal","Braun, Matthias H.; Lippl, Stefan; Malz, Philipp; Seehaus, Thorsten C.; Sommer, Christian; Zemp, Michael",2011,ARGENTIÈRE,
glac_bound,1035754,G006134E45248N,2022-10-15T00:00:00,0.0,0.016152,0.0,0.0,0,0,0,0,2014-09-12T00:00:00,okay,de l'Argentière,F4N01154E01,None,exists,None,0,820,2022-11-28T09:00:00,Semi-automated glacier classification.; Semi-automatic mapping from Landsat satellite images.,585,European Alps,Friedrich-Alexander University (FAU),0,0,9,11,1,None,G006134E45248N,"Bajracharya, Samjwal","Braun, Matthias H.; Lippl, Stefan; Malz, Philipp; Seehaus, Thorsten C.; Sommer, Christian; Zemp, Michael",2014,ARGENTIÈRE,
glac_bound,1036180,G006974E45585N,2022-10-15T00:00:00,0.0,0.008702,0.0,0.0,0,0,0,0,2013-09-09T00:00:00,okay,de l'Argentière,F4N01144B24,None,exists,None,0,820,2022-11-28T09:00:00,Semi-automated glacier classification.; Semi-automatic mapping from Landsat satellite images.,585,European Alps,Friedrich-Alexander University (FAU),0,0,9,11,1,None,G006974E45585N,"Bajracharya, Samjwal","Braun, Matthias H.; Lippl, Stefan; Malz, Philipp; Seehaus, Thorsten C.; Sommer, Christian; Zemp, Michael",2013,ARGENTIÈRE,
glac_bound,1077432,G006134E45248N,2023-05-11T00:00:00,0.0,0.063953,0.0,0.0,0,2590,2716,2779,2022-08-12T00:00:00,okay,de l'Argentière,F4N01154E01,None,exists,None,0,859,2023-10-01T09:00:00,Based on 2015 inventory with manual adjustment;,33,French Alps,Laboratoire de Glaciologie et Géophysique de l'Environnement (LGGE),0,0,0,11,1,None,G006134E45248N,"Rabatel, Antoine","Klee, Xavier; Rabatel, Antoine",2022,ARGENTIÈRE,
glac_bound,1077820,G006961E45973N,2023-05-11T00:00:00,0.0,0.264496,0.0,0.0,0,1660,2835,4092,2022-08-12T00:00:00,okay,de l'Argentière,None,None,exists,None,0,859,2023-10-01T09:00:00,Based on 2015 inventory with manual adjustment;,33,French Alps,Laboratoire de Glaciologie et Géophysique de l'Environnement (LGGE),0,0,0,11,1,None,G006985E45951N,"Rabatel, Antoine","Klee, Xavier; Rabatel, Antoine",2022,ARGENTIÈRE,
glac_bound,1077826,G006974E45585N,2023-05-11T00:00:00,0.0,0.050681,0.0,0.0,0,2855,2908,3058,2022-08-12T00:00:00,okay,de l'Argentière,F4N01144B24,None,exists,None,0,859,2023-10-01T09:00:00,Based on 2015 inventory with manual adjustment;,33,French Alps,Laboratoire de Glaciologie et Géophysique de l'Environnement (LGGE),0,0,0,11,1,None,G006974E45585N,"Rabatel, Antoine","Klee, Xavier; Rabatel, Antoine",2022,ARGENTIÈRE,
glac_bound,1077857,G006985E45951N,2023-05-11T00:00:00,0.0,10.7117,0.0,0.0,0,1660,2835,4092,2022-08-12T00:00:00,okay,de l'Argentière,F4N01235A08,None,exists,None,0,859,2023-10-01T09:00:00,Based on 2015 inventory with manual adjustment;,33,French Alps,Laboratoire de Glaciologie et Géophysique de l'Environnement (LGGE),0,0,0,11,1,None,G006985E45951N,"Rabatel, Antoine","Klee, Xavier; Rabatel, Antoine",2022,ARGENTIÈRE,
glac_bound,1078803,G006134E45248N,2013-03-25T00:00:00,0.1281,0.128062,0.0,597.611,0,2585,2709,2813,2003-08-13T00:00:00,okay,de l'Argentière,F4N01154E01,None,exists,None,0,568,2013-12-25T14:08:34,Manual adjustment of the 1985 contour lines for each individual glacier; This submission concerns the glacier outlines in 2003. The shapefiles resulting from the 1985 delineation have been overlaid on the 2003 images displayed with a band combination ass,33,French Alps,Laboratoire de Glaciologie et Géophysique de l'Environnement (LGGE),0,0,9,11,1,None,G006134E45248N,"Rabatel, Antoine","Rabatel, Antoine",2003,ARGENTIÈRE,
glac_bound,1078804,G006134E45248N,2013-03-25T00:00:00,0.1281,0.003543,0.0,597.611,0,2585,2709,2813,2003-08-13T00:00:00,okay,de l'Argentière,F4N01154E01,None,exists,None,0,568,2013-12-25T14:08:34,Manual adjustment of the 1985 contour lines for each individual glacier; This submission concerns the glacier outlines in 2003. The shapefiles resulting from the 1985 delineation have been overlaid on the 2003 images displayed with a band combination ass,33,French Alps,Laboratoire de Glaciologie et Géophysique de l'Environnement (LGGE),0,0,9,11,1,None,G006134E45248N,"Rabatel, Antoine","Rabatel, Antoine",2003,ARGENTIÈRE,
glac_bound,1096009,G006985E45951N,2019-04-15T00:00:00,11.2352,10.9135,0.0,0.0,0,1657,2844,4114,2015-08-29T00:00:00,okay,de l'Argentière,F4N01235A08,None,exists,None,0,710,2019-04-15T09:00:00,Semi-automated glacier classification; The outlines are derived from 8 Sentinel 2 MSI tiles acquired in Aug. 2015.  Topographic information was derived semi-automatically from the 30 m ALOS AW3D30 DEM.,561,Various (GlobGlacier),University of Zurich-Irchel,0,0,9,11,1,None,G006985E45951N,"Paul, Frank","Azzoni, R.S.; Fugazza, D.; Le Bris, Raymond; Nemec, J.; Paul, Frank; Rabatel, Antoine; Ramusovic, M.; Rastner, Philipp; Schaub, Yvonne; Schwaizer (nee Bippus), Gabriele",2015,ARGENTIÈRE,
glac_bound,1096010,G006985E45951N,2019-04-15T00:00:00,11.2352,0.324249,0.0,0.0,0,1657,2844,4114,2015-08-29T00:00:00,okay,de l'Argentière,F4N01235A08,None,exists,None,0,710,2019-04-15T09:00:00,Semi-automated glacier classification; The outlines are derived from 8 Sentinel 2 MSI tiles acquired in Aug. 2015.  Topographic information was derived semi-automatically from the 30 m ALOS AW3D30 DEM.,561,Various (GlobGlacier),University of Zurich-Irchel,0,0,9,11,1,None,G006985E45951N,"Paul, Frank","Azzoni, R.S.; Fugazza, D.; Le Bris, Raymond; Nemec, J.; Paul, Frank; Rabatel, Antoine; Ramusovic, M.; Rastner, Philipp; Schaub, Yvonne; Schwaizer (nee Bippus), Gabriele",2015,ARGENTIÈRE,
glac_bound,1099336,G006985E45951N,2022-10-15T00:00:00,0.0,0.068458,0.0,0.0,0,0,0,0,2013-08-31T00:00:00,okay,de l'Argentière,F4N01235A08,None,exists,None,0,820,2022-11-28T09:00:00,Semi-automated glacier classification.; Semi-automatic mapping from Landsat satellite images.,585,European Alps,Friedrich-Alexander University (FAU),0,0,9,11,1,None,G006985E45951N,"Bajracharya, Samjwal","Braun, Matthias H.; Lippl, Stefan; Malz, Philipp; Seehaus, Thorsten C.; Sommer, Christian; Zemp, Michael",2013,ARGENTIÈRE,
glac_bound,1099337,G006985E45951N,2022-10-15T00:00:00,0.0,0.066197,0.0,0.0,0,0,0,0,2013-08-31T00:00:00,okay,de l'Argentière,F4N01235A08,None,exists,None,0,820,2022-11-28T09:00:00,Semi-automated glacier classification.; Semi-automatic mapping from Landsat satellite images.,585,European Alps,Friedrich-Alexander University (FAU),0,0,9,11,1,None,G006985E45951N,"Bajracharya, Samjwal","Braun, Matthias H.; Lippl, Stefan; Malz, Philipp; Seehaus, Thorsten C.; Sommer, Christian; Zemp, Michael",2013,ARGENTIÈRE,
glac_bound,1099338,G006985E45951N,2022-10-15T00:00:00,0.0,0.030598,0.0,0.0,0,0,0,0,2013-08-31T00:00:00,okay,de l'Argentière,F4N01235A08,None,exists,None,0,820,2022-11-28T09:00:00,Semi-automated glacier classification.; Semi-automatic mapping from Landsat satellite images.,585,European Alps,Friedrich-Alexander University (FAU),0,0,9,11,1,None,G006985E45951N,"Bajracharya, Samjwal","Braun, Matthias H.; Lippl, Stefan; Malz, Philipp; Seehaus, Thorsten C.; Sommer, Christian; Zemp, Michael",2013,ARGENTIÈRE,
glac_bound,1099341,G006985E45951N,2022-10-15T00:00:00,0.0,1.07579,0.0,0.0,0,0,0,0,2013-08-31T00:00:00,okay,de l'Argentière,F4N01235A08,None,exists,None,0,820,2022-11-28T09:00:00,Semi-automated glacier classification.; Semi-automatic mapping from Landsat satellite images.,585,European Alps,Friedrich-Alexander University (FAU),0,0,9,11,1,None,G006985E45951N,"Bajracharya, Samjwal","Braun, Matthias H.; Lippl, Stefan; Malz, Philipp; Seehaus, Thorsten C.; Sommer, Christian; Zemp, Michael",2013,ARGENTIÈRE,
glac_bound,1099339,G006985E45951N,2022-10-15T00:00:00,0.0,9.08756,0.0,0.0,0,0,0,0,2013-08-31T00:00:00,okay,de l'Argentière,F4N01235A08,None,exists,None,0,820,2022-11-28T09:00:00,Semi-automated glacier classification.; Semi-automatic mapping from Landsat satellite images.,585,European Alps,Friedrich-Alexander University (FAU),0,0,9,11,1,None,G006985E45951N,"Bajracharya, Samjwal","Braun, Matthias H.; Lippl, Stefan; Malz, Philipp; Seehaus, Thorsten C.; Sommer, Christian; Zemp, Michael",2013,ARGENTIÈRE,
glac_bound,1099340,G006985E45951N,2022-10-15T00:00:00,0.0,0.735102,0.0,0.0,0,0,0,0,2013-08-31T00:00:00,okay,de l'Argentière,F4N01235A08,None,exists,None,0,820,2022-11-28T09:00:00,Semi-automated glacier classification.; Semi-automatic mapping from Landsat satellite images.,585,European Alps,Friedrich-Alexander University (FAU),0,0,9,11,1,None,G006985E45951N,"Bajracharya, Samjwal","Braun, Matthias H.; Lippl, Stefan; Malz, Philipp; Seehaus, Thorsten C.; Sommer, Christian; Zemp, Michael",2013,ARGENTIÈRE,
glac_bound,1099541,G006974E45585N,2022-10-15T00:00:00,0.0,0.012715,0.0,0.0,0,0,0,0,2000-08-20T00:00:00,okay,de l'Argentière,F4N01144B24,None,exists,None,0,818,2022-11-28T09:00:00,Semi-automated glacier classification.; Semi-automatic mapping from Landsat satellite images.,585,European Alps,Friedrich-Alexander University (FAU),0,0,9,11,1,None,G006974E45585N,"Bajracharya, Samjwal","Braun, Matthias H.; Lippl, Stefan; Malz, Philipp; Seehaus, Thorsten C.; Sommer, Christian; Zemp, Michael",2000,ARGENTIÈRE,
glac_bound,1099539,G006974E45585N,2022-10-15T00:00:00,0.0,0.021407,0.0,0.0,0,0,0,0,2000-08-20T00:00:00,okay,de l'Argentière,F4N01144B24,None,exists,None,0,818,2022-11-28T09:00:00,Semi-automated glacier classification.; Semi-automatic mapping from Landsat satellite images.,585,European Alps,Friedrich-Alexander University (FAU),0,0,9,11,1,None,G006974E45585N,"Bajracharya, Samjwal","Braun, Matthias H.; Lippl, Stefan; Malz, Philipp; Seehaus, Thorsten C.; Sommer, Christian; Zemp, Michael",2000,ARGENTIÈRE,
glac_bound,1099540,G006974E45585N,2022-10-15T00:00:00,0.0,0.109063,0.0,0.0,0,0,0,0,2000-08-20T00:00:00,okay,de l'Argentière,F4N01144B24,None,exists,None,0,818,2022-11-28T09:00:00,Semi-automated glacier classification.; Semi-automatic mapping from Landsat satellite images.,585,European Alps,Friedrich-Alexander University (FAU),0,0,9,11,1,None,G006974E45585N,"Bajracharya, Samjwal","Braun, Matthias H.; Lippl, Stefan; Malz, Philipp; Seehaus, Thorsten C.; Sommer, Christian; Zemp, Michael",2000,ARGENTIÈRE,
glac_bound,1100495,G006985E45951N,2022-10-15T00:00:00,0.0,0.028968,0.0,0.0,0,0,0,0,2011-09-11T00:00:00,okay,de l'Argentière,F4N01235A08,None,exists,None,0,819,2022-11-28T09:00:00,Semi-automated glacier classification.; Semi-automatic mapping from Landsat satellite images.,585,European Alps,Friedrich-Alexander University (FAU),0,0,9,11,1,None,G006985E45951N,"Bajracharya, Samjwal","Braun, Matthias H.; Lippl, Stefan; Malz, Philipp; Seehaus, Thorsten C.; Sommer, Christian; Zemp, Michael",2011,ARGENTIÈRE,
glac_bound,1100496,G006985E45951N,2022-10-15T00:00:00,0.0,0.013246,0.0,0.0,0,0,0,0,2011-09-11T00:00:00,okay,de l'Argentière,F4N01235A08,None,exists,None,0,819,2022-11-28T09:00:00,Semi-automated glacier classification.; Semi-automatic mapping from Landsat satellite images.,585,European Alps,Friedrich-Alexander University (FAU),0,0,9,11,1,None,G006985E45951N,"Bajracharya, Samjwal","Braun, Matthias H.; Lippl, Stefan; Malz, Philipp; Seehaus, Thorsten C.; Sommer, Christian; Zemp, Michael",2011,ARGENTIÈRE,
glac_bound,1100497,G006985E45951N,2022-10-15T00:00:00,0.0,0.019408,0.0,0.0,0,0,0,0,2011-09-11T00:00:00,okay,de l'Argentière,F4N01235A08,None,exists,None,0,819,2022-11-28T09:00:00,Semi-automated glacier classification.; Semi-automatic mapping from Landsat satellite images.,585,European Alps,Friedrich-Alexander University (FAU),0,0,9,11,1,None,G006985E45951N,"Bajracharya, Samjwal","Braun, Matthias H.; Lippl, Stefan; Malz, Philipp; Seehaus, Thorsten C.; Sommer, Christian; Zemp, Michael",2011,ARGENTIÈRE,
glac_bound,1100498,G006985E45951N,2022-10-15T00:00:00,0.0,0.305858,0.0,0.0,0,0,0,0,2011-09-11T00:00:00,okay,de l'Argentière,F4N01235A08,None,exists,None,0,819,2022-11-28T09:00:00,Semi-automated glacier classification.; Semi-automatic mapping from Landsat satellite images.,585,European Alps,Friedrich-Alexander University (FAU),0,0,9,11,1,None,G006985E45951N,"Bajracharya, Samjwal","Braun, Matthias H.; Lippl, Stefan; Malz, Philipp; Seehaus, Thorsten C.; Sommer, Christian; Zemp, Michael",2011,ARGENTIÈRE,
glac_bound,1100499,G006985E45951N,2022-10-15T00:00:00,0.0,1.05914,0.0,0.0,0,0,0,0,2011-09-11T00:00:00,okay,de l'Argentière,F4N01235A08,None,exists,None,0,819,2022-11-28T09:00:00,Semi-automated glacier classification.; Semi-automatic mapping from Landsat satellite images.,585,European Alps,Friedrich-Alexander University (FAU),0,0,9,11,1,None,G006985E45951N,"Bajracharya, Samjwal","Braun, Matthias H.; Lippl, Stefan; Malz, Philipp; Seehaus, Thorsten C.; Sommer, Christian; Zemp, Michael",2011,ARGENTIÈRE,
glac_bound,1100491,G006985E45951N,2022-10-15T00:00:00,0.0,9.09778,0.0,0.0,0,0,0,0,2011-09-11T00:00:00,okay,de l'Argentière,F4N01235A08,None,exists,None,0,819,2022-11-28T09:00:00,Semi-automated glacier classification.; Semi-automatic mapping from Landsat satellite images.,585,European Alps,Friedrich-Alexander University (FAU),0,0,9,11,1,None,G006985E45951N,"Bajracharya, Samjwal","Braun, Matthias H.; Lippl, Stefan; Malz, Philipp; Seehaus, Thorsten C.; Sommer, Christian; Zemp, Michael",2011,ARGENTIÈRE,
glac_bound,1100492,G006985E45951N,2022-10-15T00:00:00,0.0,0.013966,0.0,0.0,0,0,0,0,2011-09-11T00:00:00,okay,de l'Argentière,F4N01235A08,None,exists,None,0,819,2022-11-28T09:00:00,Semi-automated glacier classification.; Semi-automatic mapping from Landsat satellite images.,585,European Alps,Friedrich-Alexander University (FAU),0,0,9,11,1,None,G006985E45951N,"Bajracharya, Samjwal","Braun, Matthias H.; Lippl, Stefan; Malz, Philipp; Seehaus, Thorsten C.; Sommer, Christian; Zemp, Michael",2011,ARGENTIÈRE,
glac_bound,1100493,G006985E45951N,2022-10-15T00:00:00,0.0,0.483427,0.0,0.0,0,0,0,0,2011-09-11T00:00:00,okay,de l'Argentière,F4N01235A08,None,exists,None,0,819,2022-11-28T09:00:00,Semi-automated glacier classification.; Semi-automatic mapping from Landsat satellite images.,585,European Alps,Friedrich-Alexander University (FAU),0,0,9,11,1,None,G006985E45951N,"Bajracharya, Samjwal","Braun, Matthias H.; Lippl, Stefan; Malz, Philipp; Seehaus, Thorsten C.; Sommer, Christian; Zemp, Michael",2011,ARGENTIÈRE,
glac_bound,1100494,G006985E45951N,2022-10-15T00:00:00,0.0,0.04189,0.0,0.0,0,0,0,0,2011-09-11T00:00:00,okay,de l'Argentière,F4N01235A08,None,exists,None,0,819,2022-11-28T09:00:00,Semi-automated glacier classification.; Semi-automatic mapping from Landsat satellite images.,585,European Alps,Friedrich-Alexander University (FAU),0,0,9,11,1,None,G006985E45951N,"Bajracharya, Samjwal","Braun, Matthias H.; Lippl, Stefan; Malz, Philipp; Seehaus, Thorsten C.; Sommer, Christian; Zemp, Michael",2011,ARGENTIÈRE,
glac_bound,121141,G006159E45160N,2013-03-25T00:00:00,2.7969,2.74071,0.0,2727.91,0,2666,3025,3428,2003-08-13T00:00:00,okay,Saint Sorlin,F4N01162B09 + 154D03,None,exists,None,0,568,2013-12-25T14:08:34,Manual adjustment of the 1985 contour lines for each individual glacier; This submission concerns the glacier outlines in 2003. The shapefiles resulting from the 1985 delineation have been overlaid on the 2003 images displayed with a band combination ass,33,French Alps,Laboratoire de Glaciologie et Géophysique de l'Environnement (LGGE),0,0,9,11,1,None,G006159E45160N,"Rabatel, Antoine","Rabatel, Antoine",2003,SAINT SORLIN,
glac_bound,121677,G006159E45160N,2013-03-20T00:00:00,3.08367,3.07293,0.0,2943.48,0,2654,3007,3428,1985-09-28T00:00:00,okay,Saint Sorlin,F4N01162B09 + 154D03,None,exists,None,0,569,2013-12-25T14:01:59,"Automatic delineation using combination of SWIR, NIR, and GREEN; individual checking and manual corrections when necessary; First, NDSI was calculated on the images.  From the resulting maps, glacier outlines were extracted.  Second, the shapefiles resul",33,French Alps,Laboratoire de Glaciologie et Géophysique de l'Environnement (LGGE),0,0,9,11,1,None,G006159E45160N,"Rabatel, Antoine","Rabatel, Antoine",1985,SAINT SORLIN,
glac_bound,328528,G006159E45160N,2010-06-01T00:00:00,2.873,2.87153,0.0,0.0,0,2669,2929,3400,2003-09-21T00:00:00,okay,Saint Sorlin,F4N01162B09 + 154D03,None,exists,None,0,593,2016-02-01T09:00:00,"All glaciers are classified in the main processing stage with a thresholded ratio image and an additional threshold to provide the classification in shadow regions (e.g. Paul and Kaeaeb, 2005); All glaciers are classified in the main processing stage wit",30,European Alps,University of Zurich-Irchel,0,0,9,11,1,None,G006159E45160N,"Paul, Frank","Paul, Frank",2003,SAINT SORLIN,
glac_bound,508130,G006159E45160N,2016-09-01T00:00:00,0.0,2.44314,0.0,0.0,0,2688,0,3441,2004-06-25T00:00:00,okay,Saint Sorlin,F4N01162B09 + 154D03,None,exists,None,0,640,2016-07-05T09:00:00,"; The glacier inventory was developed from orthophotos and satellite imagery.  See Gardent, M., A. Rabatel, J.P. Dedieu, P. Deline (2014). Multitemporal glacier inventory of the French Alps from the late 1960s to the late 2000s.  Global and Planetary Cha",33,French Alps,Laboratoire de Glaciologie et Géophysique de l'Environnement (LGGE),0,0,9,11,1,None,G006159E45160N,"Rabatel, Antoine","Antoine, Rabatel",2004,SAINT SORLIN,
glac_bound,508683,G006159E45160N,2016-09-01T00:00:00,0.0,3.54292,0.0,0.0,0,2634,0,3427,1971-01-01T00:00:00,okay,Saint Sorlin,F4N01162B09 + 154D03,None,exists,None,0,641,2016-07-05T09:00:00,"; The glacier inventory was developed from orthophotos and satellite imagery.  See Gardent, M., A. Rabatel, J.P. Dedieu, P. Deline (2014). Multitemporal glacier inventory of the French Alps from the late 1960s to the late 2000s.  Global and Planetary Cha",33,French Alps,Laboratoire de Glaciologie et Géophysique de l'Environnement (LGGE),0,0,9,11,1,None,G006159E45160N,"Rabatel, Antoine","Antoine, Rabatel",1971,SAINT SORLIN,
glac_bound,706840,G006159E45160N,2019-04-15T00:00:00,2.06709,2.0662,0.0,0.0,0,2695,2937,3443,2015-08-29T00:00:00,okay,Saint Sorlin,F4N01162B09 + 154D03,None,exists,None,0,710,2019-04-15T09:00:00,Semi-automated glacier classification; The outlines are derived from 8 Sentinel 2 MSI tiles acquired in Aug. 2015.  Topographic information was derived semi-automatically from the 30 m ALOS AW3D30 DEM.,561,Various (GlobGlacier),University of Zurich-Irchel,0,0,9,11,1,None,G006159E45160N,"Paul, Frank","Azzoni, R.S.; Fugazza, D.; Le Bris, Raymond; Nemec, J.; Paul, Frank; Rabatel, Antoine; Ramusovic, M.; Rastner, Philipp; Schaub, Yvonne; Schwaizer (nee Bippus), Gabriele",2015,SAINT SORLIN,
glac_bound,752460,G006159E45160N,2021-09-01T00:00:00,2.74188,2.74071,0.0,0.0,0,2661,2923,3453,2003-08-13T00:00:00,okay,Saint Sorlin,F4N01162B09 + 154D03,None,exists,None,0,731,2021-10-09T09:00:00,Semi-automated glacier classification; The outlines are derived from 11 Landsat scenes acquired in 2003.,30,European Alps,University of Zurich-Irchel,0,0,9,11,1,None,G006159E45160N,"Paul, Frank","Frey, Holger; Le Bris, Raymond; Paul, Frank; Rastner, Philipp",2003,SAINT SORLIN,
glac_bound,1028801,G006159E45160N,2022-10-15T00:00:00,0.0,2.74091,0.0,0.0,0,0,0,0,2000-09-12T00:00:00,okay,Saint Sorlin,F4N01162B09 + 154D03,None,exists,None,0,818,2022-11-28T09:00:00,Semi-automated glacier classification.; Semi-automatic mapping from Landsat satellite images.,585,European Alps,Friedrich-Alexander University (FAU),0,0,9,11,1,None,G006159E45160N,"Bajracharya, Samjwal","Braun, Matthias H.; Lippl, Stefan; Malz, Philipp; Seehaus, Thorsten C.; Sommer, Christian; Zemp, Michael",2000,SAINT SORLIN,
glac_bound,1032358,G006159E45160N,2022-10-15T00:00:00,0.0,2.42505,0.0,0.0,0,0,0,0,2011-07-02T00:00:00,okay,Saint Sorlin,F4N01162B09 + 154D03,None,exists,None,0,819,2022-11-28T09:00:00,Semi-automated glacier classification.; Semi-automatic mapping from Landsat satellite images.,585,European Alps,Friedrich-Alexander University (FAU),0,0,9,11,1,None,G006159E45160N,"Bajracharya, Samjwal","Braun, Matthias H.; Lippl, Stefan; Malz, Philipp; Seehaus, Thorsten C.; Sommer, Christian; Zemp, Michael",2011,SAINT SORLIN,
glac_bound,1077453,G006159E45160N,2023-05-11T00:00:00,0.0,1.75801,0.0,0.0,0,2691,2931,3421,2022-08-12T00:00:00,okay,Saint Sorlin,F4N01162B09 + 154D03,None,exists,None,0,859,2023-10-01T09:00:00,Based on 2015 inventory with manual adjustment;,33,French Alps,Laboratoire de Glaciologie et Géophysique de l'Environnement (LGGE),0,0,0,11,1,None,G006159E45160N,"Rabatel, Antoine","Klee, Xavier; Rabatel, Antoine",2022,SAINT SORLIN,
glac_bound,1101367,G006159E45160N,2022-10-15T00:00:00,0.0,1.97962,0.0,0.0,0,0,0,0,2013-08-31T00:00:00,okay,Saint Sorlin,F4N01162B09 + 154D03,None,exists,None,0,820,2022-11-28T09:00:00,Semi-automated glacier classification.; Semi-automatic mapping from Landsat satellite images.,585,European Alps,Friedrich-Alexander University (FAU),0,0,9,11,1,None,G006159E45160N,"Bajracharya, Samjwal","Braun, Matthias H.; Lippl, Stefan; Malz, Philipp; Seehaus, Thorsten C.; Sommer, Christian; Zemp, Michael",2013,SAINT SORLIN,
glac_bound,1101368,G006159E45160N,2022-10-15T00:00:00,0.0,0.10785,0.0,0.0,0,0,0,0,2013-08-31T00:00:00,okay,Saint Sorlin,F4N01162B09 + 154D03,None,exists,None,0,820,2022-11-28T09:00:00,Semi-automated glacier classification.; Semi-automatic mapping from Landsat satellite images.,585,European Alps,Friedrich-Alexander University (FAU),0,0,9,11,1,None,G006159E45160N,"Bajracharya, Samjwal","Braun, Matthias H.; Lippl, Stefan; Malz, Philipp; Seehaus, Thorsten C.; Sommer, Christian; Zemp, Michael",2013,SAINT SORLIN,
glac_bound,329995,G007390E45518N,2010-06-01T00:00:00,0.344,0.344505,0.0,0.0,0,2970,3076,3203,2003-08-13T00:00:00,okay,Ciardoney,None,None,exists,None,0,593,2016-02-01T09:00:00,"All glaciers are classified in the main processing stage with a thresholded ratio image and an additional threshold to provide the classification in shadow regions (e.g. Paul and Kaeaeb, 2005); All glaciers are classified in the main processing stage wit",30,European Alps,University of Zurich-Irchel,0,0,9,11,1,None,None,"Paul, Frank","Paul, Frank",2003,CIARDONEY,
glac_bound,362831,G007390E45518N,2015-06-30T00:00:00,564573.0,0.564447,0.0,1.41,0,2862,3034,3171,2011-09-30T00:00:00,okay,Ciardoney,None,None,exists,None,0,615,2017-02-28T09:00:00,The color orthophotos have been used as base layer in GIS to detect and map glacier boundaries.; The main source of information are high resolution orthophotos. Color orthophotos have been analyzed to mark glacier boundaries. In a few cases satellite ima,511,Italy,Università degli Studi di Milano,0,0,9,11,1,None,None,"Smiraglia, Claudio","Smiraglia, Claudio",2011,CIARDONEY,
glac_bound,707624,G007390E45518N,2019-04-15T00:00:00,0.497642,0.497834,0.0,0.0,0,2912,3054,3226,2017-07-10T00:00:00,okay,Ciardoney,None,None,exists,None,0,710,2019-04-15T09:00:00,Semi-automated glacier classification; The outlines are derived from 8 Sentinel 2 MSI tiles acquired in Aug. 2015.  Topographic information was derived semi-automatically from the 30 m ALOS AW3D30 DEM.,561,Various (GlobGlacier),University of Zurich-Irchel,0,0,9,11,1,None,None,"Paul, Frank","Azzoni, R.S.; Fugazza, D.; Le Bris, Raymond; Nemec, J.; Paul, Frank; Rabatel, Antoine; Ramusovic, M.; Rastner, Philipp; Schaub, Yvonne; Schwaizer (nee Bippus), Gabriele",2017,CIARDONEY,
glac_bound,753403,G007390E45518N,2021-09-01T00:00:00,0.47627,0.47646,0.0,0.0,0,2868,3043,3169,2003-08-13T00:00:00,okay,Ciardoney,None,None,exists,None,0,731,2021-10-09T09:00:00,Semi-automated glacier classification; The outlines are derived from 11 Landsat scenes acquired in 2003.,30,European Alps,University of Zurich-Irchel,0,0,9,11,1,None,None,"Paul, Frank","Frey, Holger; Le Bris, Raymond; Paul, Frank; Rastner, Philipp",2003,CIARDONEY,
glac_bound,1029610,G007390E45518N,2022-10-15T00:00:00,0.0,0.494965,0.0,0.0,0,0,0,0,2000-09-08T00:00:00,okay,Ciardoney,None,None,exists,None,0,818,2022-11-28T09:00:00,Semi-automated glacier classification.; Semi-automatic mapping from Landsat satellite images.,585,European Alps,Friedrich-Alexander University (FAU),0,0,9,11,1,None,None,"Bajracharya, Samjwal","Braun, Matthias H.; Lippl, Stefan; Malz, Philipp; Seehaus, Thorsten C.; Sommer, Christian; Zemp, Michael",2000,CIARDONEY,
glac_bound,1033156,G007390E45518N,2022-10-15T00:00:00,0.0,0.374453,0.0,0.0,0,0,0,0,2011-07-02T00:00:00,okay,Ciardoney,None,None,exists,None,0,819,2022-11-28T09:00:00,Semi-automated glacier classification.; Semi-automatic mapping from Landsat satellite images.,585,European Alps,Friedrich-Alexander University (FAU),0,0,9,11,1,None,None,"Bajracharya, Samjwal","Braun, Matthias H.; Lippl, Stefan; Malz, Philipp; Seehaus, Thorsten C.; Sommer, Christian; Zemp, Michael",2011,CIARDONEY,
glac_bound,1036517,G007390E45518N,2022-10-15T00:00:00,0.0,0.357093,0.0,0.0,0,0,0,0,2014-09-12T00:00:00,okay,Ciardoney,None,None,exists,None,0,820,2022-11-28T09:00:00,Semi-automated glacier classification.; Semi-automatic mapping from Landsat satellite images.,585,European Alps,Friedrich-Alexander University (FAU),0,0,9,11,1,None,None,"Bajracharya, Samjwal","Braun, Matthias H.; Lippl, Stefan; Malz, Philipp; Seehaus, Thorsten C.; Sommer, Christian; Zemp, Michael",2014,CIARDONEY,
glac_bound,510213,G042778E43201N,2017-08-01T00:00:00,0.406521,0.406513,0.0,0.0,0,0,0,0,2014-08-03T07:49:37,okay,Djankuat,SU4G08005063,503a,exists,None,0,642,2017-08-01T09:00:00,"Manual glacier classification.; Using the GIS 10.2.1, manual digitizing of outlines from Landsat 5 TM images, from Earthexplorer (http://earthexplorer.usgs.gov/). In the case of shadows, snow and debris cover we used additional sources such as GPS data,",38,Caucausus Region,Ilia State University,0,0,9,12,1,None,None,"Tielidze, Levan","Tielidze, Levan",2014,DJANKUAT,
glac_bound,57598,G042778E43201N,2005-03-03T23:27:17,0.0,0.429523,0.0,0.0,0,0,0,0,2001-09-15T08:19:11,okay,Djankuat,SU4G08005063,503a,exists,None,0,427,2007-03-13T16:00:00,"; Manual digitizing of outlines from  the ASTER image using additional data: air photos, topomaps, glacier inventory of the fSU.; ASTER L1B has been downloaded to GLIMSView in order to digitize glacier outlines. In the case of shadows and snow we used ad",16,Russian Glaciers (exact boundaries of RC to be defined),Geographical Institute,0,0,9,12,1,None,None,"Khromova, Tatiana","Nosenko, Gennadi (Gennady)",2001,DJANKUAT,
glac_bound,986326,G042779E43200N,2020-12-20T00:00:00,0.013537,0.013533,0.0,0.0,0,0,0,0,2020-09-04T00:00:00,okay,Djankuat,None,None,exists,None,0,774,2021-07-11T09:00:00,"Manual glacier classification.; Sentinel 2B images downloaded from Earthexplorer (http://earthexplorer.usgs.gov/) were used to manually map glacier margins. In the case of shadows, snow, and debris cover we used additional sources such as Google Earth, E",38,Caucausus Region,Ilia State University,0,0,9,12,1,None,G042766E43192N,"Tielidze, Levan","Tielidze, Levan",2020,DJANKUAT,
glac_bound,986321,G042774E43200N,2020-12-20T00:00:00,0.239741,0.239744,0.0,0.0,0,0,0,0,2020-09-04T00:00:00,okay,Djankuat,None,None,exists,None,0,774,2021-07-11T09:00:00,"Manual glacier classification.; Sentinel 2B images downloaded from Earthexplorer (http://earthexplorer.usgs.gov/) were used to manually map glacier margins. In the case of shadows, snow, and debris cover we used additional sources such as Google Earth, E",38,Caucausus Region,Ilia State University,0,0,9,12,1,None,G042766E43192N,"Tielidze, Levan","Tielidze, Levan",2020,DJANKUAT,
glac_bound,509998,G042460E43301N,2017-08-01T00:00:00,0.133454,0.133434,0.0,0.0,0,0,0,0,2014-08-03T07:49:37,okay,Garabashi,None,None,exists,None,0,642,2017-08-01T09:00:00,"Manual glacier classification.; Using the GIS 10.2.1, manual digitizing of outlines from Landsat 5 TM images, from Earthexplorer (http://earthexplorer.usgs.gov/). In the case of shadows, snow and debris cover we used additional sources such as GPS data,",38,Caucausus Region,Ilia State University,0,0,9,12,1,None,None,"Tielidze, Levan","Tielidze, Levan",2014,GARABASHI,
glac_bound,510006,G042470E43302N,2017-08-01T00:00:00,2.32614,2.32557,0.0,0.0,0,0,0,0,2014-08-03T07:49:37,okay,Garabashi,SU4G08005027,None,exists,None,0,642,2017-08-01T09:00:00,"Manual glacier classification.; Using the GIS 10.2.1, manual digitizing of outlines from Landsat 5 TM images, from Earthexplorer (http://earthexplorer.usgs.gov/). In the case of shadows, snow and debris cover we used additional sources such as GPS data,",38,Caucausus Region,Ilia State University,0,0,9,12,1,None,G042470E43302N,"Tielidze, Levan","Tielidze, Levan",2014,GARABASHI,
glac_bound,512063,G042460E43301N,2017-08-01T00:00:00,0.161854,0.16183,0.0,0.0,0,0,0,0,1986-08-06T00:00:00,okay,Garabashi,None,None,exists,None,0,643,2017-08-01T09:00:00,"Manual glacier classification.; Using the GIS 10.2.1, manual digitizing of outlines from Landsat 5 TM images, from Earthexplorer (http://earthexplorer.usgs.gov/). In the case of shadows, snow and debris cover we used additional sources such as GPS data,",38,Caucausus Region,Ilia State University,0,0,9,12,1,None,None,"Tielidze, Levan","Tielidze, Levan",1986,GARABASHI,
glac_bound,512069,G042470E43302N,2017-08-01T00:00:00,2.58986,2.58923,0.0,0.0,0,0,0,0,1986-08-06T00:00:00,okay,Garabashi,SU4G08005027,None,exists,None,0,643,2017-08-01T09:00:00,"Manual glacier classification.; Using the GIS 10.2.1, manual digitizing of outlines from Landsat 5 TM images, from Earthexplorer (http://earthexplorer.usgs.gov/). In the case of shadows, snow and debris cover we used additional sources such as GPS data,",38,Caucausus Region,Ilia State University,0,0,9,12,1,None,G042470E43302N,"Tielidze, Levan","Tielidze, Levan",1986,GARABASHI,
glac_bound,514280,G042470E43302N,2017-08-01T00:00:00,3.13015,3.12939,0.0,0.0,0,0,0,0,1960-01-01T00:00:00,okay,Garabashi,SU4G08005027,None,exists,None,0,644,2017-08-01T09:00:00,"Manual glacier classification.; Using the GIS 10.2.1, manual digitizing of outlines from Landsat 5 TM images, from Earthexplorer (http://earthexplorer.usgs.gov/). In the case of shadows, snow and debris cover we used additional sources such as GPS data,",38,Caucausus Region,Ilia State University,0,0,9,12,1,None,G042470E43302N,"Tielidze, Levan","Tielidze, Levan",1960,GARABASHI,
glac_bound,53048,G042470E43307N,2006-03-31T22:30:32,0.0,5.4095,0.0,0.0,0,0,0,0,2000-09-12T00:00:00,okay,Garabashi,SU4G08005027,27,exists,None,0,341,2006-03-31T23:10:43,"Manual digitizing of outlines from  the Landsat image using additional data: air photos, topomaps, glacier inventory of the fSU.; Landsat 7 image  has been downloaded to GLIMSView in order to digitize glacier outlines. In the case of shadows and snow we",502,Siberian Mountains,Russian Academy of Sciences,0,0,9,12,1,None,None,"Khromova, Tatiana","Seliverstov, Yriy",2000,GARABASHI,
glac_bound,942689,G042470E43307N,2021-09-09T00:00:00,2492820.0,4.63475,0.0,0.0,0,0,0,0,2000-08-12T00:00:00,okay,Garabashi,SU4G08005027,27,exists,None,0,762,2021-09-09T09:00:00,Semi-automated glacier classification.; Caucasus and Middle East outlines from RGI6 revised. Many snow-patch outlines deleted.,38,Caucausus Region,Ilia State University,0,0,9,12,1,None,None,"Tielidze, Levan","Tielidze, Levan",2000,GARABASHI,
glac_bound,942688,G042470E43302N,2021-09-09T00:00:00,129541.0,0.129541,0.0,0.0,0,0,0,0,2000-08-12T00:00:00,okay,Garabashi,SU4G08005027,None,exists,None,0,762,2021-09-09T09:00:00,Semi-automated glacier classification.; Caucasus and Middle East outlines from RGI6 revised. Many snow-patch outlines deleted.,38,Caucausus Region,Ilia State University,0,0,9,12,1,None,G042470E43302N,"Tielidze, Levan","Tielidze, Levan",2000,GARABASHI,
glac_bound,986068,G042470E43302N,2020-12-20T00:00:00,4.04179,4.04083,0.0,0.0,0,0,0,0,2020-09-04T00:00:00,okay,Garabashi,SU4G08005027,None,exists,None,0,774,2021-07-11T09:00:00,"Manual glacier classification.; Sentinel 2B images downloaded from Earthexplorer (http://earthexplorer.usgs.gov/) were used to manually map glacier margins. In the case of shadows, snow, and debris cover we used additional sources such as Google Earth, E",38,Caucausus Region,Ilia State University,0,0,9,12,1,None,G042470E43302N,"Tielidze, Levan","Tielidze, Levan",2020,GARABASHI,
glac_bound,986061,G042469E43301N,2020-12-20T00:00:00,0.022455,0.022455,0.0,0.0,0,0,0,0,2020-09-04T00:00:00,okay,Garabashi,SU4G08005027,None,exists,None,0,774,2021-07-11T09:00:00,"Manual glacier classification.; Sentinel 2B images downloaded from Earthexplorer (http://earthexplorer.usgs.gov/) were used to manually map glacier margins. In the case of shadows, snow, and debris cover we used additional sources such as Google Earth, E",38,Caucausus Region,Ilia State University,0,0,9,12,1,None,None,"Tielidze, Levan","Tielidze, Levan",2020,GARABASHI,
glac_bound,990381,G042470E43302N,2020-10-15T00:00:00,0.0,4.00987,0.0,0.0,0,0,0,0,2018-08-16T00:00:00,okay,Garabashi,SU4G08005027,None,exists,None,0,782,2020-10-15T09:00:00,Manual glacier digitization.; Manual digitization of imagery from Sentinel2.,16,Russian Glaciers (exact boundaries of RC to be defined),Geographical Institute,0,0,9,12,1,None,G042470E43302N,"Khromova, Tatiana","Muraviev, Anton; Nikitin, Stanislav; Nosenko, Gennadi (Gennady)",2018,GARABASHI,
glac_bound,990373,G042469E43301N,2020-10-15T00:00:00,0.0,0.074306,0.0,0.0,0,0,0,0,2018-08-16T00:00:00,okay,Garabashi,SU4G08005027,None,exists,None,0,782,2020-10-15T09:00:00,Manual glacier digitization.; Manual digitization of imagery from Sentinel2.,16,Russian Glaciers (exact boundaries of RC to be defined),Geographical Institute,0,0,9,12,1,None,None,"Khromova, Tatiana","Muraviev, Anton; Nikitin, Stanislav; Nosenko, Gennadi (Gennady)",2018,GARABASHI,
glac_bound,430023,G071570E39610N,2015-07-16T00:00:00,21.345,21.3453,0.0,0.0,0,3648,0,4895,2000-09-16T00:00:00,okay,Abramov Glacier,None,None,exists,None,0,637,2015-07-16T00:00:00,Semi-automated glacier classification.; From Randolph Glacier Inventory Version 5.0. See http://www.glims.org/RGI/. Multispectral classification followed by manual correct for blunders and debris. Metadata was added at NSIDC.,761,Randolph Glacier Inventory; Umbrella RC for merging the RGI into GLIMS,University of Colorado,0,0,9,13,1,91,None,"Cogley, Graham","Bolch, Tobias; Cogley, Graham; Frey, Holger; Guo, Wanqing; Liu, Shiyin; Moelg, Nico; Nuimura, Takayuki; Paul, Frank; Raup, Bruce H.; Sakai, Akiko",2000,ABRAMOV,
glac_bound,814268,G071570E39610N,2018-07-01T00:00:00,0.0,21.3453,0.0,0.0,0,0,0,0,2002-07-10T00:00:00,okay,Abramov Glacier,None,None,exists,None,0,752,2018-08-24T09:00:00,"Semi-automated glacier classification; Semi-automated mapping from optical imagery, with manual editing.",36,Asia,Nagoya University,0,3,9,13,1,None,None,"Sakai, Akiko","Sakai, Akiko",2002,ABRAMOV,
